"area","district","row","col","row_no","col_no","votes"
1,"ANNIESLAND","Conservative and Unionist Party [The]","Conservative and Unionist Party [The]",1,1,1797
1,"ANNIESLAND","Labour Party [The]","Conservative and Unionist Party [The]",2,1,83
1,"ANNIESLAND","Liberal Democrats","Conservative and Unionist Party [The]",3,1,38
1,"ANNIESLAND","Scottish National Party","Conservative and Unionist Party [The]",4,1,27
1,"ANNIESLAND","spoilt","Conservative and Unionist Party [The]",5,1,54
1,"ANNIESLAND","Other","Conservative and Unionist Party [The]",6,1,0
1,"ANNIESLAND","Scottish Green Party","Conservative and Unionist Party [The]",7,1,0
1,"ANNIESLAND","Conservative and Unionist Party [The]","Labour Party [The]",1,2,161
1,"ANNIESLAND","Labour Party [The]","Labour Party [The]",2,2,7964
1,"ANNIESLAND","Liberal Democrats","Labour Party [The]",3,2,122
1,"ANNIESLAND","Scottish National Party","Labour Party [The]",4,2,108
1,"ANNIESLAND","spoilt","Labour Party [The]",5,2,600
1,"ANNIESLAND","Other","Labour Party [The]",6,2,0
1,"ANNIESLAND","Scottish Green Party","Labour Party [The]",7,2,0
1,"ANNIESLAND","Conservative and Unionist Party [The]","Liberal Democrats",1,3,158
1,"ANNIESLAND","Labour Party [The]","Liberal Democrats",2,3,189
1,"ANNIESLAND","Liberal Democrats","Liberal Democrats",3,3,1260
1,"ANNIESLAND","Scottish National Party","Liberal Democrats",4,3,64
1,"ANNIESLAND","spoilt","Liberal Democrats",5,3,56
1,"ANNIESLAND","Other","Liberal Democrats",6,3,0
1,"ANNIESLAND","Scottish Green Party","Liberal Democrats",7,3,0
1,"ANNIESLAND","Conservative and Unionist Party [The]","Other",1,4,639
1,"ANNIESLAND","Labour Party [The]","Other",2,4,1057
1,"ANNIESLAND","Liberal Democrats","Other",3,4,314
1,"ANNIESLAND","Scottish National Party","Other",4,4,700
1,"ANNIESLAND","spoilt","Other",5,4,347
1,"ANNIESLAND","Other","Other",6,4,0
1,"ANNIESLAND","Scottish Green Party","Other",7,4,0
1,"ANNIESLAND","Conservative and Unionist Party [The]","Scottish Green Party",1,5,108
1,"ANNIESLAND","Labour Party [The]","Scottish Green Party",2,5,327
1,"ANNIESLAND","Liberal Democrats","Scottish Green Party",3,5,424
1,"ANNIESLAND","Scottish National Party","Scottish Green Party",4,5,270
1,"ANNIESLAND","spoilt","Scottish Green Party",5,5,68
1,"ANNIESLAND","Other","Scottish Green Party",6,5,0
1,"ANNIESLAND","Scottish Green Party","Scottish Green Party",7,5,0
1,"ANNIESLAND","Conservative and Unionist Party [The]","Scottish National Party",1,6,197
1,"ANNIESLAND","Labour Party [The]","Scottish National Party",2,6,325
1,"ANNIESLAND","Liberal Democrats","Scottish National Party",3,6,148
1,"ANNIESLAND","Scottish National Party","Scottish National Party",4,6,4907
1,"ANNIESLAND","spoilt","Scottish National Party",5,6,388
1,"ANNIESLAND","Other","Scottish National Party",6,6,0
1,"ANNIESLAND","Scottish Green Party","Scottish National Party",7,6,0
1,"ANNIESLAND","Conservative and Unionist Party [The]","spoilt",1,7,94
1,"ANNIESLAND","Labour Party [The]","spoilt",2,7,538
1,"ANNIESLAND","Liberal Democrats","spoilt",3,7,19
1,"ANNIESLAND","Scottish National Party","spoilt",4,7,101
1,"ANNIESLAND","spoilt","spoilt",5,7,223
1,"ANNIESLAND","Other","spoilt",6,7,0
1,"ANNIESLAND","Scottish Green Party","spoilt",7,7,0
2,"AYR","Conservative and Unionist Party [The]","Conservative and Unionist Party [The]",1,1,8719
2,"AYR","Labour Party [The]","Conservative and Unionist Party [The]",2,1,49
2,"AYR","Liberal Democrats","Conservative and Unionist Party [The]",3,1,38
2,"AYR","Scottish National Party","Conservative and Unionist Party [The]",4,1,56
2,"AYR","spoilt","Conservative and Unionist Party [The]",5,1,121
2,"AYR","Other","Conservative and Unionist Party [The]",6,1,0
2,"AYR","Scottish Green Party","Conservative and Unionist Party [The]",7,1,0
2,"AYR","Conservative and Unionist Party [The]","Labour Party [The]",1,2,841
2,"AYR","Labour Party [The]","Labour Party [The]",2,2,7443
2,"AYR","Liberal Democrats","Labour Party [The]",3,2,91
2,"AYR","Scottish National Party","Labour Party [The]",4,2,213
2,"AYR","spoilt","Labour Party [The]",5,2,283
2,"AYR","Other","Labour Party [The]",6,2,0
2,"AYR","Scottish Green Party","Labour Party [The]",7,2,0
2,"AYR","Conservative and Unionist Party [The]","Liberal Democrats",1,3,384
2,"AYR","Labour Party [The]","Liberal Democrats",2,3,83
2,"AYR","Liberal Democrats","Liberal Democrats",3,3,1056
2,"AYR","Scottish National Party","Liberal Democrats",4,3,64
2,"AYR","spoilt","Liberal Democrats",5,3,14
2,"AYR","Other","Liberal Democrats",6,3,0
2,"AYR","Scottish Green Party","Liberal Democrats",7,3,0
2,"AYR","Conservative and Unionist Party [The]","Other",1,4,876
2,"AYR","Labour Party [The]","Other",2,4,492
2,"AYR","Liberal Democrats","Other",3,4,195
2,"AYR","Scottish National Party","Other",4,4,551
2,"AYR","spoilt","Other",5,4,109
2,"AYR","Other","Other",6,4,0
2,"AYR","Scottish Green Party","Other",7,4,0
2,"AYR","Conservative and Unionist Party [The]","Scottish Green Party",1,5,213
2,"AYR","Labour Party [The]","Scottish Green Party",2,5,148
2,"AYR","Liberal Democrats","Scottish Green Party",3,5,214
2,"AYR","Scottish National Party","Scottish Green Party",4,5,242
2,"AYR","spoilt","Scottish Green Party",5,5,23
2,"AYR","Other","Scottish Green Party",6,5,0
2,"AYR","Scottish Green Party","Scottish Green Party",7,5,0
2,"AYR","Conservative and Unionist Party [The]","Scottish National Party",1,6,1261
2,"AYR","Labour Party [The]","Scottish National Party",2,6,259
2,"AYR","Liberal Democrats","Scottish National Party",3,6,122
2,"AYR","Scottish National Party","Scottish National Party",4,6,6734
2,"AYR","spoilt","Scottish National Party",5,6,184
2,"AYR","Other","Scottish National Party",6,6,0
2,"AYR","Scottish Green Party","Scottish National Party",7,6,0
2,"AYR","Conservative and Unionist Party [The]","spoilt",1,7,325
2,"AYR","Labour Party [The]","spoilt",2,7,239
2,"AYR","Liberal Democrats","spoilt",3,7,25
2,"AYR","Scottish National Party","spoilt",4,7,92
2,"AYR","spoilt","spoilt",5,7,139
2,"AYR","Other","spoilt",6,7,0
2,"AYR","Scottish Green Party","spoilt",7,7,0
3,"Aberdeen Central","Conservative and Unionist Party [The]","Conservative and Unionist Party [The]",1,1,1840
3,"Aberdeen Central","Labour Party [The]","Conservative and Unionist Party [The]",2,1,134
3,"Aberdeen Central","Liberal Democrats","Conservative and Unionist Party [The]",3,1,162
3,"Aberdeen Central","Scottish National Party","Conservative and Unionist Party [The]",4,1,30
3,"Aberdeen Central","spoilt","Conservative and Unionist Party [The]",5,1,40
3,"Aberdeen Central","Other","Conservative and Unionist Party [The]",6,1,0
3,"Aberdeen Central","Scottish Green Party","Conservative and Unionist Party [The]",7,1,0
3,"Aberdeen Central","Conservative and Unionist Party [The]","Labour Party [The]",1,2,58
3,"Aberdeen Central","Labour Party [The]","Labour Party [The]",2,2,5719
3,"Aberdeen Central","Liberal Democrats","Labour Party [The]",3,2,261
3,"Aberdeen Central","Scottish National Party","Labour Party [The]",4,2,90
3,"Aberdeen Central","spoilt","Labour Party [The]",5,2,211
3,"Aberdeen Central","Other","Labour Party [The]",6,2,0
3,"Aberdeen Central","Scottish Green Party","Labour Party [The]",7,2,0
3,"Aberdeen Central","Conservative and Unionist Party [The]","Liberal Democrats",1,3,62
3,"Aberdeen Central","Labour Party [The]","Liberal Democrats",2,3,242
3,"Aberdeen Central","Liberal Democrats","Liberal Democrats",3,3,3102
3,"Aberdeen Central","Scottish National Party","Liberal Democrats",4,3,94
3,"Aberdeen Central","spoilt","Liberal Democrats",5,3,52
3,"Aberdeen Central","Other","Liberal Democrats",6,3,0
3,"Aberdeen Central","Scottish Green Party","Liberal Democrats",7,3,0
3,"Aberdeen Central","Conservative and Unionist Party [The]","Other",1,4,170
3,"Aberdeen Central","Labour Party [The]","Other",2,4,377
3,"Aberdeen Central","Liberal Democrats","Other",3,4,244
3,"Aberdeen Central","Scottish National Party","Other",4,4,308
3,"Aberdeen Central","spoilt","Other",5,4,101
3,"Aberdeen Central","Other","Other",6,4,0
3,"Aberdeen Central","Scottish Green Party","Other",7,4,0
3,"Aberdeen Central","Conservative and Unionist Party [The]","Scottish Green Party",1,5,55
3,"Aberdeen Central","Labour Party [The]","Scottish Green Party",2,5,236
3,"Aberdeen Central","Liberal Democrats","Scottish Green Party",3,5,462
3,"Aberdeen Central","Scottish National Party","Scottish Green Party",4,5,201
3,"Aberdeen Central","spoilt","Scottish Green Party",5,5,34
3,"Aberdeen Central","Other","Scottish Green Party",6,5,0
3,"Aberdeen Central","Scottish Green Party","Scottish Green Party",7,5,0
3,"Aberdeen Central","Conservative and Unionist Party [The]","Scottish National Party",1,6,116
3,"Aberdeen Central","Labour Party [The]","Scottish National Party",2,6,295
3,"Aberdeen Central","Liberal Democrats","Scottish National Party",3,6,423
3,"Aberdeen Central","Scottish National Party","Scottish National Party",4,6,6035
3,"Aberdeen Central","spoilt","Scottish National Party",5,6,211
3,"Aberdeen Central","Other","Scottish National Party",6,6,0
3,"Aberdeen Central","Scottish Green Party","Scottish National Party",7,6,0
3,"Aberdeen Central","Conservative and Unionist Party [The]","spoilt",1,7,44
3,"Aberdeen Central","Labour Party [The]","spoilt",2,7,229
3,"Aberdeen Central","Liberal Democrats","spoilt",3,7,39
3,"Aberdeen Central","Scottish National Party","spoilt",4,7,92
3,"Aberdeen Central","spoilt","spoilt",5,7,127
3,"Aberdeen Central","Other","spoilt",6,7,0
3,"Aberdeen Central","Scottish Green Party","spoilt",7,7,0
4,"Aberdeen North","Conservative and Unionist Party [The]","Conservative and Unionist Party [The]",1,1,1520
4,"Aberdeen North","Labour Party [The]","Conservative and Unionist Party [The]",2,1,65
4,"Aberdeen North","Liberal Democrats","Conservative and Unionist Party [The]",3,1,107
4,"Aberdeen North","Scottish National Party","Conservative and Unionist Party [The]",4,1,71
4,"Aberdeen North","spoilt","Conservative and Unionist Party [The]",5,1,54
4,"Aberdeen North","Other","Conservative and Unionist Party [The]",6,1,0
4,"Aberdeen North","Scottish Green Party","Conservative and Unionist Party [The]",7,1,0
4,"Aberdeen North","Conservative and Unionist Party [The]","Labour Party [The]",1,2,53
4,"Aberdeen North","Labour Party [The]","Labour Party [The]",2,2,6512
4,"Aberdeen North","Liberal Democrats","Labour Party [The]",3,2,236
4,"Aberdeen North","Scottish National Party","Labour Party [The]",4,2,282
4,"Aberdeen North","spoilt","Labour Party [The]",5,2,366
4,"Aberdeen North","Other","Labour Party [The]",6,2,0
4,"Aberdeen North","Scottish Green Party","Labour Party [The]",7,2,0
4,"Aberdeen North","Conservative and Unionist Party [The]","Liberal Democrats",1,3,63
4,"Aberdeen North","Labour Party [The]","Liberal Democrats",2,3,153
4,"Aberdeen North","Liberal Democrats","Liberal Democrats",3,3,2791
4,"Aberdeen North","Scottish National Party","Liberal Democrats",4,3,183
4,"Aberdeen North","spoilt","Liberal Democrats",5,3,81
4,"Aberdeen North","Other","Liberal Democrats",6,3,0
4,"Aberdeen North","Scottish Green Party","Liberal Democrats",7,3,0
4,"Aberdeen North","Conservative and Unionist Party [The]","Other",1,4,204
4,"Aberdeen North","Labour Party [The]","Other",2,4,384
4,"Aberdeen North","Liberal Democrats","Other",3,4,231
4,"Aberdeen North","Scottish National Party","Other",4,4,408
4,"Aberdeen North","spoilt","Other",5,4,123
4,"Aberdeen North","Other","Other",6,4,0
4,"Aberdeen North","Scottish Green Party","Other",7,4,0
4,"Aberdeen North","Conservative and Unionist Party [The]","Scottish Green Party",1,5,44
4,"Aberdeen North","Labour Party [The]","Scottish Green Party",2,5,109
4,"Aberdeen North","Liberal Democrats","Scottish Green Party",3,5,157
4,"Aberdeen North","Scottish National Party","Scottish Green Party",4,5,120
4,"Aberdeen North","spoilt","Scottish Green Party",5,5,15
4,"Aberdeen North","Other","Scottish Green Party",6,5,0
4,"Aberdeen North","Scottish Green Party","Scottish Green Party",7,5,0
4,"Aberdeen North","Conservative and Unionist Party [The]","Scottish National Party",1,6,74
4,"Aberdeen North","Labour Party [The]","Scottish National Party",2,6,216
4,"Aberdeen North","Liberal Democrats","Scottish National Party",3,6,272
4,"Aberdeen North","Scottish National Party","Scottish National Party",4,6,10155
4,"Aberdeen North","spoilt","Scottish National Party",5,6,356
4,"Aberdeen North","Other","Scottish National Party",6,6,0
4,"Aberdeen North","Scottish Green Party","Scottish National Party",7,6,0
4,"Aberdeen North","Conservative and Unionist Party [The]","spoilt",1,7,34
4,"Aberdeen North","Labour Party [The]","spoilt",2,7,218
4,"Aberdeen North","Liberal Democrats","spoilt",3,7,42
4,"Aberdeen North","Scottish National Party","spoilt",4,7,187
4,"Aberdeen North","spoilt","spoilt",5,7,178
4,"Aberdeen North","Other","spoilt",6,7,0
4,"Aberdeen North","Scottish Green Party","spoilt",7,7,0
5,"Aberdeen South","Conservative and Unionist Party [The]","Conservative and Unionist Party [The]",1,1,4293
5,"Aberdeen South","Labour Party [The]","Conservative and Unionist Party [The]",2,1,54
5,"Aberdeen South","Liberal Democrats","Conservative and Unionist Party [The]",3,1,546
5,"Aberdeen South","Scottish National Party","Conservative and Unionist Party [The]",4,1,34
5,"Aberdeen South","spoilt","Conservative and Unionist Party [The]",5,1,87
5,"Aberdeen South","Other","Conservative and Unionist Party [The]",6,1,0
5,"Aberdeen South","Scottish Green Party","Conservative and Unionist Party [The]",7,1,0
5,"Aberdeen South","Conservative and Unionist Party [The]","Labour Party [The]",1,2,124
5,"Aberdeen South","Labour Party [The]","Labour Party [The]",2,2,4591
5,"Aberdeen South","Liberal Democrats","Labour Party [The]",3,2,1167
5,"Aberdeen South","Scottish National Party","Labour Party [The]",4,2,129
5,"Aberdeen South","spoilt","Labour Party [The]",5,2,280
5,"Aberdeen South","Other","Labour Party [The]",6,2,0
5,"Aberdeen South","Scottish Green Party","Labour Party [The]",7,2,0
5,"Aberdeen South","Conservative and Unionist Party [The]","Liberal Democrats",1,3,95
5,"Aberdeen South","Labour Party [The]","Liberal Democrats",2,3,66
5,"Aberdeen South","Liberal Democrats","Liberal Democrats",3,3,6498
5,"Aberdeen South","Scottish National Party","Liberal Democrats",4,3,45
5,"Aberdeen South","spoilt","Liberal Democrats",5,3,115
5,"Aberdeen South","Other","Liberal Democrats",6,3,0
5,"Aberdeen South","Scottish Green Party","Liberal Democrats",7,3,0
5,"Aberdeen South","Conservative and Unionist Party [The]","Other",1,4,350
5,"Aberdeen South","Labour Party [The]","Other",2,4,282
5,"Aberdeen South","Liberal Democrats","Other",3,4,433
5,"Aberdeen South","Scottish National Party","Other",4,4,336
5,"Aberdeen South","spoilt","Other",5,4,112
5,"Aberdeen South","Other","Other",6,4,0
5,"Aberdeen South","Scottish Green Party","Other",7,4,0
5,"Aberdeen South","Conservative and Unionist Party [The]","Scottish Green Party",1,5,169
5,"Aberdeen South","Labour Party [The]","Scottish Green Party",2,5,200
5,"Aberdeen South","Liberal Democrats","Scottish Green Party",3,5,599
5,"Aberdeen South","Scottish National Party","Scottish Green Party",4,5,206
5,"Aberdeen South","spoilt","Scottish Green Party",5,5,63
5,"Aberdeen South","Other","Scottish Green Party",6,5,0
5,"Aberdeen South","Scottish Green Party","Scottish Green Party",7,5,0
5,"Aberdeen South","Conservative and Unionist Party [The]","Scottish National Party",1,6,323
5,"Aberdeen South","Labour Party [The]","Scottish National Party",2,6,165
5,"Aberdeen South","Liberal Democrats","Scottish National Party",3,6,1391
5,"Aberdeen South","Scottish National Party","Scottish National Party",4,6,7241
5,"Aberdeen South","spoilt","Scottish National Party",5,6,329
5,"Aberdeen South","Other","Scottish National Party",6,6,0
5,"Aberdeen South","Scottish Green Party","Scottish National Party",7,6,0
5,"Aberdeen South","Conservative and Unionist Party [The]","spoilt",1,7,78
5,"Aberdeen South","Labour Party [The]","spoilt",2,7,141
5,"Aberdeen South","Liberal Democrats","spoilt",3,7,209
5,"Aberdeen South","Scottish National Party","spoilt",4,7,120
5,"Aberdeen South","spoilt","spoilt",5,7,153
5,"Aberdeen South","Other","spoilt",6,7,0
5,"Aberdeen South","Scottish Green Party","spoilt",7,7,0
6,"Airdrie and Shotts","Conservative and Unionist Party [The]","Conservative and Unionist Party [The]",1,1,1517
6,"Airdrie and Shotts","Labour Party [The]","Conservative and Unionist Party [The]",2,1,126
6,"Airdrie and Shotts","Liberal Democrats","Conservative and Unionist Party [The]",3,1,35
6,"Airdrie and Shotts","Scottish National Party","Conservative and Unionist Party [The]",4,1,223
6,"Airdrie and Shotts","spoilt","Conservative and Unionist Party [The]",5,1,62
6,"Airdrie and Shotts","Other","Conservative and Unionist Party [The]",6,1,32
6,"Airdrie and Shotts","Scottish Green Party","Conservative and Unionist Party [The]",7,1,0
6,"Airdrie and Shotts","Conservative and Unionist Party [The]","Labour Party [The]",1,2,61
6,"Airdrie and Shotts","Labour Party [The]","Labour Party [The]",2,2,9565
6,"Airdrie and Shotts","Liberal Democrats","Labour Party [The]",3,2,130
6,"Airdrie and Shotts","Scottish National Party","Labour Party [The]",4,2,564
6,"Airdrie and Shotts","spoilt","Labour Party [The]",5,2,612
6,"Airdrie and Shotts","Other","Labour Party [The]",6,2,104
6,"Airdrie and Shotts","Scottish Green Party","Labour Party [The]",7,2,0
6,"Airdrie and Shotts","Conservative and Unionist Party [The]","Liberal Democrats",1,3,28
6,"Airdrie and Shotts","Labour Party [The]","Liberal Democrats",2,3,122
6,"Airdrie and Shotts","Liberal Democrats","Liberal Democrats",3,3,834
6,"Airdrie and Shotts","Scottish National Party","Liberal Democrats",4,3,163
6,"Airdrie and Shotts","spoilt","Liberal Democrats",5,3,40
6,"Airdrie and Shotts","Other","Liberal Democrats",6,3,21
6,"Airdrie and Shotts","Scottish Green Party","Liberal Democrats",7,3,0
6,"Airdrie and Shotts","Conservative and Unionist Party [The]","Other",1,4,604
6,"Airdrie and Shotts","Labour Party [The]","Other",2,4,1211
6,"Airdrie and Shotts","Liberal Democrats","Other",3,4,301
6,"Airdrie and Shotts","Scottish National Party","Other",4,4,1397
6,"Airdrie and Shotts","spoilt","Other",5,4,284
6,"Airdrie and Shotts","Other","Other",6,4,655
6,"Airdrie and Shotts","Scottish Green Party","Other",7,4,0
6,"Airdrie and Shotts","Conservative and Unionist Party [The]","Scottish Green Party",1,5,27
6,"Airdrie and Shotts","Labour Party [The]","Scottish Green Party",2,5,126
6,"Airdrie and Shotts","Liberal Democrats","Scottish Green Party",3,5,86
6,"Airdrie and Shotts","Scottish National Party","Scottish Green Party",4,5,148
6,"Airdrie and Shotts","spoilt","Scottish Green Party",5,5,16
6,"Airdrie and Shotts","Other","Scottish Green Party",6,5,50
6,"Airdrie and Shotts","Scottish Green Party","Scottish Green Party",7,5,0
6,"Airdrie and Shotts","Conservative and Unionist Party [The]","Scottish National Party",1,6,79
6,"Airdrie and Shotts","Labour Party [The]","Scottish National Party",2,6,318
6,"Airdrie and Shotts","Liberal Democrats","Scottish National Party",3,6,56
6,"Airdrie and Shotts","Scottish National Party","Scottish National Party",4,6,7772
6,"Airdrie and Shotts","spoilt","Scottish National Party",5,6,284
6,"Airdrie and Shotts","Other","Scottish National Party",6,6,96
6,"Airdrie and Shotts","Scottish Green Party","Scottish National Party",7,6,0
6,"Airdrie and Shotts","Conservative and Unionist Party [The]","spoilt",1,7,54
6,"Airdrie and Shotts","Labour Party [The]","spoilt",2,7,439
6,"Airdrie and Shotts","Liberal Democrats","spoilt",3,7,10
6,"Airdrie and Shotts","Scottish National Party","spoilt",4,7,194
6,"Airdrie and Shotts","spoilt","spoilt",5,7,238
6,"Airdrie and Shotts","Other","spoilt",6,7,12
6,"Airdrie and Shotts","Scottish Green Party","spoilt",7,7,0
7,"Angus","Conservative and Unionist Party [The]","Conservative and Unionist Party [The]",1,1,5911
7,"Angus","Labour Party [The]","Conservative and Unionist Party [The]",2,1,41
7,"Angus","Liberal Democrats","Conservative and Unionist Party [The]",3,1,123
7,"Angus","Scottish National Party","Conservative and Unionist Party [The]",4,1,355
7,"Angus","spoilt","Conservative and Unionist Party [The]",5,1,110
7,"Angus","Other","Conservative and Unionist Party [The]",6,1,0
7,"Angus","Scottish Green Party","Conservative and Unionist Party [The]",7,1,0
7,"Angus","Conservative and Unionist Party [The]","Labour Party [The]",1,2,252
7,"Angus","Labour Party [The]","Labour Party [The]",2,2,4252
7,"Angus","Liberal Democrats","Labour Party [The]",3,2,250
7,"Angus","Scottish National Party","Labour Party [The]",4,2,897
7,"Angus","spoilt","Labour Party [The]",5,2,180
7,"Angus","Other","Labour Party [The]",6,2,0
7,"Angus","Scottish Green Party","Labour Party [The]",7,2,0
7,"Angus","Conservative and Unionist Party [The]","Liberal Democrats",1,3,168
7,"Angus","Labour Party [The]","Liberal Democrats",2,3,46
7,"Angus","Liberal Democrats","Liberal Democrats",3,3,2446
7,"Angus","Scottish National Party","Liberal Democrats",4,3,431
7,"Angus","spoilt","Liberal Democrats",5,3,33
7,"Angus","Other","Liberal Democrats",6,3,0
7,"Angus","Scottish Green Party","Liberal Democrats",7,3,0
7,"Angus","Conservative and Unionist Party [The]","Other",1,4,596
7,"Angus","Labour Party [The]","Other",2,4,329
7,"Angus","Liberal Democrats","Other",3,4,386
7,"Angus","Scottish National Party","Other",4,4,811
7,"Angus","spoilt","Other",5,4,109
7,"Angus","Other","Other",6,4,0
7,"Angus","Scottish Green Party","Other",7,4,0
7,"Angus","Conservative and Unionist Party [The]","Scottish Green Party",1,5,157
7,"Angus","Labour Party [The]","Scottish Green Party",2,5,152
7,"Angus","Liberal Democrats","Scottish Green Party",3,5,377
7,"Angus","Scottish National Party","Scottish Green Party",4,5,416
7,"Angus","spoilt","Scottish Green Party",5,5,33
7,"Angus","Other","Scottish Green Party",6,5,0
7,"Angus","Scottish Green Party","Scottish Green Party",7,5,0
7,"Angus","Conservative and Unionist Party [The]","Scottish National Party",1,6,251
7,"Angus","Labour Party [The]","Scottish National Party",2,6,91
7,"Angus","Liberal Democrats","Scottish National Party",3,6,169
7,"Angus","Scottish National Party","Scottish National Party",4,6,12544
7,"Angus","spoilt","Scottish National Party",5,6,276
7,"Angus","Other","Scottish National Party",6,6,0
7,"Angus","Scottish Green Party","Scottish National Party",7,6,0
7,"Angus","Conservative and Unionist Party [The]","spoilt",1,7,108
7,"Angus","Labour Party [The]","spoilt",2,7,121
7,"Angus","Liberal Democrats","spoilt",3,7,48
7,"Angus","Scottish National Party","spoilt",4,7,232
7,"Angus","spoilt","spoilt",5,7,132
7,"Angus","Other","spoilt",6,7,0
7,"Angus","Scottish Green Party","spoilt",7,7,0
8,"Argyll and Bute","Conservative and Unionist Party [The]","Conservative and Unionist Party [The]",1,1,4017
8,"Argyll and Bute","Labour Party [The]","Conservative and Unionist Party [The]",2,1,44
8,"Argyll and Bute","Liberal Democrats","Conservative and Unionist Party [The]",3,1,498
8,"Argyll and Bute","Scottish National Party","Conservative and Unionist Party [The]",4,1,101
8,"Argyll and Bute","spoilt","Conservative and Unionist Party [The]",5,1,96
8,"Argyll and Bute","Other","Conservative and Unionist Party [The]",6,1,0
8,"Argyll and Bute","Scottish Green Party","Conservative and Unionist Party [The]",7,1,0
8,"Argyll and Bute","Conservative and Unionist Party [The]","Labour Party [The]",1,2,124
8,"Argyll and Bute","Labour Party [The]","Labour Party [The]",2,2,3120
8,"Argyll and Bute","Liberal Democrats","Labour Party [The]",3,2,1142
8,"Argyll and Bute","Scottish National Party","Labour Party [The]",4,2,143
8,"Argyll and Bute","spoilt","Labour Party [The]",5,2,164
8,"Argyll and Bute","Other","Labour Party [The]",6,2,0
8,"Argyll and Bute","Scottish Green Party","Labour Party [The]",7,2,0
8,"Argyll and Bute","Conservative and Unionist Party [The]","Liberal Democrats",1,3,158
8,"Argyll and Bute","Labour Party [The]","Liberal Democrats",2,3,92
8,"Argyll and Bute","Liberal Democrats","Liberal Democrats",3,3,4781
8,"Argyll and Bute","Scottish National Party","Liberal Democrats",4,3,108
8,"Argyll and Bute","spoilt","Liberal Democrats",5,3,70
8,"Argyll and Bute","Other","Liberal Democrats",6,3,0
8,"Argyll and Bute","Scottish Green Party","Liberal Democrats",7,3,0
8,"Argyll and Bute","Conservative and Unionist Party [The]","Other",1,4,656
8,"Argyll and Bute","Labour Party [The]","Other",2,4,418
8,"Argyll and Bute","Liberal Democrats","Other",3,4,816
8,"Argyll and Bute","Scottish National Party","Other",4,4,622
8,"Argyll and Bute","spoilt","Other",5,4,151
8,"Argyll and Bute","Other","Other",6,4,0
8,"Argyll and Bute","Scottish Green Party","Other",7,4,0
8,"Argyll and Bute","Conservative and Unionist Party [The]","Scottish Green Party",1,5,123
8,"Argyll and Bute","Labour Party [The]","Scottish Green Party",2,5,149
8,"Argyll and Bute","Liberal Democrats","Scottish Green Party",3,5,637
8,"Argyll and Bute","Scottish National Party","Scottish Green Party",4,5,309
8,"Argyll and Bute","spoilt","Scottish Green Party",5,5,27
8,"Argyll and Bute","Other","Scottish Green Party",6,5,0
8,"Argyll and Bute","Scottish Green Party","Scottish Green Party",7,5,0
8,"Argyll and Bute","Conservative and Unionist Party [The]","Scottish National Party",1,6,326
8,"Argyll and Bute","Labour Party [The]","Scottish National Party",2,6,167
8,"Argyll and Bute","Liberal Democrats","Scottish National Party",3,6,1032
8,"Argyll and Bute","Scottish National Party","Scottish National Party",4,6,8488
8,"Argyll and Bute","spoilt","Scottish National Party",5,6,232
8,"Argyll and Bute","Other","Scottish National Party",6,6,0
8,"Argyll and Bute","Scottish Green Party","Scottish National Party",7,6,0
8,"Argyll and Bute","Conservative and Unionist Party [The]","spoilt",1,7,167
8,"Argyll and Bute","Labour Party [The]","spoilt",2,7,158
8,"Argyll and Bute","Liberal Democrats","spoilt",3,7,223
8,"Argyll and Bute","Scottish National Party","spoilt",4,7,173
8,"Argyll and Bute","spoilt","spoilt",5,7,160
8,"Argyll and Bute","Other","spoilt",6,7,0
8,"Argyll and Bute","Scottish Green Party","spoilt",7,7,0
9,"BAILLIESTON","Conservative and Unionist Party [The]","Conservative and Unionist Party [The]",1,1,797
9,"BAILLIESTON","Labour Party [The]","Conservative and Unionist Party [The]",2,1,64
9,"BAILLIESTON","Liberal Democrats","Conservative and Unionist Party [The]",3,1,22
9,"BAILLIESTON","Scottish National Party","Conservative and Unionist Party [The]",4,1,38
9,"BAILLIESTON","spoilt","Conservative and Unionist Party [The]",5,1,92
9,"BAILLIESTON","Other","Conservative and Unionist Party [The]",6,1,25
9,"BAILLIESTON","Scottish Green Party","Conservative and Unionist Party [The]",7,1,0
9,"BAILLIESTON","Conservative and Unionist Party [The]","Labour Party [The]",1,2,36
9,"BAILLIESTON","Labour Party [The]","Labour Party [The]",2,2,7093
9,"BAILLIESTON","Liberal Democrats","Labour Party [The]",3,2,83
9,"BAILLIESTON","Scottish National Party","Labour Party [The]",4,2,143
9,"BAILLIESTON","spoilt","Labour Party [The]",5,2,677
9,"BAILLIESTON","Other","Labour Party [The]",6,2,40
9,"BAILLIESTON","Scottish Green Party","Labour Party [The]",7,2,0
9,"BAILLIESTON","Conservative and Unionist Party [The]","Liberal Democrats",1,3,12
9,"BAILLIESTON","Labour Party [The]","Liberal Democrats",2,3,75
9,"BAILLIESTON","Liberal Democrats","Liberal Democrats",3,3,542
9,"BAILLIESTON","Scottish National Party","Liberal Democrats",4,3,48
9,"BAILLIESTON","spoilt","Liberal Democrats",5,3,39
9,"BAILLIESTON","Other","Liberal Democrats",6,3,9
9,"BAILLIESTON","Scottish Green Party","Liberal Democrats",7,3,0
9,"BAILLIESTON","Conservative and Unionist Party [The]","Other",1,4,335
9,"BAILLIESTON","Labour Party [The]","Other",2,4,990
9,"BAILLIESTON","Liberal Democrats","Other",3,4,241
9,"BAILLIESTON","Scottish National Party","Other",4,4,717
9,"BAILLIESTON","spoilt","Other",5,4,436
9,"BAILLIESTON","Other","Other",6,4,437
9,"BAILLIESTON","Scottish Green Party","Other",7,4,0
9,"BAILLIESTON","Conservative and Unionist Party [The]","Scottish Green Party",1,5,27
9,"BAILLIESTON","Labour Party [The]","Scottish Green Party",2,5,140
9,"BAILLIESTON","Liberal Democrats","Scottish Green Party",3,5,69
9,"BAILLIESTON","Scottish National Party","Scottish Green Party",4,5,106
9,"BAILLIESTON","spoilt","Scottish Green Party",5,5,35
9,"BAILLIESTON","Other","Scottish Green Party",6,5,11
9,"BAILLIESTON","Scottish Green Party","Scottish Green Party",7,5,0
9,"BAILLIESTON","Conservative and Unionist Party [The]","Scottish National Party",1,6,33
9,"BAILLIESTON","Labour Party [The]","Scottish National Party",2,6,275
9,"BAILLIESTON","Liberal Democrats","Scottish National Party",3,6,83
9,"BAILLIESTON","Scottish National Party","Scottish National Party",4,6,4039
9,"BAILLIESTON","spoilt","Scottish National Party",5,6,374
9,"BAILLIESTON","Other","Scottish National Party",6,6,53
9,"BAILLIESTON","Scottish Green Party","Scottish National Party",7,6,0
9,"BAILLIESTON","Conservative and Unionist Party [The]","spoilt",1,7,36
9,"BAILLIESTON","Labour Party [The]","spoilt",2,7,504
9,"BAILLIESTON","Liberal Democrats","spoilt",3,7,20
9,"BAILLIESTON","Scottish National Party","spoilt",4,7,116
9,"BAILLIESTON","spoilt","spoilt",5,7,197
9,"BAILLIESTON","Other","spoilt",6,7,13
9,"BAILLIESTON","Scottish Green Party","spoilt",7,7,0
10,"Banff and Buchan","Conservative and Unionist Party [The]","Conservative and Unionist Party [The]",1,1,3942
10,"Banff and Buchan","Labour Party [The]","Conservative and Unionist Party [The]",2,1,37
10,"Banff and Buchan","Liberal Democrats","Conservative and Unionist Party [The]",3,1,102
10,"Banff and Buchan","Scottish National Party","Conservative and Unionist Party [The]",4,1,161
10,"Banff and Buchan","spoilt","Conservative and Unionist Party [The]",5,1,116
10,"Banff and Buchan","Other","Conservative and Unionist Party [The]",6,1,0
10,"Banff and Buchan","Scottish Green Party","Conservative and Unionist Party [The]",7,1,0
10,"Banff and Buchan","Conservative and Unionist Party [The]","Labour Party [The]",1,2,144
10,"Banff and Buchan","Labour Party [The]","Labour Party [The]",2,2,2382
10,"Banff and Buchan","Liberal Democrats","Labour Party [The]",3,2,136
10,"Banff and Buchan","Scottish National Party","Labour Party [The]",4,2,312
10,"Banff and Buchan","spoilt","Labour Party [The]",5,2,148
10,"Banff and Buchan","Other","Labour Party [The]",6,2,0
10,"Banff and Buchan","Scottish Green Party","Labour Party [The]",7,2,0
10,"Banff and Buchan","Conservative and Unionist Party [The]","Liberal Democrats",1,3,124
10,"Banff and Buchan","Labour Party [The]","Liberal Democrats",2,3,57
10,"Banff and Buchan","Liberal Democrats","Liberal Democrats",3,3,1621
10,"Banff and Buchan","Scottish National Party","Liberal Democrats",4,3,147
10,"Banff and Buchan","spoilt","Liberal Democrats",5,3,69
10,"Banff and Buchan","Other","Liberal Democrats",6,3,0
10,"Banff and Buchan","Scottish Green Party","Liberal Democrats",7,3,0
10,"Banff and Buchan","Conservative and Unionist Party [The]","Other",1,4,617
10,"Banff and Buchan","Labour Party [The]","Other",2,4,308
10,"Banff and Buchan","Liberal Democrats","Other",3,4,313
10,"Banff and Buchan","Scottish National Party","Other",4,4,565
10,"Banff and Buchan","spoilt","Other",5,4,170
10,"Banff and Buchan","Other","Other",6,4,0
10,"Banff and Buchan","Scottish Green Party","Other",7,4,0
10,"Banff and Buchan","Conservative and Unionist Party [The]","Scottish Green Party",1,5,73
10,"Banff and Buchan","Labour Party [The]","Scottish Green Party",2,5,62
10,"Banff and Buchan","Liberal Democrats","Scottish Green Party",3,5,213
10,"Banff and Buchan","Scottish National Party","Scottish Green Party",4,5,150
10,"Banff and Buchan","spoilt","Scottish Green Party",5,5,26
10,"Banff and Buchan","Other","Scottish Green Party",6,5,0
10,"Banff and Buchan","Scottish Green Party","Scottish Green Party",7,5,0
10,"Banff and Buchan","Conservative and Unionist Party [The]","Scottish National Party",1,6,476
10,"Banff and Buchan","Labour Party [The]","Scottish National Party",2,6,206
10,"Banff and Buchan","Liberal Democrats","Scottish National Party",3,6,204
10,"Banff and Buchan","Scottish National Party","Scottish National Party",4,6,14557
10,"Banff and Buchan","spoilt","Scottish National Party",5,6,789
10,"Banff and Buchan","Other","Scottish National Party",6,6,0
10,"Banff and Buchan","Scottish Green Party","Scottish National Party",7,6,0
10,"Banff and Buchan","Conservative and Unionist Party [The]","spoilt",1,7,125
10,"Banff and Buchan","Labour Party [The]","spoilt",2,7,84
10,"Banff and Buchan","Liberal Democrats","spoilt",3,7,28
10,"Banff and Buchan","Scottish National Party","spoilt",4,7,139
10,"Banff and Buchan","spoilt","spoilt",5,7,125
10,"Banff and Buchan","Other","spoilt",6,7,0
10,"Banff and Buchan","Scottish Green Party","spoilt",7,7,0
11,"CARRICK CUMNOCK AND DOON VALLEY","Conservative and Unionist Party [The]","Conservative and Unionist Party [The]",1,1,5515
11,"CARRICK CUMNOCK AND DOON VALLEY","Labour Party [The]","Conservative and Unionist Party [The]",2,1,242
11,"CARRICK CUMNOCK AND DOON VALLEY","Liberal Democrats","Conservative and Unionist Party [The]",3,1,37
11,"CARRICK CUMNOCK AND DOON VALLEY","Scottish National Party","Conservative and Unionist Party [The]",4,1,175
11,"CARRICK CUMNOCK AND DOON VALLEY","spoilt","Conservative and Unionist Party [The]",5,1,149
11,"CARRICK CUMNOCK AND DOON VALLEY","Other","Conservative and Unionist Party [The]",6,1,53
11,"CARRICK CUMNOCK AND DOON VALLEY","Scottish Green Party","Conservative and Unionist Party [The]",7,1,0
11,"CARRICK CUMNOCK AND DOON VALLEY","Conservative and Unionist Party [The]","Labour Party [The]",1,2,132
11,"CARRICK CUMNOCK AND DOON VALLEY","Labour Party [The]","Labour Party [The]",2,2,11829
11,"CARRICK CUMNOCK AND DOON VALLEY","Liberal Democrats","Labour Party [The]",3,2,52
11,"CARRICK CUMNOCK AND DOON VALLEY","Scottish National Party","Labour Party [The]",4,2,283
11,"CARRICK CUMNOCK AND DOON VALLEY","spoilt","Labour Party [The]",5,2,580
11,"CARRICK CUMNOCK AND DOON VALLEY","Other","Labour Party [The]",6,2,86
11,"CARRICK CUMNOCK AND DOON VALLEY","Scottish Green Party","Labour Party [The]",7,2,0
11,"CARRICK CUMNOCK AND DOON VALLEY","Conservative and Unionist Party [The]","Liberal Democrats",1,3,103
11,"CARRICK CUMNOCK AND DOON VALLEY","Labour Party [The]","Liberal Democrats",2,3,203
11,"CARRICK CUMNOCK AND DOON VALLEY","Liberal Democrats","Liberal Democrats",3,3,923
11,"CARRICK CUMNOCK AND DOON VALLEY","Scottish National Party","Liberal Democrats",4,3,106
11,"CARRICK CUMNOCK AND DOON VALLEY","spoilt","Liberal Democrats",5,3,25
11,"CARRICK CUMNOCK AND DOON VALLEY","Other","Liberal Democrats",6,3,57
11,"CARRICK CUMNOCK AND DOON VALLEY","Scottish Green Party","Liberal Democrats",7,3,0
11,"CARRICK CUMNOCK AND DOON VALLEY","Conservative and Unionist Party [The]","Other",1,4,424
11,"CARRICK CUMNOCK AND DOON VALLEY","Labour Party [The]","Other",2,4,737
11,"CARRICK CUMNOCK AND DOON VALLEY","Liberal Democrats","Other",3,4,172
11,"CARRICK CUMNOCK AND DOON VALLEY","Scottish National Party","Other",4,4,625
11,"CARRICK CUMNOCK AND DOON VALLEY","spoilt","Other",5,4,158
11,"CARRICK CUMNOCK AND DOON VALLEY","Other","Other",6,4,478
11,"CARRICK CUMNOCK AND DOON VALLEY","Scottish Green Party","Other",7,4,0
11,"CARRICK CUMNOCK AND DOON VALLEY","Conservative and Unionist Party [The]","Scottish Green Party",1,5,84
11,"CARRICK CUMNOCK AND DOON VALLEY","Labour Party [The]","Scottish Green Party",2,5,212
11,"CARRICK CUMNOCK AND DOON VALLEY","Liberal Democrats","Scottish Green Party",3,5,133
11,"CARRICK CUMNOCK AND DOON VALLEY","Scottish National Party","Scottish Green Party",4,5,209
11,"CARRICK CUMNOCK AND DOON VALLEY","spoilt","Scottish Green Party",5,5,28
11,"CARRICK CUMNOCK AND DOON VALLEY","Other","Scottish Green Party",6,5,98
11,"CARRICK CUMNOCK AND DOON VALLEY","Scottish Green Party","Scottish Green Party",7,5,0
11,"CARRICK CUMNOCK AND DOON VALLEY","Conservative and Unionist Party [The]","Scottish National Party",1,6,331
11,"CARRICK CUMNOCK AND DOON VALLEY","Labour Party [The]","Scottish National Party",2,6,511
11,"CARRICK CUMNOCK AND DOON VALLEY","Liberal Democrats","Scottish National Party",3,6,74
11,"CARRICK CUMNOCK AND DOON VALLEY","Scottish National Party","Scottish National Party",4,6,8790
11,"CARRICK CUMNOCK AND DOON VALLEY","spoilt","Scottish National Party",5,6,307
11,"CARRICK CUMNOCK AND DOON VALLEY","Other","Scottish National Party",6,6,129
11,"CARRICK CUMNOCK AND DOON VALLEY","Scottish Green Party","Scottish National Party",7,6,0
11,"CARRICK CUMNOCK AND DOON VALLEY","Conservative and Unionist Party [The]","spoilt",1,7,140
11,"CARRICK CUMNOCK AND DOON VALLEY","Labour Party [The]","spoilt",2,7,616
11,"CARRICK CUMNOCK AND DOON VALLEY","Liberal Democrats","spoilt",3,7,18
11,"CARRICK CUMNOCK AND DOON VALLEY","Scottish National Party","spoilt",4,7,176
11,"CARRICK CUMNOCK AND DOON VALLEY","spoilt","spoilt",5,7,185
11,"CARRICK CUMNOCK AND DOON VALLEY","Other","spoilt",6,7,32
11,"CARRICK CUMNOCK AND DOON VALLEY","Scottish Green Party","spoilt",7,7,0
12,"CATHCART","Conservative and Unionist Party [The]","Conservative and Unionist Party [The]",1,1,1621
12,"CATHCART","Labour Party [The]","Conservative and Unionist Party [The]",2,1,81
12,"CATHCART","Liberal Democrats","Conservative and Unionist Party [The]",3,1,27
12,"CATHCART","Scottish National Party","Conservative and Unionist Party [The]",4,1,51
12,"CATHCART","spoilt","Conservative and Unionist Party [The]",5,1,90
12,"CATHCART","Other","Conservative and Unionist Party [The]",6,1,390
12,"CATHCART","Scottish Green Party","Conservative and Unionist Party [The]",7,1,0
12,"CATHCART","Conservative and Unionist Party [The]","Labour Party [The]",1,2,71
12,"CATHCART","Labour Party [The]","Labour Party [The]",2,2,6602
12,"CATHCART","Liberal Democrats","Labour Party [The]",3,2,79
12,"CATHCART","Scottish National Party","Labour Party [The]",4,2,108
12,"CATHCART","spoilt","Labour Party [The]",5,2,651
12,"CATHCART","Other","Labour Party [The]",6,2,440
12,"CATHCART","Scottish Green Party","Labour Party [The]",7,2,0
12,"CATHCART","Conservative and Unionist Party [The]","Liberal Democrats",1,3,71
12,"CATHCART","Labour Party [The]","Liberal Democrats",2,3,194
12,"CATHCART","Liberal Democrats","Liberal Democrats",3,3,948
12,"CATHCART","Scottish National Party","Liberal Democrats",4,3,97
12,"CATHCART","spoilt","Liberal Democrats",5,3,49
12,"CATHCART","Other","Liberal Democrats",6,3,362
12,"CATHCART","Scottish Green Party","Liberal Democrats",7,3,0
12,"CATHCART","Conservative and Unionist Party [The]","Other",1,4,355
12,"CATHCART","Labour Party [The]","Other",2,4,845
12,"CATHCART","Liberal Democrats","Other",3,4,226
12,"CATHCART","Scottish National Party","Other",4,4,695
12,"CATHCART","spoilt","Other",5,4,361
12,"CATHCART","Other","Other",6,4,960
12,"CATHCART","Scottish Green Party","Other",7,4,0
12,"CATHCART","Conservative and Unionist Party [The]","Scottish Green Party",1,5,53
12,"CATHCART","Labour Party [The]","Scottish Green Party",2,5,225
12,"CATHCART","Liberal Democrats","Scottish Green Party",3,5,267
12,"CATHCART","Scottish National Party","Scottish Green Party",4,5,266
12,"CATHCART","spoilt","Scottish Green Party",5,5,71
12,"CATHCART","Other","Scottish Green Party",6,5,224
12,"CATHCART","Scottish Green Party","Scottish Green Party",7,5,0
12,"CATHCART","Conservative and Unionist Party [The]","Scottish National Party",1,6,87
12,"CATHCART","Labour Party [The]","Scottish National Party",2,6,189
12,"CATHCART","Liberal Democrats","Scottish National Party",3,6,93
12,"CATHCART","Scottish National Party","Scottish National Party",4,6,4970
12,"CATHCART","spoilt","Scottish National Party",5,6,269
12,"CATHCART","Other","Scottish National Party",6,6,441
12,"CATHCART","Scottish Green Party","Scottish National Party",7,6,0
12,"CATHCART","Conservative and Unionist Party [The]","spoilt",1,7,66
12,"CATHCART","Labour Party [The]","spoilt",2,7,340
12,"CATHCART","Liberal Democrats","spoilt",3,7,19
12,"CATHCART","Scottish National Party","spoilt",4,7,100
12,"CATHCART","spoilt","spoilt",5,7,226
12,"CATHCART","Other","spoilt",6,7,94
12,"CATHCART","Scottish Green Party","spoilt",7,7,0
13,"Caithness Sutherland & Easter Ross","Conservative and Unionist Party [The]","Conservative and Unionist Party [The]",1,1,1731
13,"Caithness Sutherland & Easter Ross","Labour Party [The]","Conservative and Unionist Party [The]",2,1,19
13,"Caithness Sutherland & Easter Ross","Liberal Democrats","Conservative and Unionist Party [The]",3,1,440
13,"Caithness Sutherland & Easter Ross","Scottish National Party","Conservative and Unionist Party [The]",4,1,43
13,"Caithness Sutherland & Easter Ross","spoilt","Conservative and Unionist Party [The]",5,1,53
13,"Caithness Sutherland & Easter Ross","Other","Conservative and Unionist Party [The]",6,1,77
13,"Caithness Sutherland & Easter Ross","Scottish Green Party","Conservative and Unionist Party [The]",7,1,0
13,"Caithness Sutherland & Easter Ross","Conservative and Unionist Party [The]","Labour Party [The]",1,2,61
13,"Caithness Sutherland & Easter Ross","Labour Party [The]","Labour Party [The]",2,2,2478
13,"Caithness Sutherland & Easter Ross","Liberal Democrats","Labour Party [The]",3,2,1091
13,"Caithness Sutherland & Easter Ross","Scottish National Party","Labour Party [The]",4,2,88
13,"Caithness Sutherland & Easter Ross","spoilt","Labour Party [The]",5,2,195
13,"Caithness Sutherland & Easter Ross","Other","Labour Party [The]",6,2,125
13,"Caithness Sutherland & Easter Ross","Scottish Green Party","Labour Party [The]",7,2,0
13,"Caithness Sutherland & Easter Ross","Conservative and Unionist Party [The]","Liberal Democrats",1,3,95
13,"Caithness Sutherland & Easter Ross","Labour Party [The]","Liberal Democrats",2,3,86
13,"Caithness Sutherland & Easter Ross","Liberal Democrats","Liberal Democrats",3,3,4860
13,"Caithness Sutherland & Easter Ross","Scottish National Party","Liberal Democrats",4,3,92
13,"Caithness Sutherland & Easter Ross","spoilt","Liberal Democrats",5,3,93
13,"Caithness Sutherland & Easter Ross","Other","Liberal Democrats",6,3,100
13,"Caithness Sutherland & Easter Ross","Scottish Green Party","Liberal Democrats",7,3,0
13,"Caithness Sutherland & Easter Ross","Conservative and Unionist Party [The]","Other",1,4,460
13,"Caithness Sutherland & Easter Ross","Labour Party [The]","Other",2,4,291
13,"Caithness Sutherland & Easter Ross","Liberal Democrats","Other",3,4,887
13,"Caithness Sutherland & Easter Ross","Scottish National Party","Other",4,4,431
13,"Caithness Sutherland & Easter Ross","spoilt","Other",5,4,135
13,"Caithness Sutherland & Easter Ross","Other","Other",6,4,356
13,"Caithness Sutherland & Easter Ross","Scottish Green Party","Other",7,4,0
13,"Caithness Sutherland & Easter Ross","Conservative and Unionist Party [The]","Scottish Green Party",1,5,45
13,"Caithness Sutherland & Easter Ross","Labour Party [The]","Scottish Green Party",2,5,79
13,"Caithness Sutherland & Easter Ross","Liberal Democrats","Scottish Green Party",3,5,374
13,"Caithness Sutherland & Easter Ross","Scottish National Party","Scottish Green Party",4,5,182
13,"Caithness Sutherland & Easter Ross","spoilt","Scottish Green Party",5,5,26
13,"Caithness Sutherland & Easter Ross","Other","Scottish Green Party",6,5,74
13,"Caithness Sutherland & Easter Ross","Scottish Green Party","Scottish Green Party",7,5,0
13,"Caithness Sutherland & Easter Ross","Conservative and Unionist Party [The]","Scottish National Party",1,6,138
13,"Caithness Sutherland & Easter Ross","Labour Party [The]","Scottish National Party",2,6,90
13,"Caithness Sutherland & Easter Ross","Liberal Democrats","Scottish National Party",3,6,1072
13,"Caithness Sutherland & Easter Ross","Scottish National Party","Scottish National Party",4,6,5692
13,"Caithness Sutherland & Easter Ross","spoilt","Scottish National Party",5,6,195
13,"Caithness Sutherland & Easter Ross","Other","Scottish National Party",6,6,188
13,"Caithness Sutherland & Easter Ross","Scottish Green Party","Scottish National Party",7,6,0
13,"Caithness Sutherland & Easter Ross","Conservative and Unionist Party [The]","spoilt",1,7,56
13,"Caithness Sutherland & Easter Ross","Labour Party [The]","spoilt",2,7,109
13,"Caithness Sutherland & Easter Ross","Liberal Democrats","spoilt",3,7,257
13,"Caithness Sutherland & Easter Ross","Scottish National Party","spoilt",4,7,130
13,"Caithness Sutherland & Easter Ross","spoilt","spoilt",5,7,170
13,"Caithness Sutherland & Easter Ross","Other","spoilt",6,7,37
13,"Caithness Sutherland & Easter Ross","Scottish Green Party","spoilt",7,7,0
14,"Central Fife","Conservative and Unionist Party [The]","Conservative and Unionist Party [The]",1,1,1384
14,"Central Fife","Labour Party [The]","Conservative and Unionist Party [The]",2,1,90
14,"Central Fife","Liberal Democrats","Conservative and Unionist Party [The]",3,1,58
14,"Central Fife","Scottish National Party","Conservative and Unionist Party [The]",4,1,95
14,"Central Fife","spoilt","Conservative and Unionist Party [The]",5,1,48
14,"Central Fife","Other","Conservative and Unionist Party [The]",6,1,0
14,"Central Fife","Scottish Green Party","Conservative and Unionist Party [The]",7,1,0
14,"Central Fife","Conservative and Unionist Party [The]","Labour Party [The]",1,2,53
14,"Central Fife","Labour Party [The]","Labour Party [The]",2,2,9160
14,"Central Fife","Liberal Democrats","Labour Party [The]",3,2,112
14,"Central Fife","Scottish National Party","Labour Party [The]",4,2,459
14,"Central Fife","spoilt","Labour Party [The]",5,2,470
14,"Central Fife","Other","Labour Party [The]",6,2,0
14,"Central Fife","Scottish Green Party","Labour Party [The]",7,2,0
14,"Central Fife","Conservative and Unionist Party [The]","Liberal Democrats",1,3,24
14,"Central Fife","Labour Party [The]","Liberal Democrats",2,3,132
14,"Central Fife","Liberal Democrats","Liberal Democrats",3,3,1465
14,"Central Fife","Scottish National Party","Liberal Democrats",4,3,136
14,"Central Fife","spoilt","Liberal Democrats",5,3,37
14,"Central Fife","Other","Liberal Democrats",6,3,0
14,"Central Fife","Scottish Green Party","Liberal Democrats",7,3,0
14,"Central Fife","Conservative and Unionist Party [The]","Other",1,4,369
14,"Central Fife","Labour Party [The]","Other",2,4,698
14,"Central Fife","Liberal Democrats","Other",3,4,347
14,"Central Fife","Scottish National Party","Other",4,4,807
14,"Central Fife","spoilt","Other",5,4,156
14,"Central Fife","Other","Other",6,4,0
14,"Central Fife","Scottish Green Party","Other",7,4,0
14,"Central Fife","Conservative and Unionist Party [The]","Scottish Green Party",1,5,33
14,"Central Fife","Labour Party [The]","Scottish Green Party",2,5,127
14,"Central Fife","Liberal Democrats","Scottish Green Party",3,5,176
14,"Central Fife","Scottish National Party","Scottish Green Party",4,5,161
14,"Central Fife","spoilt","Scottish Green Party",5,5,19
14,"Central Fife","Other","Scottish Green Party",6,5,0
14,"Central Fife","Scottish Green Party","Scottish Green Party",7,5,0
14,"Central Fife","Conservative and Unionist Party [The]","Scottish National Party",1,6,111
14,"Central Fife","Labour Party [The]","Scottish National Party",2,6,309
14,"Central Fife","Liberal Democrats","Scottish National Party",3,6,102
14,"Central Fife","Scottish National Party","Scottish National Party",4,6,10126
14,"Central Fife","spoilt","Scottish National Party",5,6,316
14,"Central Fife","Other","Scottish National Party",6,6,0
14,"Central Fife","Scottish Green Party","Scottish National Party",7,6,0
14,"Central Fife","Conservative and Unionist Party [The]","spoilt",1,7,29
14,"Central Fife","Labour Party [The]","spoilt",2,7,238
14,"Central Fife","Liberal Democrats","spoilt",3,7,28
14,"Central Fife","Scottish National Party","spoilt",4,7,136
14,"Central Fife","spoilt","spoilt",5,7,210
14,"Central Fife","Other","spoilt",6,7,0
14,"Central Fife","Scottish Green Party","spoilt",7,7,0
15,"Clydebank and Milngavie","Conservative and Unionist Party [The]","Conservative and Unionist Party [The]",1,1,2572
15,"Clydebank and Milngavie","Labour Party [The]","Conservative and Unionist Party [The]",2,1,189
15,"Clydebank and Milngavie","Liberal Democrats","Conservative and Unionist Party [The]",3,1,111
15,"Clydebank and Milngavie","Scottish National Party","Conservative and Unionist Party [The]",4,1,90
15,"Clydebank and Milngavie","spoilt","Conservative and Unionist Party [The]",5,1,71
15,"Clydebank and Milngavie","Other","Conservative and Unionist Party [The]",6,1,0
15,"Clydebank and Milngavie","Scottish Green Party","Conservative and Unionist Party [The]",7,1,0
15,"Clydebank and Milngavie","Conservative and Unionist Party [The]","Labour Party [The]",1,2,94
15,"Clydebank and Milngavie","Labour Party [The]","Labour Party [The]",2,2,9001
15,"Clydebank and Milngavie","Liberal Democrats","Labour Party [The]",3,2,295
15,"Clydebank and Milngavie","Scottish National Party","Labour Party [The]",4,2,229
15,"Clydebank and Milngavie","spoilt","Labour Party [The]",5,2,509
15,"Clydebank and Milngavie","Other","Labour Party [The]",6,2,0
15,"Clydebank and Milngavie","Scottish Green Party","Labour Party [The]",7,2,0
15,"Clydebank and Milngavie","Conservative and Unionist Party [The]","Liberal Democrats",1,3,95
15,"Clydebank and Milngavie","Labour Party [The]","Liberal Democrats",2,3,247
15,"Clydebank and Milngavie","Liberal Democrats","Liberal Democrats",3,3,1787
15,"Clydebank and Milngavie","Scottish National Party","Liberal Democrats",4,3,138
15,"Clydebank and Milngavie","spoilt","Liberal Democrats",5,3,40
15,"Clydebank and Milngavie","Other","Liberal Democrats",6,3,0
15,"Clydebank and Milngavie","Scottish Green Party","Liberal Democrats",7,3,0
15,"Clydebank and Milngavie","Conservative and Unionist Party [The]","Other",1,4,505
15,"Clydebank and Milngavie","Labour Party [The]","Other",2,4,1007
15,"Clydebank and Milngavie","Liberal Democrats","Other",3,4,350
15,"Clydebank and Milngavie","Scottish National Party","Other",4,4,799
15,"Clydebank and Milngavie","spoilt","Other",5,4,205
15,"Clydebank and Milngavie","Other","Other",6,4,0
15,"Clydebank and Milngavie","Scottish Green Party","Other",7,4,0
15,"Clydebank and Milngavie","Conservative and Unionist Party [The]","Scottish Green Party",1,5,68
15,"Clydebank and Milngavie","Labour Party [The]","Scottish Green Party",2,5,250
15,"Clydebank and Milngavie","Liberal Democrats","Scottish Green Party",3,5,338
15,"Clydebank and Milngavie","Scottish National Party","Scottish Green Party",4,5,242
15,"Clydebank and Milngavie","spoilt","Scottish Green Party",5,5,37
15,"Clydebank and Milngavie","Other","Scottish Green Party",6,5,0
15,"Clydebank and Milngavie","Scottish Green Party","Scottish Green Party",7,5,0
15,"Clydebank and Milngavie","Conservative and Unionist Party [The]","Scottish National Party",1,6,155
15,"Clydebank and Milngavie","Labour Party [The]","Scottish National Party",2,6,448
15,"Clydebank and Milngavie","Liberal Democrats","Scottish National Party",3,6,241
15,"Clydebank and Milngavie","Scottish National Party","Scottish National Party",4,6,6815
15,"Clydebank and Milngavie","spoilt","Scottish National Party",5,6,313
15,"Clydebank and Milngavie","Other","Scottish National Party",6,6,0
15,"Clydebank and Milngavie","Scottish Green Party","Scottish National Party",7,6,0
15,"Clydebank and Milngavie","Conservative and Unionist Party [The]","spoilt",1,7,55
15,"Clydebank and Milngavie","Labour Party [The]","spoilt",2,7,475
15,"Clydebank and Milngavie","Liberal Democrats","spoilt",3,7,44
15,"Clydebank and Milngavie","Scottish National Party","spoilt",4,7,125
15,"Clydebank and Milngavie","spoilt","spoilt",5,7,225
15,"Clydebank and Milngavie","Other","spoilt",6,7,0
15,"Clydebank and Milngavie","Scottish Green Party","spoilt",7,7,0
16,"Clydesdale","Conservative and Unionist Party [The]","Conservative and Unionist Party [The]",1,1,4394
16,"Clydesdale","Labour Party [The]","Conservative and Unionist Party [The]",2,1,273
16,"Clydesdale","Liberal Democrats","Conservative and Unionist Party [The]",3,1,118
16,"Clydesdale","Scottish National Party","Conservative and Unionist Party [The]",4,1,136
16,"Clydesdale","spoilt","Conservative and Unionist Party [The]",5,1,105
16,"Clydesdale","Other","Conservative and Unionist Party [The]",6,1,0
16,"Clydesdale","Scottish Green Party","Conservative and Unionist Party [The]",7,1,0
16,"Clydesdale","Conservative and Unionist Party [The]","Labour Party [The]",1,2,111
16,"Clydesdale","Labour Party [The]","Labour Party [The]",2,2,11201
16,"Clydesdale","Liberal Democrats","Labour Party [The]",3,2,174
16,"Clydesdale","Scottish National Party","Labour Party [The]",4,2,280
16,"Clydesdale","spoilt","Labour Party [The]",5,2,429
16,"Clydesdale","Other","Labour Party [The]",6,2,0
16,"Clydesdale","Scottish Green Party","Labour Party [The]",7,2,0
16,"Clydesdale","Conservative and Unionist Party [The]","Liberal Democrats",1,3,81
16,"Clydesdale","Labour Party [The]","Liberal Democrats",2,3,256
16,"Clydesdale","Liberal Democrats","Liberal Democrats",3,3,1716
16,"Clydesdale","Scottish National Party","Liberal Democrats",4,3,111
16,"Clydesdale","spoilt","Liberal Democrats",5,3,20
16,"Clydesdale","Other","Liberal Democrats",6,3,0
16,"Clydesdale","Scottish Green Party","Liberal Democrats",7,3,0
16,"Clydesdale","Conservative and Unionist Party [The]","Other",1,4,633
16,"Clydesdale","Labour Party [The]","Other",2,4,966
16,"Clydesdale","Liberal Democrats","Other",3,4,428
16,"Clydesdale","Scottish National Party","Other",4,4,790
16,"Clydesdale","spoilt","Other",5,4,201
16,"Clydesdale","Other","Other",6,4,0
16,"Clydesdale","Scottish Green Party","Other",7,4,0
16,"Clydesdale","Conservative and Unionist Party [The]","Scottish Green Party",1,5,95
16,"Clydesdale","Labour Party [The]","Scottish Green Party",2,5,244
16,"Clydesdale","Liberal Democrats","Scottish Green Party",3,5,321
16,"Clydesdale","Scottish National Party","Scottish Green Party",4,5,251
16,"Clydesdale","spoilt","Scottish Green Party",5,5,26
16,"Clydesdale","Other","Scottish Green Party",6,5,0
16,"Clydesdale","Scottish Green Party","Scottish Green Party",7,5,0
16,"Clydesdale","Conservative and Unionist Party [The]","Scottish National Party",1,6,225
16,"Clydesdale","Labour Party [The]","Scottish National Party",2,6,514
16,"Clydesdale","Liberal Democrats","Scottish National Party",3,6,175
16,"Clydesdale","Scottish National Party","Scottish National Party",4,6,9264
16,"Clydesdale","spoilt","Scottish National Party",5,6,216
16,"Clydesdale","Other","Scottish National Party",6,6,0
16,"Clydesdale","Scottish Green Party","Scottish National Party",7,6,0
16,"Clydesdale","Conservative and Unionist Party [The]","spoilt",1,7,65
16,"Clydesdale","Labour Party [The]","spoilt",2,7,381
16,"Clydesdale","Liberal Democrats","spoilt",3,7,19
16,"Clydesdale","Scottish National Party","spoilt",4,7,110
16,"Clydesdale","spoilt","spoilt",5,7,209
16,"Clydesdale","Other","spoilt",6,7,0
16,"Clydesdale","Scottish Green Party","spoilt",7,7,0
17,"Coatbridge and Chryston","Conservative and Unionist Party [The]","Conservative and Unionist Party [The]",1,1,1579
17,"Coatbridge and Chryston","Labour Party [The]","Conservative and Unionist Party [The]",2,1,70
17,"Coatbridge and Chryston","Liberal Democrats","Conservative and Unionist Party [The]",3,1,43
17,"Coatbridge and Chryston","Scottish National Party","Conservative and Unionist Party [The]",4,1,72
17,"Coatbridge and Chryston","spoilt","Conservative and Unionist Party [The]",5,1,62
17,"Coatbridge and Chryston","Other","Conservative and Unionist Party [The]",6,1,106
17,"Coatbridge and Chryston","Scottish Green Party","Conservative and Unionist Party [The]",7,1,0
17,"Coatbridge and Chryston","Conservative and Unionist Party [The]","Labour Party [The]",1,2,62
17,"Coatbridge and Chryston","Labour Party [The]","Labour Party [The]",2,2,9696
17,"Coatbridge and Chryston","Liberal Democrats","Labour Party [The]",3,2,91
17,"Coatbridge and Chryston","Scottish National Party","Labour Party [The]",4,2,303
17,"Coatbridge and Chryston","spoilt","Labour Party [The]",5,2,523
17,"Coatbridge and Chryston","Other","Labour Party [The]",6,2,467
17,"Coatbridge and Chryston","Scottish Green Party","Labour Party [The]",7,2,0
17,"Coatbridge and Chryston","Conservative and Unionist Party [The]","Liberal Democrats",1,3,27
17,"Coatbridge and Chryston","Labour Party [The]","Liberal Democrats",2,3,112
17,"Coatbridge and Chryston","Liberal Democrats","Liberal Democrats",3,3,932
17,"Coatbridge and Chryston","Scottish National Party","Liberal Democrats",4,3,84
17,"Coatbridge and Chryston","spoilt","Liberal Democrats",5,3,26
17,"Coatbridge and Chryston","Other","Liberal Democrats",6,3,141
17,"Coatbridge and Chryston","Scottish Green Party","Liberal Democrats",7,3,0
17,"Coatbridge and Chryston","Conservative and Unionist Party [The]","Other",1,4,466
17,"Coatbridge and Chryston","Labour Party [The]","Other",2,4,1068
17,"Coatbridge and Chryston","Liberal Democrats","Other",3,4,241
17,"Coatbridge and Chryston","Scottish National Party","Other",4,4,837
17,"Coatbridge and Chryston","spoilt","Other",5,4,215
17,"Coatbridge and Chryston","Other","Other",6,4,1342
17,"Coatbridge and Chryston","Scottish Green Party","Other",7,4,0
17,"Coatbridge and Chryston","Conservative and Unionist Party [The]","Scottish Green Party",1,5,38
17,"Coatbridge and Chryston","Labour Party [The]","Scottish Green Party",2,5,158
17,"Coatbridge and Chryston","Liberal Democrats","Scottish Green Party",3,5,100
17,"Coatbridge and Chryston","Scottish National Party","Scottish Green Party",4,5,137
17,"Coatbridge and Chryston","spoilt","Scottish Green Party",5,5,18
17,"Coatbridge and Chryston","Other","Scottish Green Party",6,5,163
17,"Coatbridge and Chryston","Scottish Green Party","Scottish Green Party",7,5,0
17,"Coatbridge and Chryston","Conservative and Unionist Party [The]","Scottish National Party",1,6,90
17,"Coatbridge and Chryston","Labour Party [The]","Scottish National Party",2,6,296
17,"Coatbridge and Chryston","Liberal Democrats","Scottish National Party",3,6,95
17,"Coatbridge and Chryston","Scottish National Party","Scottish National Party",4,6,5786
17,"Coatbridge and Chryston","spoilt","Scottish National Party",5,6,203
17,"Coatbridge and Chryston","Other","Scottish National Party",6,6,396
17,"Coatbridge and Chryston","Scottish Green Party","Scottish National Party",7,6,0
17,"Coatbridge and Chryston","Conservative and Unionist Party [The]","spoilt",1,7,43
17,"Coatbridge and Chryston","Labour Party [The]","spoilt",2,7,460
17,"Coatbridge and Chryston","Liberal Democrats","spoilt",3,7,17
17,"Coatbridge and Chryston","Scottish National Party","spoilt",4,7,131
17,"Coatbridge and Chryston","spoilt","spoilt",5,7,238
17,"Coatbridge and Chryston","Other","spoilt",6,7,76
17,"Coatbridge and Chryston","Scottish Green Party","spoilt",7,7,0
18,"Cumbernauld and Kilsyth","Conservative and Unionist Party [The]","Conservative and Unionist Party [The]",1,1,883
18,"Cumbernauld and Kilsyth","Labour Party [The]","Conservative and Unionist Party [The]",2,1,116
18,"Cumbernauld and Kilsyth","Liberal Democrats","Conservative and Unionist Party [The]",3,1,33
18,"Cumbernauld and Kilsyth","Scottish National Party","Conservative and Unionist Party [The]",4,1,102
18,"Cumbernauld and Kilsyth","spoilt","Conservative and Unionist Party [The]",5,1,30
18,"Cumbernauld and Kilsyth","Other","Conservative and Unionist Party [The]",6,1,0
18,"Cumbernauld and Kilsyth","Scottish Green Party","Conservative and Unionist Party [The]",7,1,0
18,"Cumbernauld and Kilsyth","Conservative and Unionist Party [The]","Labour Party [The]",1,2,45
18,"Cumbernauld and Kilsyth","Labour Party [The]","Labour Party [The]",2,2,9997
18,"Cumbernauld and Kilsyth","Liberal Democrats","Labour Party [The]",3,2,156
18,"Cumbernauld and Kilsyth","Scottish National Party","Labour Party [The]",4,2,435
18,"Cumbernauld and Kilsyth","spoilt","Labour Party [The]",5,2,210
18,"Cumbernauld and Kilsyth","Other","Labour Party [The]",6,2,0
18,"Cumbernauld and Kilsyth","Scottish Green Party","Labour Party [The]",7,2,0
18,"Cumbernauld and Kilsyth","Conservative and Unionist Party [The]","Liberal Democrats",1,3,29
18,"Cumbernauld and Kilsyth","Labour Party [The]","Liberal Democrats",2,3,169
18,"Cumbernauld and Kilsyth","Liberal Democrats","Liberal Democrats",3,3,848
18,"Cumbernauld and Kilsyth","Scottish National Party","Liberal Democrats",4,3,134
18,"Cumbernauld and Kilsyth","spoilt","Liberal Democrats",5,3,13
18,"Cumbernauld and Kilsyth","Other","Liberal Democrats",6,3,0
18,"Cumbernauld and Kilsyth","Scottish Green Party","Liberal Democrats",7,3,0
18,"Cumbernauld and Kilsyth","Conservative and Unionist Party [The]","Other",1,4,372
18,"Cumbernauld and Kilsyth","Labour Party [The]","Other",2,4,1077
18,"Cumbernauld and Kilsyth","Liberal Democrats","Other",3,4,354
18,"Cumbernauld and Kilsyth","Scottish National Party","Other",4,4,934
18,"Cumbernauld and Kilsyth","spoilt","Other",5,4,183
18,"Cumbernauld and Kilsyth","Other","Other",6,4,0
18,"Cumbernauld and Kilsyth","Scottish Green Party","Other",7,4,0
18,"Cumbernauld and Kilsyth","Conservative and Unionist Party [The]","Scottish Green Party",1,5,38
18,"Cumbernauld and Kilsyth","Labour Party [The]","Scottish Green Party",2,5,187
18,"Cumbernauld and Kilsyth","Liberal Democrats","Scottish Green Party",3,5,171
18,"Cumbernauld and Kilsyth","Scottish National Party","Scottish Green Party",4,5,230
18,"Cumbernauld and Kilsyth","spoilt","Scottish Green Party",5,5,20
18,"Cumbernauld and Kilsyth","Other","Scottish Green Party",6,5,0
18,"Cumbernauld and Kilsyth","Scottish Green Party","Scottish Green Party",7,5,0
18,"Cumbernauld and Kilsyth","Conservative and Unionist Party [The]","Scottish National Party",1,6,59
18,"Cumbernauld and Kilsyth","Labour Party [The]","Scottish National Party",2,6,418
18,"Cumbernauld and Kilsyth","Liberal Democrats","Scottish National Party",3,6,86
18,"Cumbernauld and Kilsyth","Scottish National Party","Scottish National Party",4,6,8587
18,"Cumbernauld and Kilsyth","spoilt","Scottish National Party",5,6,241
18,"Cumbernauld and Kilsyth","Other","Scottish National Party",6,6,0
18,"Cumbernauld and Kilsyth","Scottish Green Party","Scottish National Party",7,6,0
18,"Cumbernauld and Kilsyth","Conservative and Unionist Party [The]","spoilt",1,7,21
18,"Cumbernauld and Kilsyth","Labour Party [The]","spoilt",2,7,708
18,"Cumbernauld and Kilsyth","Liberal Democrats","spoilt",3,7,22
18,"Cumbernauld and Kilsyth","Scottish National Party","spoilt",4,7,171
18,"Cumbernauld and Kilsyth","spoilt","spoilt",5,7,106
18,"Cumbernauld and Kilsyth","Other","spoilt",6,7,0
18,"Cumbernauld and Kilsyth","Scottish Green Party","spoilt",7,7,0
19,"Cunninghame North","Conservative and Unionist Party [The]","Conservative and Unionist Party [The]",1,1,4296
19,"Cunninghame North","Labour Party [The]","Conservative and Unionist Party [The]",2,1,137
19,"Cunninghame North","Liberal Democrats","Conservative and Unionist Party [The]",3,1,59
19,"Cunninghame North","Scottish National Party","Conservative and Unionist Party [The]",4,1,95
19,"Cunninghame North","spoilt","Conservative and Unionist Party [The]",5,1,113
19,"Cunninghame North","Other","Conservative and Unionist Party [The]",6,1,540
19,"Cunninghame North","Scottish Green Party","Conservative and Unionist Party [The]",7,1,0
19,"Cunninghame North","Conservative and Unionist Party [The]","Labour Party [The]",1,2,138
19,"Cunninghame North","Labour Party [The]","Labour Party [The]",2,2,7564
19,"Cunninghame North","Liberal Democrats","Labour Party [The]",3,2,94
19,"Cunninghame North","Scottish National Party","Labour Party [The]",4,2,186
19,"Cunninghame North","spoilt","Labour Party [The]",5,2,313
19,"Cunninghame North","Other","Labour Party [The]",6,2,652
19,"Cunninghame North","Scottish Green Party","Labour Party [The]",7,2,0
19,"Cunninghame North","Conservative and Unionist Party [The]","Liberal Democrats",1,3,65
19,"Cunninghame North","Labour Party [The]","Liberal Democrats",2,3,172
19,"Cunninghame North","Liberal Democrats","Liberal Democrats",3,3,1146
19,"Cunninghame North","Scottish National Party","Liberal Democrats",4,3,64
19,"Cunninghame North","spoilt","Liberal Democrats",5,3,27
19,"Cunninghame North","Other","Liberal Democrats",6,3,399
19,"Cunninghame North","Scottish Green Party","Liberal Democrats",7,3,0
19,"Cunninghame North","Conservative and Unionist Party [The]","Other",1,4,598
19,"Cunninghame North","Labour Party [The]","Other",2,4,680
19,"Cunninghame North","Liberal Democrats","Other",3,4,198
19,"Cunninghame North","Scottish National Party","Other",4,4,640
19,"Cunninghame North","spoilt","Other",5,4,162
19,"Cunninghame North","Other","Other",6,4,1224
19,"Cunninghame North","Scottish Green Party","Other",7,4,0
19,"Cunninghame North","Conservative and Unionist Party [The]","Scottish Green Party",1,5,63
19,"Cunninghame North","Labour Party [The]","Scottish Green Party",2,5,162
19,"Cunninghame North","Liberal Democrats","Scottish Green Party",3,5,181
19,"Cunninghame North","Scottish National Party","Scottish Green Party",4,5,179
19,"Cunninghame North","spoilt","Scottish Green Party",5,5,24
19,"Cunninghame North","Other","Scottish Green Party",6,5,301
19,"Cunninghame North","Scottish Green Party","Scottish Green Party",7,5,0
19,"Cunninghame North","Conservative and Unionist Party [The]","Scottish National Party",1,6,196
19,"Cunninghame North","Labour Party [The]","Scottish National Party",2,6,312
19,"Cunninghame North","Liberal Democrats","Scottish National Party",3,6,115
19,"Cunninghame North","Scottish National Party","Scottish National Party",4,6,8023
19,"Cunninghame North","spoilt","Scottish National Party",5,6,213
19,"Cunninghame North","Other","Scottish National Party",6,6,1136
19,"Cunninghame North","Scottish Green Party","Scottish National Party",7,6,0
19,"Cunninghame North","Conservative and Unionist Party [The]","spoilt",1,7,110
19,"Cunninghame North","Labour Party [The]","spoilt",2,7,220
19,"Cunninghame North","Liberal Democrats","spoilt",3,7,17
19,"Cunninghame North","Scottish National Party","spoilt",4,7,108
19,"Cunninghame North","spoilt","spoilt",5,7,163
19,"Cunninghame North","Other","spoilt",6,7,171
19,"Cunninghame North","Scottish Green Party","spoilt",7,7,0
20,"Cunninghame South","Conservative and Unionist Party [The]","Conservative and Unionist Party [The]",1,1,2208
20,"Cunninghame South","Labour Party [The]","Conservative and Unionist Party [The]",2,1,102
20,"Cunninghame South","Liberal Democrats","Conservative and Unionist Party [The]",3,1,52
20,"Cunninghame South","Scottish National Party","Conservative and Unionist Party [The]",4,1,48
20,"Cunninghame South","spoilt","Conservative and Unionist Party [The]",5,1,53
20,"Cunninghame South","Other","Conservative and Unionist Party [The]",6,1,0
20,"Cunninghame South","Scottish Green Party","Conservative and Unionist Party [The]",7,1,0
20,"Cunninghame South","Conservative and Unionist Party [The]","Labour Party [The]",1,2,101
20,"Cunninghame South","Labour Party [The]","Labour Party [The]",2,2,8381
20,"Cunninghame South","Liberal Democrats","Labour Party [The]",3,2,135
20,"Cunninghame South","Scottish National Party","Labour Party [The]",4,2,185
20,"Cunninghame South","spoilt","Labour Party [The]",5,2,406
20,"Cunninghame South","Other","Labour Party [The]",6,2,0
20,"Cunninghame South","Scottish Green Party","Labour Party [The]",7,2,0
20,"Cunninghame South","Conservative and Unionist Party [The]","Liberal Democrats",1,3,41
20,"Cunninghame South","Labour Party [The]","Liberal Democrats",2,3,124
20,"Cunninghame South","Liberal Democrats","Liberal Democrats",3,3,1065
20,"Cunninghame South","Scottish National Party","Liberal Democrats",4,3,64
20,"Cunninghame South","spoilt","Liberal Democrats",5,3,26
20,"Cunninghame South","Other","Liberal Democrats",6,3,0
20,"Cunninghame South","Scottish Green Party","Liberal Democrats",7,3,0
20,"Cunninghame South","Conservative and Unionist Party [The]","Other",1,4,477
20,"Cunninghame South","Labour Party [The]","Other",2,4,973
20,"Cunninghame South","Liberal Democrats","Other",3,4,410
20,"Cunninghame South","Scottish National Party","Other",4,4,884
20,"Cunninghame South","spoilt","Other",5,4,191
20,"Cunninghame South","Other","Other",6,4,0
20,"Cunninghame South","Scottish Green Party","Other",7,4,0
20,"Cunninghame South","Conservative and Unionist Party [The]","Scottish Green Party",1,5,61
20,"Cunninghame South","Labour Party [The]","Scottish Green Party",2,5,135
20,"Cunninghame South","Liberal Democrats","Scottish Green Party",3,5,136
20,"Cunninghame South","Scottish National Party","Scottish Green Party",4,5,153
20,"Cunninghame South","spoilt","Scottish Green Party",5,5,24
20,"Cunninghame South","Other","Scottish Green Party",6,5,0
20,"Cunninghame South","Scottish Green Party","Scottish Green Party",7,5,0
20,"Cunninghame South","Conservative and Unionist Party [The]","Scottish National Party",1,6,137
20,"Cunninghame South","Labour Party [The]","Scottish National Party",2,6,332
20,"Cunninghame South","Liberal Democrats","Scottish National Party",3,6,163
20,"Cunninghame South","Scottish National Party","Scottish National Party",4,6,6672
20,"Cunninghame South","spoilt","Scottish National Party",5,6,221
20,"Cunninghame South","Other","Scottish National Party",6,6,0
20,"Cunninghame South","Scottish Green Party","Scottish National Party",7,6,0
20,"Cunninghame South","Conservative and Unionist Party [The]","spoilt",1,7,48
20,"Cunninghame South","Labour Party [The]","spoilt",2,7,223
20,"Cunninghame South","Liberal Democrats","spoilt",3,7,16
20,"Cunninghame South","Scottish National Party","spoilt",4,7,96
20,"Cunninghame South","spoilt","spoilt",5,7,134
20,"Cunninghame South","Other","spoilt",6,7,0
20,"Cunninghame South","Scottish Green Party","spoilt",7,7,0
21,"DUMFRIES","Conservative and Unionist Party [The]","Conservative and Unionist Party [The]",1,1,8929
21,"DUMFRIES","Labour Party [The]","Conservative and Unionist Party [The]",2,1,295
21,"DUMFRIES","Liberal Democrats","Conservative and Unionist Party [The]",3,1,70
21,"DUMFRIES","Scottish National Party","Conservative and Unionist Party [The]",4,1,60
21,"DUMFRIES","spoilt","Conservative and Unionist Party [The]",5,1,199
21,"DUMFRIES","Other","Conservative and Unionist Party [The]",6,1,0
21,"DUMFRIES","Scottish Green Party","Conservative and Unionist Party [The]",7,1,0
21,"DUMFRIES","Conservative and Unionist Party [The]","Labour Party [The]",1,2,125
21,"DUMFRIES","Labour Party [The]","Labour Party [The]",2,2,10568
21,"DUMFRIES","Liberal Democrats","Labour Party [The]",3,2,92
21,"DUMFRIES","Scottish National Party","Labour Party [The]",4,2,115
21,"DUMFRIES","spoilt","Labour Party [The]",5,2,250
21,"DUMFRIES","Other","Labour Party [The]",6,2,0
21,"DUMFRIES","Scottish Green Party","Labour Party [The]",7,2,0
21,"DUMFRIES","Conservative and Unionist Party [The]","Liberal Democrats",1,3,140
21,"DUMFRIES","Labour Party [The]","Liberal Democrats",2,3,380
21,"DUMFRIES","Liberal Democrats","Liberal Democrats",3,3,1598
21,"DUMFRIES","Scottish National Party","Liberal Democrats",4,3,68
21,"DUMFRIES","spoilt","Liberal Democrats",5,3,39
21,"DUMFRIES","Other","Liberal Democrats",6,3,0
21,"DUMFRIES","Scottish Green Party","Liberal Democrats",7,3,0
21,"DUMFRIES","Conservative and Unionist Party [The]","Other",1,4,716
21,"DUMFRIES","Labour Party [The]","Other",2,4,813
21,"DUMFRIES","Liberal Democrats","Other",3,4,290
21,"DUMFRIES","Scottish National Party","Other",4,4,450
21,"DUMFRIES","spoilt","Other",5,4,139
21,"DUMFRIES","Other","Other",6,4,0
21,"DUMFRIES","Scottish Green Party","Other",7,4,0
21,"DUMFRIES","Conservative and Unionist Party [The]","Scottish Green Party",1,5,134
21,"DUMFRIES","Labour Party [The]","Scottish Green Party",2,5,319
21,"DUMFRIES","Liberal Democrats","Scottish Green Party",3,5,263
21,"DUMFRIES","Scottish National Party","Scottish Green Party",4,5,182
21,"DUMFRIES","spoilt","Scottish Green Party",5,5,42
21,"DUMFRIES","Other","Scottish Green Party",6,5,0
21,"DUMFRIES","Scottish Green Party","Scottish Green Party",7,5,0
21,"DUMFRIES","Conservative and Unionist Party [The]","Scottish National Party",1,6,537
21,"DUMFRIES","Labour Party [The]","Scottish National Party",2,6,745
21,"DUMFRIES","Liberal Democrats","Scottish National Party",3,6,186
21,"DUMFRIES","Scottish National Party","Scottish National Party",4,6,5318
21,"DUMFRIES","spoilt","Scottish National Party",5,6,174
21,"DUMFRIES","Other","Scottish National Party",6,6,0
21,"DUMFRIES","Scottish Green Party","Scottish National Party",7,6,0
21,"DUMFRIES","Conservative and Unionist Party [The]","spoilt",1,7,287
21,"DUMFRIES","Labour Party [The]","spoilt",2,7,587
21,"DUMFRIES","Liberal Democrats","spoilt",3,7,39
21,"DUMFRIES","Scottish National Party","spoilt",4,7,113
21,"DUMFRIES","spoilt","spoilt",5,7,163
21,"DUMFRIES","Other","spoilt",6,7,0
21,"DUMFRIES","Scottish Green Party","spoilt",7,7,0
22,"Dumbarton","Conservative and Unionist Party [The]","Conservative and Unionist Party [The]",1,1,3593
22,"Dumbarton","Labour Party [The]","Conservative and Unionist Party [The]",2,1,466
22,"Dumbarton","Liberal Democrats","Conservative and Unionist Party [The]",3,1,116
22,"Dumbarton","Scottish National Party","Conservative and Unionist Party [The]",4,1,119
22,"Dumbarton","spoilt","Conservative and Unionist Party [The]",5,1,69
22,"Dumbarton","Other","Conservative and Unionist Party [The]",6,1,8
22,"Dumbarton","Scottish Green Party","Conservative and Unionist Party [The]",7,1,0
22,"Dumbarton","Conservative and Unionist Party [The]","Labour Party [The]",1,2,124
22,"Dumbarton","Labour Party [The]","Labour Party [The]",2,2,8336
22,"Dumbarton","Liberal Democrats","Labour Party [The]",3,2,221
22,"Dumbarton","Scottish National Party","Labour Party [The]",4,2,282
22,"Dumbarton","spoilt","Labour Party [The]",5,2,247
22,"Dumbarton","Other","Labour Party [The]",6,2,28
22,"Dumbarton","Scottish Green Party","Labour Party [The]",7,2,0
22,"Dumbarton","Conservative and Unionist Party [The]","Liberal Democrats",1,3,66
22,"Dumbarton","Labour Party [The]","Liberal Democrats",2,3,468
22,"Dumbarton","Liberal Democrats","Liberal Democrats",3,3,2016
22,"Dumbarton","Scottish National Party","Liberal Democrats",4,3,114
22,"Dumbarton","spoilt","Liberal Democrats",5,3,44
22,"Dumbarton","Other","Liberal Democrats",6,3,10
22,"Dumbarton","Scottish Green Party","Liberal Democrats",7,3,0
22,"Dumbarton","Conservative and Unionist Party [The]","Other",1,4,634
22,"Dumbarton","Labour Party [The]","Other",2,4,1113
22,"Dumbarton","Liberal Democrats","Other",3,4,519
22,"Dumbarton","Scottish National Party","Other",4,4,941
22,"Dumbarton","spoilt","Other",5,4,234
22,"Dumbarton","Other","Other",6,4,192
22,"Dumbarton","Scottish Green Party","Other",7,4,0
22,"Dumbarton","Conservative and Unionist Party [The]","Scottish Green Party",1,5,68
22,"Dumbarton","Labour Party [The]","Scottish Green Party",2,5,249
22,"Dumbarton","Liberal Democrats","Scottish Green Party",3,5,284
22,"Dumbarton","Scottish National Party","Scottish Green Party",4,5,234
22,"Dumbarton","spoilt","Scottish Green Party",5,5,28
22,"Dumbarton","Other","Scottish Green Party",6,5,32
22,"Dumbarton","Scottish Green Party","Scottish Green Party",7,5,0
22,"Dumbarton","Conservative and Unionist Party [The]","Scottish National Party",1,6,134
22,"Dumbarton","Labour Party [The]","Scottish National Party",2,6,556
22,"Dumbarton","Liberal Democrats","Scottish National Party",3,6,179
22,"Dumbarton","Scottish National Party","Scottish National Party",4,6,8162
22,"Dumbarton","spoilt","Scottish National Party",5,6,228
22,"Dumbarton","Other","Scottish National Party",6,6,33
22,"Dumbarton","Scottish Green Party","Scottish National Party",7,6,0
22,"Dumbarton","Conservative and Unionist Party [The]","spoilt",1,7,82
22,"Dumbarton","Labour Party [The]","spoilt",2,7,447
22,"Dumbarton","Liberal Democrats","spoilt",3,7,50
22,"Dumbarton","Scottish National Party","spoilt",4,7,172
22,"Dumbarton","spoilt","spoilt",5,7,164
22,"Dumbarton","Other","spoilt",6,7,6
22,"Dumbarton","Scottish Green Party","spoilt",7,7,0
23,"Dundee East","Conservative and Unionist Party [The]","Conservative and Unionist Party [The]",1,1,2374
23,"Dundee East","Labour Party [The]","Conservative and Unionist Party [The]",2,1,152
23,"Dundee East","Liberal Democrats","Conservative and Unionist Party [The]",3,1,54
23,"Dundee East","Scottish National Party","Conservative and Unionist Party [The]",4,1,267
23,"Dundee East","spoilt","Conservative and Unionist Party [The]",5,1,70
23,"Dundee East","Other","Conservative and Unionist Party [The]",6,1,0
23,"Dundee East","Scottish Green Party","Conservative and Unionist Party [The]",7,1,0
23,"Dundee East","Conservative and Unionist Party [The]","Labour Party [The]",1,2,68
23,"Dundee East","Labour Party [The]","Labour Party [The]",2,2,7171
23,"Dundee East","Liberal Democrats","Labour Party [The]",3,2,74
23,"Dundee East","Scottish National Party","Labour Party [The]",4,2,525
23,"Dundee East","spoilt","Labour Party [The]",5,2,234
23,"Dundee East","Other","Labour Party [The]",6,2,0
23,"Dundee East","Scottish Green Party","Labour Party [The]",7,2,0
23,"Dundee East","Conservative and Unionist Party [The]","Liberal Democrats",1,3,43
23,"Dundee East","Labour Party [The]","Liberal Democrats",2,3,164
23,"Dundee East","Liberal Democrats","Liberal Democrats",3,3,1163
23,"Dundee East","Scottish National Party","Liberal Democrats",4,3,261
23,"Dundee East","spoilt","Liberal Democrats",5,3,24
23,"Dundee East","Other","Liberal Democrats",6,3,0
23,"Dundee East","Scottish Green Party","Liberal Democrats",7,3,0
23,"Dundee East","Conservative and Unionist Party [The]","Other",1,4,273
23,"Dundee East","Labour Party [The]","Other",2,4,585
23,"Dundee East","Liberal Democrats","Other",3,4,249
23,"Dundee East","Scottish National Party","Other",4,4,765
23,"Dundee East","spoilt","Other",5,4,114
23,"Dundee East","Other","Other",6,4,0
23,"Dundee East","Scottish Green Party","Other",7,4,0
23,"Dundee East","Conservative and Unionist Party [The]","Scottish Green Party",1,5,48
23,"Dundee East","Labour Party [The]","Scottish Green Party",2,5,186
23,"Dundee East","Liberal Democrats","Scottish Green Party",3,5,160
23,"Dundee East","Scottish National Party","Scottish Green Party",4,5,272
23,"Dundee East","spoilt","Scottish Green Party",5,5,23
23,"Dundee East","Other","Scottish Green Party",6,5,0
23,"Dundee East","Scottish Green Party","Scottish Green Party",7,5,0
23,"Dundee East","Conservative and Unionist Party [The]","Scottish National Party",1,6,102
23,"Dundee East","Labour Party [The]","Scottish National Party",2,6,251
23,"Dundee East","Liberal Democrats","Scottish National Party",3,6,70
23,"Dundee East","Scottish National Party","Scottish National Party",4,6,11042
23,"Dundee East","spoilt","Scottish National Party",5,6,302
23,"Dundee East","Other","Scottish National Party",6,6,0
23,"Dundee East","Scottish Green Party","Scottish National Party",7,6,0
23,"Dundee East","Conservative and Unionist Party [The]","spoilt",1,7,68
23,"Dundee East","Labour Party [The]","spoilt",2,7,281
23,"Dundee East","Liberal Democrats","spoilt",3,7,19
23,"Dundee East","Scottish National Party","spoilt",4,7,182
23,"Dundee East","spoilt","spoilt",5,7,146
23,"Dundee East","Other","spoilt",6,7,0
23,"Dundee East","Scottish Green Party","spoilt",7,7,0
24,"Dundee West","Conservative and Unionist Party [The]","Conservative and Unionist Party [The]",1,1,1329
24,"Dundee West","Labour Party [The]","Conservative and Unionist Party [The]",2,1,109
24,"Dundee West","Liberal Democrats","Conservative and Unionist Party [The]",3,1,68
24,"Dundee West","Scottish National Party","Conservative and Unionist Party [The]",4,1,94
24,"Dundee West","spoilt","Conservative and Unionist Party [The]",5,1,28
24,"Dundee West","Other","Conservative and Unionist Party [The]",6,1,0
24,"Dundee West","Scottish Green Party","Conservative and Unionist Party [The]",7,1,0
24,"Dundee West","Conservative and Unionist Party [The]","Labour Party [The]",1,2,40
24,"Dundee West","Labour Party [The]","Labour Party [The]",2,2,7113
24,"Dundee West","Liberal Democrats","Labour Party [The]",3,2,188
24,"Dundee West","Scottish National Party","Labour Party [The]",4,2,318
24,"Dundee West","spoilt","Labour Party [The]",5,2,295
24,"Dundee West","Other","Labour Party [The]",6,2,0
24,"Dundee West","Scottish Green Party","Labour Party [The]",7,2,0
24,"Dundee West","Conservative and Unionist Party [The]","Liberal Democrats",1,3,30
24,"Dundee West","Labour Party [The]","Liberal Democrats",2,3,224
24,"Dundee West","Liberal Democrats","Liberal Democrats",3,3,1503
24,"Dundee West","Scottish National Party","Liberal Democrats",4,3,107
24,"Dundee West","spoilt","Liberal Democrats",5,3,39
24,"Dundee West","Other","Liberal Democrats",6,3,0
24,"Dundee West","Scottish Green Party","Liberal Democrats",7,3,0
24,"Dundee West","Conservative and Unionist Party [The]","Other",1,4,265
24,"Dundee West","Labour Party [The]","Other",2,4,745
24,"Dundee West","Liberal Democrats","Other",3,4,327
24,"Dundee West","Scottish National Party","Other",4,4,750
24,"Dundee West","spoilt","Other",5,4,158
24,"Dundee West","Other","Other",6,4,0
24,"Dundee West","Scottish Green Party","Other",7,4,0
24,"Dundee West","Conservative and Unionist Party [The]","Scottish Green Party",1,5,44
24,"Dundee West","Labour Party [The]","Scottish Green Party",2,5,219
24,"Dundee West","Liberal Democrats","Scottish Green Party",3,5,241
24,"Dundee West","Scottish National Party","Scottish Green Party",4,5,213
24,"Dundee West","spoilt","Scottish Green Party",5,5,23
24,"Dundee West","Other","Scottish Green Party",6,5,0
24,"Dundee West","Scottish Green Party","Scottish Green Party",7,5,0
24,"Dundee West","Conservative and Unionist Party [The]","Scottish National Party",1,6,58
24,"Dundee West","Labour Party [The]","Scottish National Party",2,6,311
24,"Dundee West","Liberal Democrats","Scottish National Party",3,6,158
24,"Dundee West","Scottish National Party","Scottish National Party",4,6,9342
24,"Dundee West","spoilt","Scottish National Party",5,6,267
24,"Dundee West","Other","Scottish National Party",6,6,0
24,"Dundee West","Scottish Green Party","Scottish National Party",7,6,0
24,"Dundee West","Conservative and Unionist Party [The]","spoilt",1,7,21
24,"Dundee West","Labour Party [The]","spoilt",2,7,288
24,"Dundee West","Liberal Democrats","spoilt",3,7,32
24,"Dundee West","Scottish National Party","spoilt",4,7,131
24,"Dundee West","spoilt","spoilt",5,7,168
24,"Dundee West","Other","spoilt",6,7,0
24,"Dundee West","Scottish Green Party","spoilt",7,7,0
25,"Dunfermline East","Conservative and Unionist Party [The]","Conservative and Unionist Party [The]",1,1,1680
25,"Dunfermline East","Labour Party [The]","Conservative and Unionist Party [The]",2,1,100
25,"Dunfermline East","Liberal Democrats","Conservative and Unionist Party [The]",3,1,89
25,"Dunfermline East","Scottish National Party","Conservative and Unionist Party [The]",4,1,39
25,"Dunfermline East","spoilt","Conservative and Unionist Party [The]",5,1,52
25,"Dunfermline East","Other","Conservative and Unionist Party [The]",6,1,0
25,"Dunfermline East","Scottish Green Party","Conservative and Unionist Party [The]",7,1,0
25,"Dunfermline East","Conservative and Unionist Party [The]","Labour Party [The]",1,2,1050
25,"Dunfermline East","Labour Party [The]","Labour Party [The]",2,2,9048
25,"Dunfermline East","Liberal Democrats","Labour Party [The]",3,2,108
25,"Dunfermline East","Scottish National Party","Labour Party [The]",4,2,123
25,"Dunfermline East","spoilt","Labour Party [The]",5,2,479
25,"Dunfermline East","Other","Labour Party [The]",6,2,0
25,"Dunfermline East","Scottish Green Party","Labour Party [The]",7,2,0
25,"Dunfermline East","Conservative and Unionist Party [The]","Liberal Democrats",1,3,93
25,"Dunfermline East","Labour Party [The]","Liberal Democrats",2,3,216
25,"Dunfermline East","Liberal Democrats","Liberal Democrats",3,3,1848
25,"Dunfermline East","Scottish National Party","Liberal Democrats",4,3,65
25,"Dunfermline East","spoilt","Liberal Democrats",5,3,43
25,"Dunfermline East","Other","Liberal Democrats",6,3,0
25,"Dunfermline East","Scottish Green Party","Liberal Democrats",7,3,0
25,"Dunfermline East","Conservative and Unionist Party [The]","Other",1,4,430
25,"Dunfermline East","Labour Party [The]","Other",2,4,767
25,"Dunfermline East","Liberal Democrats","Other",3,4,371
25,"Dunfermline East","Scottish National Party","Other",4,4,508
25,"Dunfermline East","spoilt","Other",5,4,151
25,"Dunfermline East","Other","Other",6,4,0
25,"Dunfermline East","Scottish Green Party","Other",7,4,0
25,"Dunfermline East","Conservative and Unionist Party [The]","Scottish Green Party",1,5,67
25,"Dunfermline East","Labour Party [The]","Scottish Green Party",2,5,221
25,"Dunfermline East","Liberal Democrats","Scottish Green Party",3,5,250
25,"Dunfermline East","Scottish National Party","Scottish Green Party",4,5,145
25,"Dunfermline East","spoilt","Scottish Green Party",5,5,31
25,"Dunfermline East","Other","Scottish Green Party",6,5,0
25,"Dunfermline East","Scottish Green Party","Scottish Green Party",7,5,0
25,"Dunfermline East","Conservative and Unionist Party [The]","Scottish National Party",1,6,272
25,"Dunfermline East","Labour Party [The]","Scottish National Party",2,6,357
25,"Dunfermline East","Liberal Democrats","Scottish National Party",3,6,164
25,"Dunfermline East","Scottish National Party","Scottish National Party",4,6,6044
25,"Dunfermline East","spoilt","Scottish National Party",5,6,237
25,"Dunfermline East","Other","Scottish National Party",6,6,0
25,"Dunfermline East","Scottish Green Party","Scottish National Party",7,6,0
25,"Dunfermline East","Conservative and Unionist Party [The]","spoilt",1,7,126
25,"Dunfermline East","Labour Party [The]","spoilt",2,7,286
25,"Dunfermline East","Liberal Democrats","spoilt",3,7,23
25,"Dunfermline East","Scottish National Party","spoilt",4,7,78
25,"Dunfermline East","spoilt","spoilt",5,7,169
25,"Dunfermline East","Other","spoilt",6,7,0
25,"Dunfermline East","Scottish Green Party","spoilt",7,7,0
26,"Dunfermline West","Conservative and Unionist Party [The]","Conservative and Unionist Party [The]",1,1,1819
26,"Dunfermline West","Labour Party [The]","Conservative and Unionist Party [The]",2,1,59
26,"Dunfermline West","Liberal Democrats","Conservative and Unionist Party [The]",3,1,415
26,"Dunfermline West","Scottish National Party","Conservative and Unionist Party [The]",4,1,59
26,"Dunfermline West","spoilt","Conservative and Unionist Party [The]",5,1,22
26,"Dunfermline West","Other","Conservative and Unionist Party [The]",6,1,0
26,"Dunfermline West","Scottish Green Party","Conservative and Unionist Party [The]",7,1,9
26,"Dunfermline West","Conservative and Unionist Party [The]","Labour Party [The]",1,2,43
26,"Dunfermline West","Labour Party [The]","Labour Party [The]",2,2,8078
26,"Dunfermline West","Liberal Democrats","Labour Party [The]",3,2,601
26,"Dunfermline West","Scottish National Party","Labour Party [The]",4,2,130
26,"Dunfermline West","spoilt","Labour Party [The]",5,2,244
26,"Dunfermline West","Other","Labour Party [The]",6,2,0
26,"Dunfermline West","Scottish Green Party","Labour Party [The]",7,2,32
26,"Dunfermline West","Conservative and Unionist Party [The]","Liberal Democrats",1,3,74
26,"Dunfermline West","Labour Party [The]","Liberal Democrats",2,3,163
26,"Dunfermline West","Liberal Democrats","Liberal Democrats",3,3,6838
26,"Dunfermline West","Scottish National Party","Liberal Democrats",4,3,94
26,"Dunfermline West","spoilt","Liberal Democrats",5,3,72
26,"Dunfermline West","Other","Liberal Democrats",6,3,0
26,"Dunfermline West","Scottish Green Party","Liberal Democrats",7,3,26
26,"Dunfermline West","Conservative and Unionist Party [The]","Other",1,4,285
26,"Dunfermline West","Labour Party [The]","Other",2,4,478
26,"Dunfermline West","Liberal Democrats","Other",3,4,619
26,"Dunfermline West","Scottish National Party","Other",4,4,367
26,"Dunfermline West","spoilt","Other",5,4,93
26,"Dunfermline West","Other","Other",6,4,0
26,"Dunfermline West","Scottish Green Party","Other",7,4,233
26,"Dunfermline West","Conservative and Unionist Party [The]","Scottish Green Party",1,5,51
26,"Dunfermline West","Labour Party [The]","Scottish Green Party",2,5,172
26,"Dunfermline West","Liberal Democrats","Scottish Green Party",3,5,474
26,"Dunfermline West","Scottish National Party","Scottish Green Party",4,5,137
26,"Dunfermline West","spoilt","Scottish Green Party",5,5,23
26,"Dunfermline West","Other","Scottish Green Party",6,5,0
26,"Dunfermline West","Scottish Green Party","Scottish Green Party",7,5,68
26,"Dunfermline West","Conservative and Unionist Party [The]","Scottish National Party",1,6,67
26,"Dunfermline West","Labour Party [The]","Scottish National Party",2,6,242
26,"Dunfermline West","Liberal Democrats","Scottish National Party",3,6,903
26,"Dunfermline West","Scottish National Party","Scottish National Party",4,6,6447
26,"Dunfermline West","spoilt","Scottish National Party",5,6,163
26,"Dunfermline West","Other","Scottish National Party",6,6,0
26,"Dunfermline West","Scottish Green Party","Scottish National Party",7,6,56
26,"Dunfermline West","Conservative and Unionist Party [The]","spoilt",1,7,24
26,"Dunfermline West","Labour Party [The]","spoilt",2,7,284
26,"Dunfermline West","Liberal Democrats","spoilt",3,7,102
26,"Dunfermline West","Scottish National Party","spoilt",4,7,62
26,"Dunfermline West","spoilt","spoilt",5,7,140
26,"Dunfermline West","Other","spoilt",6,7,0
26,"Dunfermline West","Scottish Green Party","spoilt",7,7,14
27,"EASTWOOD","Conservative and Unionist Party [The]","Conservative and Unionist Party [The]",1,1,10695
27,"EASTWOOD","Labour Party [The]","Conservative and Unionist Party [The]",2,1,377
27,"EASTWOOD","Liberal Democrats","Conservative and Unionist Party [The]",3,1,121
27,"EASTWOOD","Scottish National Party","Conservative and Unionist Party [The]",4,1,44
27,"EASTWOOD","spoilt","Conservative and Unionist Party [The]",5,1,87
27,"EASTWOOD","Other","Conservative and Unionist Party [The]",6,1,146
27,"EASTWOOD","Scottish Green Party","Conservative and Unionist Party [The]",7,1,0
27,"EASTWOOD","Conservative and Unionist Party [The]","Labour Party [The]",1,2,402
27,"EASTWOOD","Labour Party [The]","Labour Party [The]",2,2,11202
27,"EASTWOOD","Liberal Democrats","Labour Party [The]",3,2,174
27,"EASTWOOD","Scottish National Party","Labour Party [The]",4,2,138
27,"EASTWOOD","spoilt","Labour Party [The]",5,2,321
27,"EASTWOOD","Other","Labour Party [The]",6,2,128
27,"EASTWOOD","Scottish Green Party","Labour Party [The]",7,2,0
27,"EASTWOOD","Conservative and Unionist Party [The]","Liberal Democrats",1,3,302
27,"EASTWOOD","Labour Party [The]","Liberal Democrats",2,3,604
27,"EASTWOOD","Liberal Democrats","Liberal Democrats",3,3,2191
27,"EASTWOOD","Scottish National Party","Liberal Democrats",4,3,82
27,"EASTWOOD","spoilt","Liberal Democrats",5,3,36
27,"EASTWOOD","Other","Liberal Democrats",6,3,117
27,"EASTWOOD","Scottish Green Party","Liberal Democrats",7,3,0
27,"EASTWOOD","Conservative and Unionist Party [The]","Other",1,4,1104
27,"EASTWOOD","Labour Party [The]","Other",2,4,1103
27,"EASTWOOD","Liberal Democrats","Other",3,4,373
27,"EASTWOOD","Scottish National Party","Other",4,4,632
27,"EASTWOOD","spoilt","Other",5,4,151
27,"EASTWOOD","Other","Other",6,4,543
27,"EASTWOOD","Scottish Green Party","Other",7,4,0
27,"EASTWOOD","Conservative and Unionist Party [The]","Scottish Green Party",1,5,184
27,"EASTWOOD","Labour Party [The]","Scottish Green Party",2,5,522
27,"EASTWOOD","Liberal Democrats","Scottish Green Party",3,5,386
27,"EASTWOOD","Scottish National Party","Scottish Green Party",4,5,218
27,"EASTWOOD","spoilt","Scottish Green Party",5,5,35
27,"EASTWOOD","Other","Scottish Green Party",6,5,170
27,"EASTWOOD","Scottish Green Party","Scottish Green Party",7,5,0
27,"EASTWOOD","Conservative and Unionist Party [The]","Scottish National Party",1,6,1110
27,"EASTWOOD","Labour Party [The]","Scottish National Party",2,6,916
27,"EASTWOOD","Liberal Democrats","Scottish National Party",3,6,308
27,"EASTWOOD","Scottish National Party","Scottish National Party",4,6,6755
27,"EASTWOOD","spoilt","Scottish National Party",5,6,190
27,"EASTWOOD","Other","Scottish National Party",6,6,181
27,"EASTWOOD","Scottish Green Party","Scottish National Party",7,6,0
27,"EASTWOOD","Conservative and Unionist Party [The]","spoilt",1,7,389
27,"EASTWOOD","Labour Party [The]","spoilt",2,7,353
27,"EASTWOOD","Liberal Democrats","spoilt",3,7,50
27,"EASTWOOD","Scottish National Party","spoilt",4,7,103
27,"EASTWOOD","spoilt","spoilt",5,7,170
27,"EASTWOOD","Other","spoilt",6,7,42
27,"EASTWOOD","Scottish Green Party","spoilt",7,7,0
28,"East Kilbride","Conservative and Unionist Party [The]","Conservative and Unionist Party [The]",1,1,2962
28,"East Kilbride","Labour Party [The]","Conservative and Unionist Party [The]",2,1,178
28,"East Kilbride","Liberal Democrats","Conservative and Unionist Party [The]",3,1,65
28,"East Kilbride","Scottish National Party","Conservative and Unionist Party [The]",4,1,194
28,"East Kilbride","spoilt","Conservative and Unionist Party [The]",5,1,53
28,"East Kilbride","Other","Conservative and Unionist Party [The]",6,1,0
28,"East Kilbride","Scottish Green Party","Conservative and Unionist Party [The]",7,1,0
28,"East Kilbride","Conservative and Unionist Party [The]","Labour Party [The]",1,2,107
28,"East Kilbride","Labour Party [The]","Labour Party [The]",2,2,12233
28,"East Kilbride","Liberal Democrats","Labour Party [The]",3,2,190
28,"East Kilbride","Scottish National Party","Labour Party [The]",4,2,488
28,"East Kilbride","spoilt","Labour Party [The]",5,2,317
28,"East Kilbride","Other","Labour Party [The]",6,2,0
28,"East Kilbride","Scottish Green Party","Labour Party [The]",7,2,0
28,"East Kilbride","Conservative and Unionist Party [The]","Liberal Democrats",1,3,50
28,"East Kilbride","Labour Party [The]","Liberal Democrats",2,3,238
28,"East Kilbride","Liberal Democrats","Liberal Democrats",3,3,1676
28,"East Kilbride","Scottish National Party","Liberal Democrats",4,3,203
28,"East Kilbride","spoilt","Liberal Democrats",5,3,16
28,"East Kilbride","Other","Liberal Democrats",6,3,0
28,"East Kilbride","Scottish Green Party","Liberal Democrats",7,3,0
28,"East Kilbride","Conservative and Unionist Party [The]","Other",1,4,699
28,"East Kilbride","Labour Party [The]","Other",2,4,1506
28,"East Kilbride","Liberal Democrats","Other",3,4,561
28,"East Kilbride","Scottish National Party","Other",4,4,1325
28,"East Kilbride","spoilt","Other",5,4,222
28,"East Kilbride","Other","Other",6,4,0
28,"East Kilbride","Scottish Green Party","Other",7,4,0
28,"East Kilbride","Conservative and Unionist Party [The]","Scottish Green Party",1,5,96
28,"East Kilbride","Labour Party [The]","Scottish Green Party",2,5,345
28,"East Kilbride","Liberal Democrats","Scottish Green Party",3,5,359
28,"East Kilbride","Scottish National Party","Scottish Green Party",4,5,457
28,"East Kilbride","spoilt","Scottish Green Party",5,5,57
28,"East Kilbride","Other","Scottish Green Party",6,5,0
28,"East Kilbride","Scottish Green Party","Scottish Green Party",7,5,0
28,"East Kilbride","Conservative and Unionist Party [The]","Scottish National Party",1,6,142
28,"East Kilbride","Labour Party [The]","Scottish National Party",2,6,463
28,"East Kilbride","Liberal Democrats","Scottish National Party",3,6,205
28,"East Kilbride","Scottish National Party","Scottish National Party",4,6,10549
28,"East Kilbride","spoilt","Scottish National Party",5,6,195
28,"East Kilbride","Other","Scottish National Party",6,6,0
28,"East Kilbride","Scottish Green Party","Scottish National Party",7,6,0
28,"East Kilbride","Conservative and Unionist Party [The]","spoilt",1,7,58
28,"East Kilbride","Labour Party [The]","spoilt",2,7,371
28,"East Kilbride","Liberal Democrats","spoilt",3,7,36
28,"East Kilbride","Scottish National Party","spoilt",4,7,146
28,"East Kilbride","spoilt","spoilt",5,7,173
28,"East Kilbride","Other","spoilt",6,7,0
28,"East Kilbride","Scottish Green Party","spoilt",7,7,0
29,"East Lothian","Conservative and Unionist Party [The]","Conservative and Unionist Party [The]",1,1,5052
29,"East Lothian","Labour Party [The]","Conservative and Unionist Party [The]",2,1,115
29,"East Lothian","Liberal Democrats","Conservative and Unionist Party [The]",3,1,305
29,"East Lothian","Scottish National Party","Conservative and Unionist Party [The]",4,1,89
29,"East Lothian","spoilt","Conservative and Unionist Party [The]",5,1,101
29,"East Lothian","Other","Conservative and Unionist Party [The]",6,1,0
29,"East Lothian","Scottish Green Party","Conservative and Unionist Party [The]",7,1,0
29,"East Lothian","Conservative and Unionist Party [The]","Labour Party [The]",1,2,128
29,"East Lothian","Labour Party [The]","Labour Party [The]",2,2,10221
29,"East Lothian","Liberal Democrats","Labour Party [The]",3,2,417
29,"East Lothian","Scottish National Party","Labour Party [The]",4,2,157
29,"East Lothian","spoilt","Labour Party [The]",5,2,348
29,"East Lothian","Other","Labour Party [The]",6,2,0
29,"East Lothian","Scottish Green Party","Labour Party [The]",7,2,0
29,"East Lothian","Conservative and Unionist Party [The]","Liberal Democrats",1,3,109
29,"East Lothian","Labour Party [The]","Liberal Democrats",2,3,166
29,"East Lothian","Liberal Democrats","Liberal Democrats",3,3,3677
29,"East Lothian","Scottish National Party","Liberal Democrats",4,3,104
29,"East Lothian","spoilt","Liberal Democrats",5,3,36
29,"East Lothian","Other","Liberal Democrats",6,3,0
29,"East Lothian","Scottish Green Party","Liberal Democrats",7,3,0
29,"East Lothian","Conservative and Unionist Party [The]","Other",1,4,445
29,"East Lothian","Labour Party [The]","Other",2,4,533
29,"East Lothian","Liberal Democrats","Other",3,4,397
29,"East Lothian","Scottish National Party","Other",4,4,516
29,"East Lothian","spoilt","Other",5,4,133
29,"East Lothian","Other","Other",6,4,0
29,"East Lothian","Scottish Green Party","Other",7,4,0
29,"East Lothian","Conservative and Unionist Party [The]","Scottish Green Party",1,5,134
29,"East Lothian","Labour Party [The]","Scottish Green Party",2,5,361
29,"East Lothian","Liberal Democrats","Scottish Green Party",3,5,783
29,"East Lothian","Scottish National Party","Scottish Green Party",4,5,284
29,"East Lothian","spoilt","Scottish Green Party",5,5,42
29,"East Lothian","Other","Scottish Green Party",6,5,0
29,"East Lothian","Scottish Green Party","Scottish Green Party",7,5,0
29,"East Lothian","Conservative and Unionist Party [The]","Scottish National Party",1,6,258
29,"East Lothian","Labour Party [The]","Scottish National Party",2,6,356
29,"East Lothian","Liberal Democrats","Scottish National Party",3,6,591
29,"East Lothian","Scottish National Party","Scottish National Party",4,6,8472
29,"East Lothian","spoilt","Scottish National Party",5,6,241
29,"East Lothian","Other","Scottish National Party",6,6,0
29,"East Lothian","Scottish Green Party","Scottish National Party",7,6,0
29,"East Lothian","Conservative and Unionist Party [The]","spoilt",1,7,106
29,"East Lothian","Labour Party [The]","spoilt",2,7,467
29,"East Lothian","Liberal Democrats","spoilt",3,7,79
29,"East Lothian","Scottish National Party","spoilt",4,7,149
29,"East Lothian","spoilt","spoilt",5,7,168
29,"East Lothian","Other","spoilt",6,7,0
29,"East Lothian","Scottish Green Party","spoilt",7,7,0
30,"Edinburgh Central","Conservative and Unionist Party [The]","Conservative and Unionist Party [The]",1,1,3506
30,"Edinburgh Central","Labour Party [The]","Conservative and Unionist Party [The]",2,1,201
30,"Edinburgh Central","Liberal Democrats","Conservative and Unionist Party [The]",3,1,259
30,"Edinburgh Central","Scottish National Party","Conservative and Unionist Party [The]",4,1,45
30,"Edinburgh Central","spoilt","Conservative and Unionist Party [The]",5,1,96
30,"Edinburgh Central","Other","Conservative and Unionist Party [The]",6,1,0
30,"Edinburgh Central","Scottish Green Party","Conservative and Unionist Party [The]",7,1,0
30,"Edinburgh Central","Conservative and Unionist Party [The]","Labour Party [The]",1,2,96
30,"Edinburgh Central","Labour Party [The]","Labour Party [The]",2,2,5983
30,"Edinburgh Central","Liberal Democrats","Labour Party [The]",3,2,295
30,"Edinburgh Central","Scottish National Party","Labour Party [The]",4,2,66
30,"Edinburgh Central","spoilt","Labour Party [The]",5,2,316
30,"Edinburgh Central","Other","Labour Party [The]",6,2,0
30,"Edinburgh Central","Scottish Green Party","Labour Party [The]",7,2,0
30,"Edinburgh Central","Conservative and Unionist Party [The]","Liberal Democrats",1,3,100
30,"Edinburgh Central","Labour Party [The]","Liberal Democrats",2,3,306
30,"Edinburgh Central","Liberal Democrats","Liberal Democrats",3,3,4052
30,"Edinburgh Central","Scottish National Party","Liberal Democrats",4,3,72
30,"Edinburgh Central","spoilt","Liberal Democrats",5,3,91
30,"Edinburgh Central","Other","Liberal Democrats",6,3,0
30,"Edinburgh Central","Scottish Green Party","Liberal Democrats",7,3,0
30,"Edinburgh Central","Conservative and Unionist Party [The]","Other",1,4,701
30,"Edinburgh Central","Labour Party [The]","Other",2,4,1100
30,"Edinburgh Central","Liberal Democrats","Other",3,4,1036
30,"Edinburgh Central","Scottish National Party","Other",4,4,908
30,"Edinburgh Central","spoilt","Other",5,4,271
30,"Edinburgh Central","Other","Other",6,4,0
30,"Edinburgh Central","Scottish Green Party","Other",7,4,0
30,"Edinburgh Central","Conservative and Unionist Party [The]","Scottish Green Party",1,5,166
30,"Edinburgh Central","Labour Party [The]","Scottish Green Party",2,5,970
30,"Edinburgh Central","Liberal Democrats","Scottish Green Party",3,5,1703
30,"Edinburgh Central","Scottish National Party","Scottish Green Party",4,5,620
30,"Edinburgh Central","spoilt","Scottish Green Party",5,5,160
30,"Edinburgh Central","Other","Scottish Green Party",6,5,0
30,"Edinburgh Central","Scottish Green Party","Scottish Green Party",7,5,0
30,"Edinburgh Central","Conservative and Unionist Party [The]","Scottish National Party",1,6,141
30,"Edinburgh Central","Labour Party [The]","Scottish National Party",2,6,255
30,"Edinburgh Central","Liberal Democrats","Scottish National Party",3,6,534
30,"Edinburgh Central","Scottish National Party","Scottish National Party",4,6,5642
30,"Edinburgh Central","spoilt","Scottish National Party",5,6,304
30,"Edinburgh Central","Other","Scottish National Party",6,6,0
30,"Edinburgh Central","Scottish Green Party","Scottish National Party",7,6,0
30,"Edinburgh Central","Conservative and Unionist Party [The]","spoilt",1,7,73
30,"Edinburgh Central","Labour Party [The]","spoilt",2,7,340
30,"Edinburgh Central","Liberal Democrats","spoilt",3,7,83
30,"Edinburgh Central","Scottish National Party","spoilt",4,7,143
30,"Edinburgh Central","spoilt","spoilt",5,7,263
30,"Edinburgh Central","Other","spoilt",6,7,0
30,"Edinburgh Central","Scottish Green Party","spoilt",7,7,0
31,"Edinburgh East and Musselburgh","Conservative and Unionist Party [The]","Conservative and Unionist Party [The]",1,1,2286
31,"Edinburgh East and Musselburgh","Labour Party [The]","Conservative and Unionist Party [The]",2,1,67
31,"Edinburgh East and Musselburgh","Liberal Democrats","Conservative and Unionist Party [The]",3,1,103
31,"Edinburgh East and Musselburgh","Scottish National Party","Conservative and Unionist Party [The]",4,1,72
31,"Edinburgh East and Musselburgh","spoilt","Conservative and Unionist Party [The]",5,1,162
31,"Edinburgh East and Musselburgh","Other","Conservative and Unionist Party [The]",6,1,0
31,"Edinburgh East and Musselburgh","Scottish Green Party","Conservative and Unionist Party [The]",7,1,0
31,"Edinburgh East and Musselburgh","Conservative and Unionist Party [The]","Labour Party [The]",1,2,82
31,"Edinburgh East and Musselburgh","Labour Party [The]","Labour Party [The]",2,2,7332
31,"Edinburgh East and Musselburgh","Liberal Democrats","Labour Party [The]",3,2,285
31,"Edinburgh East and Musselburgh","Scottish National Party","Labour Party [The]",4,2,249
31,"Edinburgh East and Musselburgh","spoilt","Labour Party [The]",5,2,802
31,"Edinburgh East and Musselburgh","Other","Labour Party [The]",6,2,0
31,"Edinburgh East and Musselburgh","Scottish Green Party","Labour Party [The]",7,2,0
31,"Edinburgh East and Musselburgh","Conservative and Unionist Party [The]","Liberal Democrats",1,3,63
31,"Edinburgh East and Musselburgh","Labour Party [The]","Liberal Democrats",2,3,143
31,"Edinburgh East and Musselburgh","Liberal Democrats","Liberal Democrats",3,3,2777
31,"Edinburgh East and Musselburgh","Scottish National Party","Liberal Democrats",4,3,146
31,"Edinburgh East and Musselburgh","spoilt","Liberal Democrats",5,3,121
31,"Edinburgh East and Musselburgh","Other","Liberal Democrats",6,3,0
31,"Edinburgh East and Musselburgh","Scottish Green Party","Liberal Democrats",7,3,0
31,"Edinburgh East and Musselburgh","Conservative and Unionist Party [The]","Other",1,4,749
31,"Edinburgh East and Musselburgh","Labour Party [The]","Other",2,4,1219
31,"Edinburgh East and Musselburgh","Liberal Democrats","Other",3,4,1034
31,"Edinburgh East and Musselburgh","Scottish National Party","Other",4,4,1560
31,"Edinburgh East and Musselburgh","spoilt","Other",5,4,474
31,"Edinburgh East and Musselburgh","Other","Other",6,4,0
31,"Edinburgh East and Musselburgh","Scottish Green Party","Other",7,4,0
31,"Edinburgh East and Musselburgh","Conservative and Unionist Party [The]","Scottish Green Party",1,5,104
31,"Edinburgh East and Musselburgh","Labour Party [The]","Scottish Green Party",2,5,594
31,"Edinburgh East and Musselburgh","Liberal Democrats","Scottish Green Party",3,5,984
31,"Edinburgh East and Musselburgh","Scottish National Party","Scottish Green Party",4,5,616
31,"Edinburgh East and Musselburgh","spoilt","Scottish Green Party",5,5,131
31,"Edinburgh East and Musselburgh","Other","Scottish Green Party",6,5,0
31,"Edinburgh East and Musselburgh","Scottish Green Party","Scottish Green Party",7,5,0
31,"Edinburgh East and Musselburgh","Conservative and Unionist Party [The]","Scottish National Party",1,6,95
31,"Edinburgh East and Musselburgh","Labour Party [The]","Scottish National Party",2,6,165
31,"Edinburgh East and Musselburgh","Liberal Democrats","Scottish National Party",3,6,217
31,"Edinburgh East and Musselburgh","Scottish National Party","Scottish National Party",4,6,8337
31,"Edinburgh East and Musselburgh","spoilt","Scottish National Party",5,6,427
31,"Edinburgh East and Musselburgh","Other","Scottish National Party",6,6,0
31,"Edinburgh East and Musselburgh","Scottish Green Party","Scottish National Party",7,6,0
31,"Edinburgh East and Musselburgh","Conservative and Unionist Party [The]","spoilt",1,7,79
31,"Edinburgh East and Musselburgh","Labour Party [The]","spoilt",2,7,307
31,"Edinburgh East and Musselburgh","Liberal Democrats","spoilt",3,7,73
31,"Edinburgh East and Musselburgh","Scottish National Party","spoilt",4,7,229
31,"Edinburgh East and Musselburgh","spoilt","spoilt",5,7,404
31,"Edinburgh East and Musselburgh","Other","spoilt",6,7,0
31,"Edinburgh East and Musselburgh","Scottish Green Party","spoilt",7,7,0
32,"Edinburgh North and Leith","Conservative and Unionist Party [The]","Conservative and Unionist Party [The]",1,1,3001
32,"Edinburgh North and Leith","Labour Party [The]","Conservative and Unionist Party [The]",2,1,259
32,"Edinburgh North and Leith","Liberal Democrats","Conservative and Unionist Party [The]",3,1,302
32,"Edinburgh North and Leith","Scottish National Party","Conservative and Unionist Party [The]",4,1,34
32,"Edinburgh North and Leith","spoilt","Conservative and Unionist Party [The]",5,1,111
32,"Edinburgh North and Leith","Other","Conservative and Unionist Party [The]",6,1,0
32,"Edinburgh North and Leith","Scottish Green Party","Conservative and Unionist Party [The]",7,1,0
32,"Edinburgh North and Leith","Conservative and Unionist Party [The]","Labour Party [The]",1,2,69
32,"Edinburgh North and Leith","Labour Party [The]","Labour Party [The]",2,2,6562
32,"Edinburgh North and Leith","Liberal Democrats","Labour Party [The]",3,2,239
32,"Edinburgh North and Leith","Scottish National Party","Labour Party [The]",4,2,75
32,"Edinburgh North and Leith","spoilt","Labour Party [The]",5,2,308
32,"Edinburgh North and Leith","Other","Labour Party [The]",6,2,0
32,"Edinburgh North and Leith","Scottish Green Party","Labour Party [The]",7,2,0
32,"Edinburgh North and Leith","Conservative and Unionist Party [The]","Liberal Democrats",1,3,81
32,"Edinburgh North and Leith","Labour Party [The]","Liberal Democrats",2,3,515
32,"Edinburgh North and Leith","Liberal Democrats","Liberal Democrats",3,3,4579
32,"Edinburgh North and Leith","Scottish National Party","Liberal Democrats",4,3,86
32,"Edinburgh North and Leith","spoilt","Liberal Democrats",5,3,143
32,"Edinburgh North and Leith","Other","Liberal Democrats",6,3,0
32,"Edinburgh North and Leith","Scottish Green Party","Liberal Democrats",7,3,0
32,"Edinburgh North and Leith","Conservative and Unionist Party [The]","Other",1,4,551
32,"Edinburgh North and Leith","Labour Party [The]","Other",2,4,1387
32,"Edinburgh North and Leith","Liberal Democrats","Other",3,4,1117
32,"Edinburgh North and Leith","Scottish National Party","Other",4,4,996
32,"Edinburgh North and Leith","spoilt","Other",5,4,259
32,"Edinburgh North and Leith","Other","Other",6,4,0
32,"Edinburgh North and Leith","Scottish Green Party","Other",7,4,0
32,"Edinburgh North and Leith","Conservative and Unionist Party [The]","Scottish Green Party",1,5,141
32,"Edinburgh North and Leith","Labour Party [The]","Scottish Green Party",2,5,1297
32,"Edinburgh North and Leith","Liberal Democrats","Scottish Green Party",3,5,1570
32,"Edinburgh North and Leith","Scottish National Party","Scottish Green Party",4,5,643
32,"Edinburgh North and Leith","spoilt","Scottish Green Party",5,5,154
32,"Edinburgh North and Leith","Other","Scottish Green Party",6,5,0
32,"Edinburgh North and Leith","Scottish Green Party","Scottish Green Party",7,5,0
32,"Edinburgh North and Leith","Conservative and Unionist Party [The]","Scottish National Party",1,6,111
32,"Edinburgh North and Leith","Labour Party [The]","Scottish National Party",2,6,530
32,"Edinburgh North and Leith","Liberal Democrats","Scottish National Party",3,6,633
32,"Edinburgh North and Leith","Scottish National Party","Scottish National Party",4,6,6067
32,"Edinburgh North and Leith","spoilt","Scottish National Party",5,6,317
32,"Edinburgh North and Leith","Other","Scottish National Party",6,6,0
32,"Edinburgh North and Leith","Scottish Green Party","Scottish National Party",7,6,0
32,"Edinburgh North and Leith","Conservative and Unionist Party [The]","spoilt",1,7,91
32,"Edinburgh North and Leith","Labour Party [The]","spoilt",2,7,470
32,"Edinburgh North and Leith","Liberal Democrats","spoilt",3,7,136
32,"Edinburgh North and Leith","Scottish National Party","spoilt",4,7,143
32,"Edinburgh North and Leith","spoilt","spoilt",5,7,244
32,"Edinburgh North and Leith","Other","spoilt",6,7,0
32,"Edinburgh North and Leith","Scottish Green Party","spoilt",7,7,0
33,"Edinburgh Pentlands","Conservative and Unionist Party [The]","Conservative and Unionist Party [The]",1,1,8578
33,"Edinburgh Pentlands","Labour Party [The]","Conservative and Unionist Party [The]",2,1,45
33,"Edinburgh Pentlands","Liberal Democrats","Conservative and Unionist Party [The]",3,1,69
33,"Edinburgh Pentlands","Scottish National Party","Conservative and Unionist Party [The]",4,1,43
33,"Edinburgh Pentlands","spoilt","Conservative and Unionist Party [The]",5,1,205
33,"Edinburgh Pentlands","Other","Conservative and Unionist Party [The]",6,1,0
33,"Edinburgh Pentlands","Scottish Green Party","Conservative and Unionist Party [The]",7,1,0
33,"Edinburgh Pentlands","Conservative and Unionist Party [The]","Labour Party [The]",1,2,525
33,"Edinburgh Pentlands","Labour Party [The]","Labour Party [The]",2,2,6238
33,"Edinburgh Pentlands","Liberal Democrats","Labour Party [The]",3,2,219
33,"Edinburgh Pentlands","Scottish National Party","Labour Party [The]",4,2,169
33,"Edinburgh Pentlands","spoilt","Labour Party [The]",5,2,388
33,"Edinburgh Pentlands","Other","Labour Party [The]",6,2,0
33,"Edinburgh Pentlands","Scottish Green Party","Labour Party [The]",7,2,0
33,"Edinburgh Pentlands","Conservative and Unionist Party [The]","Liberal Democrats",1,3,429
33,"Edinburgh Pentlands","Labour Party [The]","Liberal Democrats",2,3,172
33,"Edinburgh Pentlands","Liberal Democrats","Liberal Democrats",3,3,2652
33,"Edinburgh Pentlands","Scottish National Party","Liberal Democrats",4,3,76
33,"Edinburgh Pentlands","spoilt","Liberal Democrats",5,3,72
33,"Edinburgh Pentlands","Other","Liberal Democrats",6,3,0
33,"Edinburgh Pentlands","Scottish Green Party","Liberal Democrats",7,3,0
33,"Edinburgh Pentlands","Conservative and Unionist Party [The]","Other",1,4,1898
33,"Edinburgh Pentlands","Labour Party [The]","Other",2,4,1045
33,"Edinburgh Pentlands","Liberal Democrats","Other",3,4,864
33,"Edinburgh Pentlands","Scottish National Party","Other",4,4,1063
33,"Edinburgh Pentlands","spoilt","Other",5,4,235
33,"Edinburgh Pentlands","Other","Other",6,4,0
33,"Edinburgh Pentlands","Scottish Green Party","Other",7,4,0
33,"Edinburgh Pentlands","Conservative and Unionist Party [The]","Scottish Green Party",1,5,342
33,"Edinburgh Pentlands","Labour Party [The]","Scottish Green Party",2,5,504
33,"Edinburgh Pentlands","Liberal Democrats","Scottish Green Party",3,5,712
33,"Edinburgh Pentlands","Scottish National Party","Scottish Green Party",4,5,372
33,"Edinburgh Pentlands","spoilt","Scottish Green Party",5,5,88
33,"Edinburgh Pentlands","Other","Scottish Green Party",6,5,0
33,"Edinburgh Pentlands","Scottish Green Party","Scottish Green Party",7,5,0
33,"Edinburgh Pentlands","Conservative and Unionist Party [The]","Scottish National Party",1,6,798
33,"Edinburgh Pentlands","Labour Party [The]","Scottish National Party",2,6,203
33,"Edinburgh Pentlands","Liberal Democrats","Scottish National Party",3,6,250
33,"Edinburgh Pentlands","Scottish National Party","Scottish National Party",4,6,6340
33,"Edinburgh Pentlands","spoilt","Scottish National Party",5,6,288
33,"Edinburgh Pentlands","Other","Scottish National Party",6,6,0
33,"Edinburgh Pentlands","Scottish Green Party","Scottish National Party",7,6,0
33,"Edinburgh Pentlands","Conservative and Unionist Party [The]","spoilt",1,7,357
33,"Edinburgh Pentlands","Labour Party [The]","spoilt",2,7,195
33,"Edinburgh Pentlands","Liberal Democrats","spoilt",3,7,48
33,"Edinburgh Pentlands","Scottish National Party","spoilt",4,7,171
33,"Edinburgh Pentlands","spoilt","spoilt",5,7,252
33,"Edinburgh Pentlands","Other","spoilt",6,7,0
33,"Edinburgh Pentlands","Scottish Green Party","spoilt",7,7,0
34,"Edinburgh South","Conservative and Unionist Party [The]","Conservative and Unionist Party [The]",1,1,4100
34,"Edinburgh South","Labour Party [The]","Conservative and Unionist Party [The]",2,1,181
34,"Edinburgh South","Liberal Democrats","Conservative and Unionist Party [The]",3,1,502
34,"Edinburgh South","Scottish National Party","Conservative and Unionist Party [The]",4,1,29
34,"Edinburgh South","spoilt","Conservative and Unionist Party [The]",5,1,106
34,"Edinburgh South","Other","Conservative and Unionist Party [The]",6,1,0
34,"Edinburgh South","Scottish Green Party","Conservative and Unionist Party [The]",7,1,0
34,"Edinburgh South","Conservative and Unionist Party [The]","Labour Party [The]",1,2,119
34,"Edinburgh South","Labour Party [The]","Labour Party [The]",2,2,6567
34,"Edinburgh South","Liberal Democrats","Labour Party [The]",3,2,631
34,"Edinburgh South","Scottish National Party","Labour Party [The]",4,2,60
34,"Edinburgh South","spoilt","Labour Party [The]",5,2,326
34,"Edinburgh South","Other","Labour Party [The]",6,2,0
34,"Edinburgh South","Scottish Green Party","Labour Party [The]",7,2,0
34,"Edinburgh South","Conservative and Unionist Party [The]","Liberal Democrats",1,3,119
34,"Edinburgh South","Labour Party [The]","Liberal Democrats",2,3,203
34,"Edinburgh South","Liberal Democrats","Liberal Democrats",3,3,5293
34,"Edinburgh South","Scottish National Party","Liberal Democrats",4,3,63
34,"Edinburgh South","spoilt","Liberal Democrats",5,3,130
34,"Edinburgh South","Other","Liberal Democrats",6,3,0
34,"Edinburgh South","Scottish Green Party","Liberal Democrats",7,3,0
34,"Edinburgh South","Conservative and Unionist Party [The]","Other",1,4,781
34,"Edinburgh South","Labour Party [The]","Other",2,4,1124
34,"Edinburgh South","Liberal Democrats","Other",3,4,1663
34,"Edinburgh South","Scottish National Party","Other",4,4,722
34,"Edinburgh South","spoilt","Other",5,4,228
34,"Edinburgh South","Other","Other",6,4,0
34,"Edinburgh South","Scottish Green Party","Other",7,4,0
34,"Edinburgh South","Conservative and Unionist Party [The]","Scottish Green Party",1,5,200
34,"Edinburgh South","Labour Party [The]","Scottish Green Party",2,5,693
34,"Edinburgh South","Liberal Democrats","Scottish Green Party",3,5,2108
34,"Edinburgh South","Scottish National Party","Scottish Green Party",4,5,333
34,"Edinburgh South","spoilt","Scottish Green Party",5,5,122
34,"Edinburgh South","Other","Scottish Green Party",6,5,0
34,"Edinburgh South","Scottish Green Party","Scottish Green Party",7,5,0
34,"Edinburgh South","Conservative and Unionist Party [The]","Scottish National Party",1,6,169
34,"Edinburgh South","Labour Party [The]","Scottish National Party",2,6,247
34,"Edinburgh South","Liberal Democrats","Scottish National Party",3,6,1035
34,"Edinburgh South","Scottish National Party","Scottish National Party",4,6,4814
34,"Edinburgh South","spoilt","Scottish National Party",5,6,250
34,"Edinburgh South","Other","Scottish National Party",6,6,0
34,"Edinburgh South","Scottish Green Party","Scottish National Party",7,6,0
34,"Edinburgh South","Conservative and Unionist Party [The]","spoilt",1,7,101
34,"Edinburgh South","Labour Party [The]","spoilt",2,7,454
34,"Edinburgh South","Liberal Democrats","spoilt",3,7,166
34,"Edinburgh South","Scottish National Party","spoilt",4,7,96
34,"Edinburgh South","spoilt","spoilt",5,7,241
34,"Edinburgh South","Other","spoilt",6,7,0
34,"Edinburgh South","Scottish Green Party","spoilt",7,7,0
35,"Edinburgh West","Conservative and Unionist Party [The]","Conservative and Unionist Party [The]",1,1,5558
35,"Edinburgh West","Labour Party [The]","Conservative and Unionist Party [The]",2,1,26
35,"Edinburgh West","Liberal Democrats","Conservative and Unionist Party [The]",3,1,428
35,"Edinburgh West","Scottish National Party","Conservative and Unionist Party [The]",4,1,46
35,"Edinburgh West","spoilt","Conservative and Unionist Party [The]",5,1,195
35,"Edinburgh West","Other","Conservative and Unionist Party [The]",6,1,19
35,"Edinburgh West","Scottish Green Party","Conservative and Unionist Party [The]",7,1,0
35,"Edinburgh West","Conservative and Unionist Party [The]","Labour Party [The]",1,2,159
35,"Edinburgh West","Labour Party [The]","Labour Party [The]",2,2,4358
35,"Edinburgh West","Liberal Democrats","Labour Party [The]",3,2,1202
35,"Edinburgh West","Scottish National Party","Labour Party [The]",4,2,112
35,"Edinburgh West","spoilt","Labour Party [The]",5,2,503
35,"Edinburgh West","Other","Labour Party [The]",6,2,24
35,"Edinburgh West","Scottish Green Party","Labour Party [The]",7,2,0
35,"Edinburgh West","Conservative and Unionist Party [The]","Liberal Democrats",1,3,155
35,"Edinburgh West","Labour Party [The]","Liberal Democrats",2,3,84
35,"Edinburgh West","Liberal Democrats","Liberal Democrats",3,3,7804
35,"Edinburgh West","Scottish National Party","Liberal Democrats",4,3,109
35,"Edinburgh West","spoilt","Liberal Democrats",5,3,289
35,"Edinburgh West","Other","Liberal Democrats",6,3,27
35,"Edinburgh West","Scottish Green Party","Liberal Democrats",7,3,0
35,"Edinburgh West","Conservative and Unionist Party [The]","Other",1,4,942
35,"Edinburgh West","Labour Party [The]","Other",2,4,493
35,"Edinburgh West","Liberal Democrats","Other",3,4,2076
35,"Edinburgh West","Scottish National Party","Other",4,4,844
35,"Edinburgh West","spoilt","Other",5,4,267
35,"Edinburgh West","Other","Other",6,4,403
35,"Edinburgh West","Scottish Green Party","Other",7,4,0
35,"Edinburgh West","Conservative and Unionist Party [The]","Scottish Green Party",1,5,118
35,"Edinburgh West","Labour Party [The]","Scottish Green Party",2,5,172
35,"Edinburgh West","Liberal Democrats","Scottish Green Party",3,5,937
35,"Edinburgh West","Scottish National Party","Scottish Green Party",4,5,240
35,"Edinburgh West","spoilt","Scottish Green Party",5,5,57
35,"Edinburgh West","Other","Scottish Green Party",6,5,72
35,"Edinburgh West","Scottish Green Party","Scottish Green Party",7,5,0
35,"Edinburgh West","Conservative and Unionist Party [The]","Scottish National Party",1,6,270
35,"Edinburgh West","Labour Party [The]","Scottish National Party",2,6,80
35,"Edinburgh West","Liberal Democrats","Scottish National Party",3,6,991
35,"Edinburgh West","Scottish National Party","Scottish National Party",4,6,6282
35,"Edinburgh West","spoilt","Scottish National Party",5,6,316
35,"Edinburgh West","Other","Scottish National Party",6,6,28
35,"Edinburgh West","Scottish Green Party","Scottish National Party",7,6,0
35,"Edinburgh West","Conservative and Unionist Party [The]","spoilt",1,7,159
35,"Edinburgh West","Labour Party [The]","spoilt",2,7,130
35,"Edinburgh West","Liberal Democrats","spoilt",3,7,239
35,"Edinburgh West","Scottish National Party","spoilt",4,7,158
35,"Edinburgh West","spoilt","spoilt",5,7,278
35,"Edinburgh West","Other","spoilt",6,7,7
35,"Edinburgh West","Scottish Green Party","spoilt",7,7,0
36,"Falkirk East","Conservative and Unionist Party [The]","Conservative and Unionist Party [The]",1,1,2542
36,"Falkirk East","Labour Party [The]","Conservative and Unionist Party [The]",2,1,223
36,"Falkirk East","Liberal Democrats","Conservative and Unionist Party [The]",3,1,56
36,"Falkirk East","Scottish National Party","Conservative and Unionist Party [The]",4,1,138
36,"Falkirk East","spoilt","Conservative and Unionist Party [The]",5,1,63
36,"Falkirk East","Other","Conservative and Unionist Party [The]",6,1,0
36,"Falkirk East","Scottish Green Party","Conservative and Unionist Party [The]",7,1,0
36,"Falkirk East","Conservative and Unionist Party [The]","Labour Party [The]",1,2,124
36,"Falkirk East","Labour Party [The]","Labour Party [The]",2,2,10292
36,"Falkirk East","Liberal Democrats","Labour Party [The]",3,2,117
36,"Falkirk East","Scottish National Party","Labour Party [The]",4,2,358
36,"Falkirk East","spoilt","Labour Party [The]",5,2,343
36,"Falkirk East","Other","Labour Party [The]",6,2,0
36,"Falkirk East","Scottish Green Party","Labour Party [The]",7,2,0
36,"Falkirk East","Conservative and Unionist Party [The]","Liberal Democrats",1,3,60
36,"Falkirk East","Labour Party [The]","Liberal Democrats",2,3,254
36,"Falkirk East","Liberal Democrats","Liberal Democrats",3,3,1251
36,"Falkirk East","Scottish National Party","Liberal Democrats",4,3,144
36,"Falkirk East","spoilt","Liberal Democrats",5,3,18
36,"Falkirk East","Other","Liberal Democrats",6,3,0
36,"Falkirk East","Scottish Green Party","Liberal Democrats",7,3,0
36,"Falkirk East","Conservative and Unionist Party [The]","Other",1,4,673
36,"Falkirk East","Labour Party [The]","Other",2,4,1197
36,"Falkirk East","Liberal Democrats","Other",3,4,336
36,"Falkirk East","Scottish National Party","Other",4,4,904
36,"Falkirk East","spoilt","Other",5,4,157
36,"Falkirk East","Other","Other",6,4,0
36,"Falkirk East","Scottish Green Party","Other",7,4,0
36,"Falkirk East","Conservative and Unionist Party [The]","Scottish Green Party",1,5,92
36,"Falkirk East","Labour Party [The]","Scottish Green Party",2,5,292
36,"Falkirk East","Liberal Democrats","Scottish Green Party",3,5,253
36,"Falkirk East","Scottish National Party","Scottish Green Party",4,5,233
36,"Falkirk East","spoilt","Scottish Green Party",5,5,28
36,"Falkirk East","Other","Scottish Green Party",6,5,0
36,"Falkirk East","Scottish Green Party","Scottish Green Party",7,5,0
36,"Falkirk East","Conservative and Unionist Party [The]","Scottish National Party",1,6,176
36,"Falkirk East","Labour Party [The]","Scottish National Party",2,6,558
36,"Falkirk East","Liberal Democrats","Scottish National Party",3,6,105
36,"Falkirk East","Scottish National Party","Scottish National Party",4,6,9390
36,"Falkirk East","spoilt","Scottish National Party",5,6,221
36,"Falkirk East","Other","Scottish National Party",6,6,0
36,"Falkirk East","Scottish Green Party","Scottish National Party",7,6,0
36,"Falkirk East","Conservative and Unionist Party [The]","spoilt",1,7,34
36,"Falkirk East","Labour Party [The]","spoilt",2,7,368
36,"Falkirk East","Liberal Democrats","spoilt",3,7,18
36,"Falkirk East","Scottish National Party","spoilt",4,7,145
36,"Falkirk East","spoilt","spoilt",5,7,189
36,"Falkirk East","Other","spoilt",6,7,0
36,"Falkirk East","Scottish Green Party","spoilt",7,7,0
37,"Falkirk West","Conservative and Unionist Party [The]","Conservative and Unionist Party [The]",1,1,2006
37,"Falkirk West","Labour Party [The]","Conservative and Unionist Party [The]",2,1,160
37,"Falkirk West","Liberal Democrats","Conservative and Unionist Party [The]",3,1,74
37,"Falkirk West","Scottish National Party","Conservative and Unionist Party [The]",4,1,204
37,"Falkirk West","spoilt","Conservative and Unionist Party [The]",5,1,70
37,"Falkirk West","Other","Conservative and Unionist Party [The]",6,1,0
37,"Falkirk West","Scottish Green Party","Conservative and Unionist Party [The]",7,1,0
37,"Falkirk West","Conservative and Unionist Party [The]","Labour Party [The]",1,2,105
37,"Falkirk West","Labour Party [The]","Labour Party [The]",2,2,9180
37,"Falkirk West","Liberal Democrats","Labour Party [The]",3,2,302
37,"Falkirk West","Scottish National Party","Labour Party [The]",4,2,904
37,"Falkirk West","spoilt","Labour Party [The]",5,2,381
37,"Falkirk West","Other","Labour Party [The]",6,2,0
37,"Falkirk West","Scottish Green Party","Labour Party [The]",7,2,0
37,"Falkirk West","Conservative and Unionist Party [The]","Liberal Democrats",1,3,41
37,"Falkirk West","Labour Party [The]","Liberal Democrats",2,3,139
37,"Falkirk West","Liberal Democrats","Liberal Democrats",3,3,1271
37,"Falkirk West","Scottish National Party","Liberal Democrats",4,3,202
37,"Falkirk West","spoilt","Liberal Democrats",5,3,16
37,"Falkirk West","Other","Liberal Democrats",6,3,0
37,"Falkirk West","Scottish Green Party","Liberal Democrats",7,3,0
37,"Falkirk West","Conservative and Unionist Party [The]","Other",1,4,542
37,"Falkirk West","Labour Party [The]","Other",2,4,888
37,"Falkirk West","Liberal Democrats","Other",3,4,453
37,"Falkirk West","Scottish National Party","Other",4,4,1022
37,"Falkirk West","spoilt","Other",5,4,174
37,"Falkirk West","Other","Other",6,4,0
37,"Falkirk West","Scottish Green Party","Other",7,4,0
37,"Falkirk West","Conservative and Unionist Party [The]","Scottish Green Party",1,5,76
37,"Falkirk West","Labour Party [The]","Scottish Green Party",2,5,188
37,"Falkirk West","Liberal Democrats","Scottish Green Party",3,5,269
37,"Falkirk West","Scottish National Party","Scottish Green Party",4,5,308
37,"Falkirk West","spoilt","Scottish Green Party",5,5,17
37,"Falkirk West","Other","Scottish Green Party",6,5,0
37,"Falkirk West","Scottish Green Party","Scottish Green Party",7,5,0
37,"Falkirk West","Conservative and Unionist Party [The]","Scottish National Party",1,6,82
37,"Falkirk West","Labour Party [The]","Scottish National Party",2,6,382
37,"Falkirk West","Liberal Democrats","Scottish National Party",3,6,139
37,"Falkirk West","Scottish National Party","Scottish National Party",4,6,9248
37,"Falkirk West","spoilt","Scottish National Party",5,6,317
37,"Falkirk West","Other","Scottish National Party",6,6,0
37,"Falkirk West","Scottish Green Party","Scottish National Party",7,6,0
37,"Falkirk West","Conservative and Unionist Party [The]","spoilt",1,7,35
37,"Falkirk West","Labour Party [The]","spoilt",2,7,355
37,"Falkirk West","Liberal Democrats","spoilt",3,7,30
37,"Falkirk West","Scottish National Party","spoilt",4,7,180
37,"Falkirk West","spoilt","spoilt",5,7,182
37,"Falkirk West","Other","spoilt",6,7,0
37,"Falkirk West","Scottish Green Party","spoilt",7,7,0
38,"GALLOWAY AND UPPER NITHSDALE","Conservative and Unionist Party [The]","Conservative and Unionist Party [The]",1,1,10199
38,"GALLOWAY AND UPPER NITHSDALE","Labour Party [The]","Conservative and Unionist Party [The]",2,1,21
38,"GALLOWAY AND UPPER NITHSDALE","Liberal Democrats","Conservative and Unionist Party [The]",3,1,28
38,"GALLOWAY AND UPPER NITHSDALE","Scottish National Party","Conservative and Unionist Party [The]",4,1,156
38,"GALLOWAY AND UPPER NITHSDALE","spoilt","Conservative and Unionist Party [The]",5,1,127
38,"GALLOWAY AND UPPER NITHSDALE","Other","Conservative and Unionist Party [The]",6,1,0
38,"GALLOWAY AND UPPER NITHSDALE","Scottish Green Party","Conservative and Unionist Party [The]",7,1,19
38,"GALLOWAY AND UPPER NITHSDALE","Conservative and Unionist Party [The]","Labour Party [The]",1,2,729
38,"GALLOWAY AND UPPER NITHSDALE","Labour Party [The]","Labour Party [The]",2,2,4261
38,"GALLOWAY AND UPPER NITHSDALE","Liberal Democrats","Labour Party [The]",3,2,84
38,"GALLOWAY AND UPPER NITHSDALE","Scottish National Party","Labour Party [The]",4,2,656
38,"GALLOWAY AND UPPER NITHSDALE","spoilt","Labour Party [The]",5,2,327
38,"GALLOWAY AND UPPER NITHSDALE","Other","Labour Party [The]",6,2,0
38,"GALLOWAY AND UPPER NITHSDALE","Scottish Green Party","Labour Party [The]",7,2,21
38,"GALLOWAY AND UPPER NITHSDALE","Conservative and Unionist Party [The]","Liberal Democrats",1,3,366
38,"GALLOWAY AND UPPER NITHSDALE","Labour Party [The]","Liberal Democrats",2,3,42
38,"GALLOWAY AND UPPER NITHSDALE","Liberal Democrats","Liberal Democrats",3,3,1023
38,"GALLOWAY AND UPPER NITHSDALE","Scottish National Party","Liberal Democrats",4,3,198
38,"GALLOWAY AND UPPER NITHSDALE","spoilt","Liberal Democrats",5,3,31
38,"GALLOWAY AND UPPER NITHSDALE","Other","Liberal Democrats",6,3,0
38,"GALLOWAY AND UPPER NITHSDALE","Scottish Green Party","Liberal Democrats",7,3,12
38,"GALLOWAY AND UPPER NITHSDALE","Conservative and Unionist Party [The]","Other",1,4,780
38,"GALLOWAY AND UPPER NITHSDALE","Labour Party [The]","Other",2,4,267
38,"GALLOWAY AND UPPER NITHSDALE","Liberal Democrats","Other",3,4,162
38,"GALLOWAY AND UPPER NITHSDALE","Scottish National Party","Other",4,4,459
38,"GALLOWAY AND UPPER NITHSDALE","spoilt","Other",5,4,81
38,"GALLOWAY AND UPPER NITHSDALE","Other","Other",6,4,0
38,"GALLOWAY AND UPPER NITHSDALE","Scottish Green Party","Other",7,4,154
38,"GALLOWAY AND UPPER NITHSDALE","Conservative and Unionist Party [The]","Scottish Green Party",1,5,248
38,"GALLOWAY AND UPPER NITHSDALE","Labour Party [The]","Scottish Green Party",2,5,128
38,"GALLOWAY AND UPPER NITHSDALE","Liberal Democrats","Scottish Green Party",3,5,232
38,"GALLOWAY AND UPPER NITHSDALE","Scottish National Party","Scottish Green Party",4,5,399
38,"GALLOWAY AND UPPER NITHSDALE","spoilt","Scottish Green Party",5,5,29
38,"GALLOWAY AND UPPER NITHSDALE","Other","Scottish Green Party",6,5,0
38,"GALLOWAY AND UPPER NITHSDALE","Scottish Green Party","Scottish Green Party",7,5,70
38,"GALLOWAY AND UPPER NITHSDALE","Conservative and Unionist Party [The]","Scottish National Party",1,6,739
38,"GALLOWAY AND UPPER NITHSDALE","Labour Party [The]","Scottish National Party",2,6,79
38,"GALLOWAY AND UPPER NITHSDALE","Liberal Democrats","Scottish National Party",3,6,74
38,"GALLOWAY AND UPPER NITHSDALE","Scottish National Party","Scottish National Party",4,6,8024
38,"GALLOWAY AND UPPER NITHSDALE","spoilt","Scottish National Party",5,6,218
38,"GALLOWAY AND UPPER NITHSDALE","Other","Scottish National Party",6,6,0
38,"GALLOWAY AND UPPER NITHSDALE","Scottish Green Party","Scottish National Party",7,6,29
38,"GALLOWAY AND UPPER NITHSDALE","Conservative and Unionist Party [The]","spoilt",1,7,326
38,"GALLOWAY AND UPPER NITHSDALE","Labour Party [The]","spoilt",2,7,137
38,"GALLOWAY AND UPPER NITHSDALE","Liberal Democrats","spoilt",3,7,28
38,"GALLOWAY AND UPPER NITHSDALE","Scottish National Party","spoilt",4,7,162
38,"GALLOWAY AND UPPER NITHSDALE","spoilt","spoilt",5,7,164
38,"GALLOWAY AND UPPER NITHSDALE","Other","spoilt",6,7,0
38,"GALLOWAY AND UPPER NITHSDALE","Scottish Green Party","spoilt",7,7,6
39,"GOVAN","Conservative and Unionist Party [The]","Conservative and Unionist Party [The]",1,1,1181
39,"GOVAN","Labour Party [The]","Conservative and Unionist Party [The]",2,1,158
39,"GOVAN","Liberal Democrats","Conservative and Unionist Party [The]",3,1,39
39,"GOVAN","Scottish National Party","Conservative and Unionist Party [The]",4,1,166
39,"GOVAN","spoilt","Conservative and Unionist Party [The]",5,1,57
39,"GOVAN","Other","Conservative and Unionist Party [The]",6,1,11
39,"GOVAN","Scottish Green Party","Conservative and Unionist Party [The]",7,1,0
39,"GOVAN","Conservative and Unionist Party [The]","Labour Party [The]",1,2,40
39,"GOVAN","Labour Party [The]","Labour Party [The]",2,2,5818
39,"GOVAN","Liberal Democrats","Labour Party [The]",3,2,85
39,"GOVAN","Scottish National Party","Labour Party [The]",4,2,354
39,"GOVAN","spoilt","Labour Party [The]",5,2,320
39,"GOVAN","Other","Labour Party [The]",6,2,45
39,"GOVAN","Scottish Green Party","Labour Party [The]",7,2,0
39,"GOVAN","Conservative and Unionist Party [The]","Liberal Democrats",1,3,19
39,"GOVAN","Labour Party [The]","Liberal Democrats",2,3,184
39,"GOVAN","Liberal Democrats","Liberal Democrats",3,3,978
39,"GOVAN","Scottish National Party","Liberal Democrats",4,3,212
39,"GOVAN","spoilt","Liberal Democrats",5,3,37
39,"GOVAN","Other","Liberal Democrats",6,3,20
39,"GOVAN","Scottish Green Party","Liberal Democrats",7,3,0
39,"GOVAN","Conservative and Unionist Party [The]","Other",1,4,321
39,"GOVAN","Labour Party [The]","Other",2,4,965
39,"GOVAN","Liberal Democrats","Other",3,4,238
39,"GOVAN","Scottish National Party","Other",4,4,1261
39,"GOVAN","spoilt","Other",5,4,284
39,"GOVAN","Other","Other",6,4,402
39,"GOVAN","Scottish Green Party","Other",7,4,0
39,"GOVAN","Conservative and Unionist Party [The]","Scottish Green Party",1,5,52
39,"GOVAN","Labour Party [The]","Scottish Green Party",2,5,338
39,"GOVAN","Liberal Democrats","Scottish Green Party",3,5,480
39,"GOVAN","Scottish National Party","Scottish Green Party",4,5,561
39,"GOVAN","spoilt","Scottish Green Party",5,5,83
39,"GOVAN","Other","Scottish Green Party",6,5,118
39,"GOVAN","Scottish Green Party","Scottish Green Party",7,5,0
39,"GOVAN","Conservative and Unionist Party [The]","Scottish National Party",1,6,22
39,"GOVAN","Labour Party [The]","Scottish National Party",2,6,198
39,"GOVAN","Liberal Democrats","Scottish National Party",3,6,61
39,"GOVAN","Scottish National Party","Scottish National Party",4,6,6155
39,"GOVAN","spoilt","Scottish National Party",5,6,230
39,"GOVAN","Other","Scottish National Party",6,6,61
39,"GOVAN","Scottish Green Party","Scottish National Party",7,6,0
39,"GOVAN","Conservative and Unionist Party [The]","spoilt",1,7,45
39,"GOVAN","Labour Party [The]","spoilt",2,7,605
39,"GOVAN","Liberal Democrats","spoilt",3,7,10
39,"GOVAN","Scottish National Party","spoilt",4,7,301
39,"GOVAN","spoilt","spoilt",5,7,209
39,"GOVAN","Other","spoilt",6,7,17
39,"GOVAN","Scottish Green Party","spoilt",7,7,0
40,"Glasgow Rutherglen","Conservative and Unionist Party [The]","Conservative and Unionist Party [The]",1,1,1433
40,"Glasgow Rutherglen","Labour Party [The]","Conservative and Unionist Party [The]",2,1,48
40,"Glasgow Rutherglen","Liberal Democrats","Conservative and Unionist Party [The]",3,1,290
40,"Glasgow Rutherglen","Scottish National Party","Conservative and Unionist Party [The]",4,1,37
40,"Glasgow Rutherglen","spoilt","Conservative and Unionist Party [The]",5,1,62
40,"Glasgow Rutherglen","Other","Conservative and Unionist Party [The]",6,1,20
40,"Glasgow Rutherglen","Scottish Green Party","Conservative and Unionist Party [The]",7,1,0
40,"Glasgow Rutherglen","Conservative and Unionist Party [The]","Labour Party [The]",1,2,61
40,"Glasgow Rutherglen","Labour Party [The]","Labour Party [The]",2,2,8391
40,"Glasgow Rutherglen","Liberal Democrats","Labour Party [The]",3,2,624
40,"Glasgow Rutherglen","Scottish National Party","Labour Party [The]",4,2,120
40,"Glasgow Rutherglen","spoilt","Labour Party [The]",5,2,577
40,"Glasgow Rutherglen","Other","Labour Party [The]",6,2,34
40,"Glasgow Rutherglen","Scottish Green Party","Labour Party [The]",7,2,0
40,"Glasgow Rutherglen","Conservative and Unionist Party [The]","Liberal Democrats",1,3,24
40,"Glasgow Rutherglen","Labour Party [The]","Liberal Democrats",2,3,88
40,"Glasgow Rutherglen","Liberal Democrats","Liberal Democrats",3,3,2784
40,"Glasgow Rutherglen","Scottish National Party","Liberal Democrats",4,3,46
40,"Glasgow Rutherglen","spoilt","Liberal Democrats",5,3,59
40,"Glasgow Rutherglen","Other","Liberal Democrats",6,3,12
40,"Glasgow Rutherglen","Scottish Green Party","Liberal Democrats",7,3,0
40,"Glasgow Rutherglen","Conservative and Unionist Party [The]","Other",1,4,449
40,"Glasgow Rutherglen","Labour Party [The]","Other",2,4,957
40,"Glasgow Rutherglen","Liberal Democrats","Other",3,4,784
40,"Glasgow Rutherglen","Scottish National Party","Other",4,4,665
40,"Glasgow Rutherglen","spoilt","Other",5,4,290
40,"Glasgow Rutherglen","Other","Other",6,4,425
40,"Glasgow Rutherglen","Scottish Green Party","Other",7,4,0
40,"Glasgow Rutherglen","Conservative and Unionist Party [The]","Scottish Green Party",1,5,36
40,"Glasgow Rutherglen","Labour Party [The]","Scottish Green Party",2,5,148
40,"Glasgow Rutherglen","Liberal Democrats","Scottish Green Party",3,5,272
40,"Glasgow Rutherglen","Scottish National Party","Scottish Green Party",4,5,141
40,"Glasgow Rutherglen","spoilt","Scottish Green Party",5,5,25
40,"Glasgow Rutherglen","Other","Scottish Green Party",6,5,13
40,"Glasgow Rutherglen","Scottish Green Party","Scottish Green Party",7,5,0
40,"Glasgow Rutherglen","Conservative and Unionist Party [The]","Scottish National Party",1,6,62
40,"Glasgow Rutherglen","Labour Party [The]","Scottish National Party",2,6,227
40,"Glasgow Rutherglen","Liberal Democrats","Scottish National Party",3,6,661
40,"Glasgow Rutherglen","Scottish National Party","Scottish National Party",4,6,4790
40,"Glasgow Rutherglen","spoilt","Scottish National Party",5,6,249
40,"Glasgow Rutherglen","Other","Scottish National Party",6,6,41
40,"Glasgow Rutherglen","Scottish Green Party","Scottish National Party",7,6,0
40,"Glasgow Rutherglen","Conservative and Unionist Party [The]","spoilt",1,7,29
40,"Glasgow Rutherglen","Labour Party [The]","spoilt",2,7,378
40,"Glasgow Rutherglen","Liberal Democrats","spoilt",3,7,101
40,"Glasgow Rutherglen","Scottish National Party","spoilt",4,7,58
40,"Glasgow Rutherglen","spoilt","spoilt",5,7,233
40,"Glasgow Rutherglen","Other","spoilt",6,7,3
40,"Glasgow Rutherglen","Scottish Green Party","spoilt",7,7,0
41,"Gordon","Conservative and Unionist Party [The]","Conservative and Unionist Party [The]",1,1,4357
41,"Gordon","Labour Party [The]","Conservative and Unionist Party [The]",2,1,14
41,"Gordon","Liberal Democrats","Conservative and Unionist Party [The]",3,1,521
41,"Gordon","Scottish National Party","Conservative and Unionist Party [The]",4,1,166
41,"Gordon","spoilt","Conservative and Unionist Party [The]",5,1,85
41,"Gordon","Other","Conservative and Unionist Party [The]",6,1,33
41,"Gordon","Scottish Green Party","Conservative and Unionist Party [The]",7,1,20
41,"Gordon","Conservative and Unionist Party [The]","Labour Party [The]",1,2,62
41,"Gordon","Labour Party [The]","Labour Party [The]",2,2,1918
41,"Gordon","Liberal Democrats","Labour Party [The]",3,2,915
41,"Gordon","Scottish National Party","Labour Party [The]",4,2,188
41,"Gordon","spoilt","Labour Party [The]",5,2,91
41,"Gordon","Other","Labour Party [The]",6,2,21
41,"Gordon","Scottish Green Party","Labour Party [The]",7,2,10
41,"Gordon","Conservative and Unionist Party [The]","Liberal Democrats",1,3,197
41,"Gordon","Labour Party [The]","Liberal Democrats",2,3,53
41,"Gordon","Liberal Democrats","Liberal Democrats",3,3,9195
41,"Gordon","Scottish National Party","Liberal Democrats",4,3,234
41,"Gordon","spoilt","Liberal Democrats",5,3,91
41,"Gordon","Other","Liberal Democrats",6,3,37
41,"Gordon","Scottish Green Party","Liberal Democrats",7,3,20
41,"Gordon","Conservative and Unionist Party [The]","Other",1,4,353
41,"Gordon","Labour Party [The]","Other",2,4,140
41,"Gordon","Liberal Democrats","Other",3,4,450
41,"Gordon","Scottish National Party","Other",4,4,342
41,"Gordon","spoilt","Other",5,4,50
41,"Gordon","Other","Other",6,4,130
41,"Gordon","Scottish Green Party","Other",7,4,67
41,"Gordon","Conservative and Unionist Party [The]","Scottish Green Party",1,5,55
41,"Gordon","Labour Party [The]","Scottish Green Party",2,5,47
41,"Gordon","Liberal Democrats","Scottish Green Party",3,5,521
41,"Gordon","Scottish National Party","Scottish Green Party",4,5,192
41,"Gordon","spoilt","Scottish Green Party",5,5,19
41,"Gordon","Other","Scottish Green Party",6,5,44
41,"Gordon","Scottish Green Party","Scottish Green Party",7,5,40
41,"Gordon","Conservative and Unionist Party [The]","Scottish National Party",1,6,242
41,"Gordon","Labour Party [The]","Scottish National Party",2,6,52
41,"Gordon","Liberal Democrats","Scottish National Party",3,6,809
41,"Gordon","Scottish National Party","Scottish National Party",4,6,13373
41,"Gordon","spoilt","Scottish National Party",5,6,395
41,"Gordon","Other","Scottish National Party",6,6,41
41,"Gordon","Scottish Green Party","Scottish National Party",7,6,24
41,"Gordon","Conservative and Unionist Party [The]","spoilt",1,7,82
41,"Gordon","Labour Party [The]","spoilt",2,7,52
41,"Gordon","Liberal Democrats","spoilt",3,7,177
41,"Gordon","Scottish National Party","spoilt",4,7,155
41,"Gordon","spoilt","spoilt",5,7,118
41,"Gordon","Other","spoilt",6,7,10
41,"Gordon","Scottish Green Party","spoilt",7,7,4
42,"Greenock & Inverclyde","Conservative and Unionist Party [The]","Conservative and Unionist Party [The]",1,1,1428
42,"Greenock & Inverclyde","Labour Party [The]","Conservative and Unionist Party [The]",2,1,101
42,"Greenock & Inverclyde","Liberal Democrats","Conservative and Unionist Party [The]",3,1,313
42,"Greenock & Inverclyde","Scottish National Party","Conservative and Unionist Party [The]",4,1,46
42,"Greenock & Inverclyde","spoilt","Conservative and Unionist Party [The]",5,1,52
42,"Greenock & Inverclyde","Other","Conservative and Unionist Party [The]",6,1,0
42,"Greenock & Inverclyde","Scottish Green Party","Conservative and Unionist Party [The]",7,1,0
42,"Greenock & Inverclyde","Conservative and Unionist Party [The]","Labour Party [The]",1,2,45
42,"Greenock & Inverclyde","Labour Party [The]","Labour Party [The]",2,2,7736
42,"Greenock & Inverclyde","Liberal Democrats","Labour Party [The]",3,2,295
42,"Greenock & Inverclyde","Scottish National Party","Labour Party [The]",4,2,232
42,"Greenock & Inverclyde","spoilt","Labour Party [The]",5,2,338
42,"Greenock & Inverclyde","Other","Labour Party [The]",6,2,0
42,"Greenock & Inverclyde","Scottish Green Party","Labour Party [The]",7,2,0
42,"Greenock & Inverclyde","Conservative and Unionist Party [The]","Liberal Democrats",1,3,69
42,"Greenock & Inverclyde","Labour Party [The]","Liberal Democrats",2,3,197
42,"Greenock & Inverclyde","Liberal Democrats","Liberal Democrats",3,3,2257
42,"Greenock & Inverclyde","Scottish National Party","Liberal Democrats",4,3,104
42,"Greenock & Inverclyde","spoilt","Liberal Democrats",5,3,56
42,"Greenock & Inverclyde","Other","Liberal Democrats",6,3,0
42,"Greenock & Inverclyde","Scottish Green Party","Liberal Democrats",7,3,0
42,"Greenock & Inverclyde","Conservative and Unionist Party [The]","Other",1,4,424
42,"Greenock & Inverclyde","Labour Party [The]","Other",2,4,1060
42,"Greenock & Inverclyde","Liberal Democrats","Other",3,4,387
42,"Greenock & Inverclyde","Scottish National Party","Other",4,4,878
42,"Greenock & Inverclyde","spoilt","Other",5,4,209
42,"Greenock & Inverclyde","Other","Other",6,4,0
42,"Greenock & Inverclyde","Scottish Green Party","Other",7,4,0
42,"Greenock & Inverclyde","Conservative and Unionist Party [The]","Scottish Green Party",1,5,59
42,"Greenock & Inverclyde","Labour Party [The]","Scottish Green Party",2,5,149
42,"Greenock & Inverclyde","Liberal Democrats","Scottish Green Party",3,5,162
42,"Greenock & Inverclyde","Scottish National Party","Scottish Green Party",4,5,146
42,"Greenock & Inverclyde","spoilt","Scottish Green Party",5,5,24
42,"Greenock & Inverclyde","Other","Scottish Green Party",6,5,0
42,"Greenock & Inverclyde","Scottish Green Party","Scottish Green Party",7,5,0
42,"Greenock & Inverclyde","Conservative and Unionist Party [The]","Scottish National Party",1,6,94
42,"Greenock & Inverclyde","Labour Party [The]","Scottish National Party",2,6,393
42,"Greenock & Inverclyde","Liberal Democrats","Scottish National Party",3,6,392
42,"Greenock & Inverclyde","Scottish National Party","Scottish National Party",4,6,5489
42,"Greenock & Inverclyde","spoilt","Scottish National Party",5,6,231
42,"Greenock & Inverclyde","Other","Scottish National Party",6,6,0
42,"Greenock & Inverclyde","Scottish Green Party","Scottish National Party",7,6,0
42,"Greenock & Inverclyde","Conservative and Unionist Party [The]","spoilt",1,7,47
42,"Greenock & Inverclyde","Labour Party [The]","spoilt",2,7,399
42,"Greenock & Inverclyde","Liberal Democrats","spoilt",3,7,87
42,"Greenock & Inverclyde","Scottish National Party","spoilt",4,7,116
42,"Greenock & Inverclyde","spoilt","spoilt",5,7,189
42,"Greenock & Inverclyde","Other","spoilt",6,7,0
42,"Greenock & Inverclyde","Scottish Green Party","spoilt",7,7,0
43,"Hamilton North and Bellshill","Conservative and Unionist Party [The]","Conservative and Unionist Party [The]",1,1,1964
43,"Hamilton North and Bellshill","Labour Party [The]","Conservative and Unionist Party [The]",2,1,83
43,"Hamilton North and Bellshill","Liberal Democrats","Conservative and Unionist Party [The]",3,1,75
43,"Hamilton North and Bellshill","Scottish National Party","Conservative and Unionist Party [The]",4,1,99
43,"Hamilton North and Bellshill","spoilt","Conservative and Unionist Party [The]",5,1,60
43,"Hamilton North and Bellshill","Other","Conservative and Unionist Party [The]",6,1,6
43,"Hamilton North and Bellshill","Scottish Green Party","Conservative and Unionist Party [The]",7,1,27
43,"Hamilton North and Bellshill","Conservative and Unionist Party [The]","Labour Party [The]",1,2,100
43,"Hamilton North and Bellshill","Labour Party [The]","Labour Party [The]",2,2,9998
43,"Hamilton North and Bellshill","Liberal Democrats","Labour Party [The]",3,2,120
43,"Hamilton North and Bellshill","Scottish National Party","Labour Party [The]",4,2,258
43,"Hamilton North and Bellshill","spoilt","Labour Party [The]",5,2,513
43,"Hamilton North and Bellshill","Other","Labour Party [The]",6,2,59
43,"Hamilton North and Bellshill","Scottish Green Party","Labour Party [The]",7,2,46
43,"Hamilton North and Bellshill","Conservative and Unionist Party [The]","Liberal Democrats",1,3,30
43,"Hamilton North and Bellshill","Labour Party [The]","Liberal Democrats",2,3,105
43,"Hamilton North and Bellshill","Liberal Democrats","Liberal Democrats",3,3,984
43,"Hamilton North and Bellshill","Scottish National Party","Liberal Democrats",4,3,75
43,"Hamilton North and Bellshill","spoilt","Liberal Democrats",5,3,17
43,"Hamilton North and Bellshill","Other","Liberal Democrats",6,3,11
43,"Hamilton North and Bellshill","Scottish Green Party","Liberal Democrats",7,3,22
43,"Hamilton North and Bellshill","Conservative and Unionist Party [The]","Other",1,4,523
43,"Hamilton North and Bellshill","Labour Party [The]","Other",2,4,1302
43,"Hamilton North and Bellshill","Liberal Democrats","Other",3,4,276
43,"Hamilton North and Bellshill","Scottish National Party","Other",4,4,895
43,"Hamilton North and Bellshill","spoilt","Other",5,4,245
43,"Hamilton North and Bellshill","Other","Other",6,4,389
43,"Hamilton North and Bellshill","Scottish Green Party","Other",7,4,234
43,"Hamilton North and Bellshill","Conservative and Unionist Party [The]","Scottish Green Party",1,5,51
43,"Hamilton North and Bellshill","Labour Party [The]","Scottish Green Party",2,5,163
43,"Hamilton North and Bellshill","Liberal Democrats","Scottish Green Party",3,5,129
43,"Hamilton North and Bellshill","Scottish National Party","Scottish Green Party",4,5,129
43,"Hamilton North and Bellshill","spoilt","Scottish Green Party",5,5,20
43,"Hamilton North and Bellshill","Other","Scottish Green Party",6,5,42
43,"Hamilton North and Bellshill","Scottish Green Party","Scottish Green Party",7,5,57
43,"Hamilton North and Bellshill","Conservative and Unionist Party [The]","Scottish National Party",1,6,122
43,"Hamilton North and Bellshill","Labour Party [The]","Scottish National Party",2,6,296
43,"Hamilton North and Bellshill","Liberal Democrats","Scottish National Party",3,6,118
43,"Hamilton North and Bellshill","Scottish National Party","Scottish National Party",4,6,5902
43,"Hamilton North and Bellshill","spoilt","Scottish National Party",5,6,289
43,"Hamilton North and Bellshill","Other","Scottish National Party",6,6,50
43,"Hamilton North and Bellshill","Scottish Green Party","Scottish National Party",7,6,35
43,"Hamilton North and Bellshill","Conservative and Unionist Party [The]","spoilt",1,7,45
43,"Hamilton North and Bellshill","Labour Party [The]","spoilt",2,7,387
43,"Hamilton North and Bellshill","Liberal Democrats","spoilt",3,7,24
43,"Hamilton North and Bellshill","Scottish National Party","spoilt",4,7,111
43,"Hamilton North and Bellshill","spoilt","spoilt",5,7,201
43,"Hamilton North and Bellshill","Other","spoilt",6,7,14
43,"Hamilton North and Bellshill","Scottish Green Party","spoilt",7,7,10
44,"Hamilton South","Conservative and Unionist Party [The]","Conservative and Unionist Party [The]",1,1,1753
44,"Hamilton South","Labour Party [The]","Conservative and Unionist Party [The]",2,1,63
44,"Hamilton South","Liberal Democrats","Conservative and Unionist Party [The]",3,1,34
44,"Hamilton South","Scottish National Party","Conservative and Unionist Party [The]",4,1,60
44,"Hamilton South","spoilt","Conservative and Unionist Party [The]",5,1,24
44,"Hamilton South","Other","Conservative and Unionist Party [The]",6,1,55
44,"Hamilton South","Scottish Green Party","Conservative and Unionist Party [The]",7,1,0
44,"Hamilton South","Conservative and Unionist Party [The]","Labour Party [The]",1,2,157
44,"Hamilton South","Labour Party [The]","Labour Party [The]",2,2,8424
44,"Hamilton South","Liberal Democrats","Labour Party [The]",3,2,128
44,"Hamilton South","Scottish National Party","Labour Party [The]",4,2,174
44,"Hamilton South","spoilt","Labour Party [The]",5,2,243
44,"Hamilton South","Other","Labour Party [The]",6,2,464
44,"Hamilton South","Scottish Green Party","Labour Party [The]",7,2,0
44,"Hamilton South","Conservative and Unionist Party [The]","Liberal Democrats",1,3,79
44,"Hamilton South","Labour Party [The]","Liberal Democrats",2,3,92
44,"Hamilton South","Liberal Democrats","Liberal Democrats",3,3,964
44,"Hamilton South","Scottish National Party","Liberal Democrats",4,3,64
44,"Hamilton South","spoilt","Liberal Democrats",5,3,10
44,"Hamilton South","Other","Liberal Democrats",6,3,100
44,"Hamilton South","Scottish Green Party","Liberal Democrats",7,3,0
44,"Hamilton South","Conservative and Unionist Party [The]","Other",1,4,620
44,"Hamilton South","Labour Party [The]","Other",2,4,791
44,"Hamilton South","Liberal Democrats","Other",3,4,271
44,"Hamilton South","Scottish National Party","Other",4,4,683
44,"Hamilton South","spoilt","Other",5,4,148
44,"Hamilton South","Other","Other",6,4,735
44,"Hamilton South","Scottish Green Party","Other",7,4,0
44,"Hamilton South","Conservative and Unionist Party [The]","Scottish Green Party",1,5,49
44,"Hamilton South","Labour Party [The]","Scottish Green Party",2,5,120
44,"Hamilton South","Liberal Democrats","Scottish Green Party",3,5,127
44,"Hamilton South","Scottish National Party","Scottish Green Party",4,5,107
44,"Hamilton South","spoilt","Scottish Green Party",5,5,12
44,"Hamilton South","Other","Scottish Green Party",6,5,122
44,"Hamilton South","Scottish Green Party","Scottish Green Party",7,5,0
44,"Hamilton South","Conservative and Unionist Party [The]","Scottish National Party",1,6,222
44,"Hamilton South","Labour Party [The]","Scottish National Party",2,6,237
44,"Hamilton South","Liberal Democrats","Scottish National Party",3,6,74
44,"Hamilton South","Scottish National Party","Scottish National Party",4,6,5453
44,"Hamilton South","spoilt","Scottish National Party",5,6,146
44,"Hamilton South","Other","Scottish National Party",6,6,225
44,"Hamilton South","Scottish Green Party","Scottish National Party",7,6,0
44,"Hamilton South","Conservative and Unionist Party [The]","spoilt",1,7,49
44,"Hamilton South","Labour Party [The]","spoilt",2,7,553
44,"Hamilton South","Liberal Democrats","spoilt",3,7,12
44,"Hamilton South","Scottish National Party","spoilt",4,7,87
44,"Hamilton South","spoilt","spoilt",5,7,128
44,"Hamilton South","Other","spoilt",6,7,63
44,"Hamilton South","Scottish Green Party","spoilt",7,7,0
45,"Inverness East Nairn & Lochaber","Conservative and Unionist Party [The]","Conservative and Unionist Party [The]",1,1,3381
45,"Inverness East Nairn & Lochaber","Labour Party [The]","Conservative and Unionist Party [The]",2,1,76
45,"Inverness East Nairn & Lochaber","Liberal Democrats","Conservative and Unionist Party [The]",3,1,436
45,"Inverness East Nairn & Lochaber","Scottish National Party","Conservative and Unionist Party [The]",4,1,390
45,"Inverness East Nairn & Lochaber","spoilt","Conservative and Unionist Party [The]",5,1,101
45,"Inverness East Nairn & Lochaber","Other","Conservative and Unionist Party [The]",6,1,0
45,"Inverness East Nairn & Lochaber","Scottish Green Party","Conservative and Unionist Party [The]",7,1,0
45,"Inverness East Nairn & Lochaber","Conservative and Unionist Party [The]","Labour Party [The]",1,2,85
45,"Inverness East Nairn & Lochaber","Labour Party [The]","Labour Party [The]",2,2,6096
45,"Inverness East Nairn & Lochaber","Liberal Democrats","Labour Party [The]",3,2,717
45,"Inverness East Nairn & Lochaber","Scottish National Party","Labour Party [The]",4,2,631
45,"Inverness East Nairn & Lochaber","spoilt","Labour Party [The]",5,2,305
45,"Inverness East Nairn & Lochaber","Other","Labour Party [The]",6,2,0
45,"Inverness East Nairn & Lochaber","Scottish Green Party","Labour Party [The]",7,2,0
45,"Inverness East Nairn & Lochaber","Conservative and Unionist Party [The]","Liberal Democrats",1,3,96
45,"Inverness East Nairn & Lochaber","Labour Party [The]","Liberal Democrats",2,3,183
45,"Inverness East Nairn & Lochaber","Liberal Democrats","Liberal Democrats",3,3,7386
45,"Inverness East Nairn & Lochaber","Scottish National Party","Liberal Democrats",4,3,832
45,"Inverness East Nairn & Lochaber","spoilt","Liberal Democrats",5,3,158
45,"Inverness East Nairn & Lochaber","Other","Liberal Democrats",6,3,0
45,"Inverness East Nairn & Lochaber","Scottish Green Party","Liberal Democrats",7,3,0
45,"Inverness East Nairn & Lochaber","Conservative and Unionist Party [The]","Other",1,4,783
45,"Inverness East Nairn & Lochaber","Labour Party [The]","Other",2,4,673
45,"Inverness East Nairn & Lochaber","Liberal Democrats","Other",3,4,918
45,"Inverness East Nairn & Lochaber","Scottish National Party","Other",4,4,1159
45,"Inverness East Nairn & Lochaber","spoilt","Other",5,4,206
45,"Inverness East Nairn & Lochaber","Other","Other",6,4,0
45,"Inverness East Nairn & Lochaber","Scottish Green Party","Other",7,4,0
45,"Inverness East Nairn & Lochaber","Conservative and Unionist Party [The]","Scottish Green Party",1,5,117
45,"Inverness East Nairn & Lochaber","Labour Party [The]","Scottish Green Party",2,5,254
45,"Inverness East Nairn & Lochaber","Liberal Democrats","Scottish Green Party",3,5,951
45,"Inverness East Nairn & Lochaber","Scottish National Party","Scottish Green Party",4,5,576
45,"Inverness East Nairn & Lochaber","spoilt","Scottish Green Party",5,5,60
45,"Inverness East Nairn & Lochaber","Other","Scottish Green Party",6,5,0
45,"Inverness East Nairn & Lochaber","Scottish Green Party","Scottish Green Party",7,5,0
45,"Inverness East Nairn & Lochaber","Conservative and Unionist Party [The]","Scottish National Party",1,6,87
45,"Inverness East Nairn & Lochaber","Labour Party [The]","Scottish National Party",2,6,106
45,"Inverness East Nairn & Lochaber","Liberal Democrats","Scottish National Party",3,6,370
45,"Inverness East Nairn & Lochaber","Scottish National Party","Scottish National Party",4,6,12607
45,"Inverness East Nairn & Lochaber","spoilt","Scottish National Party",5,6,223
45,"Inverness East Nairn & Lochaber","Other","Scottish National Party",6,6,0
45,"Inverness East Nairn & Lochaber","Scottish Green Party","Scottish National Party",7,6,0
45,"Inverness East Nairn & Lochaber","Conservative and Unionist Party [The]","spoilt",1,7,86
45,"Inverness East Nairn & Lochaber","Labour Party [The]","spoilt",2,7,171
45,"Inverness East Nairn & Lochaber","Liberal Democrats","spoilt",3,7,194
45,"Inverness East Nairn & Lochaber","Scottish National Party","spoilt",4,7,248
45,"Inverness East Nairn & Lochaber","spoilt","spoilt",5,7,196
45,"Inverness East Nairn & Lochaber","Other","spoilt",6,7,0
45,"Inverness East Nairn & Lochaber","Scottish Green Party","spoilt",7,7,0
46,"KELVIN","Conservative and Unionist Party [The]","Conservative and Unionist Party [The]",1,1,1481
46,"KELVIN","Labour Party [The]","Conservative and Unionist Party [The]",2,1,143
46,"KELVIN","Liberal Democrats","Conservative and Unionist Party [The]",3,1,71
46,"KELVIN","Scottish National Party","Conservative and Unionist Party [The]",4,1,63
46,"KELVIN","spoilt","Conservative and Unionist Party [The]",5,1,51
46,"KELVIN","Other","Conservative and Unionist Party [The]",6,1,89
46,"KELVIN","Scottish Green Party","Conservative and Unionist Party [The]",7,1,36
46,"KELVIN","Conservative and Unionist Party [The]","Labour Party [The]",1,2,59
46,"KELVIN","Labour Party [The]","Labour Party [The]",2,2,5922
46,"KELVIN","Liberal Democrats","Labour Party [The]",3,2,161
46,"KELVIN","Scottish National Party","Labour Party [The]",4,2,120
46,"KELVIN","spoilt","Labour Party [The]",5,2,430
46,"KELVIN","Other","Labour Party [The]",6,2,116
46,"KELVIN","Scottish Green Party","Labour Party [The]",7,2,208
46,"KELVIN","Conservative and Unionist Party [The]","Liberal Democrats",1,3,31
46,"KELVIN","Labour Party [The]","Liberal Democrats",2,3,268
46,"KELVIN","Liberal Democrats","Liberal Democrats",3,3,1981
46,"KELVIN","Scottish National Party","Liberal Democrats",4,3,94
46,"KELVIN","spoilt","Liberal Democrats",5,3,51
46,"KELVIN","Other","Liberal Democrats",6,3,142
46,"KELVIN","Scottish Green Party","Liberal Democrats",7,3,229
46,"KELVIN","Conservative and Unionist Party [The]","Other",1,4,248
46,"KELVIN","Labour Party [The]","Other",2,4,722
46,"KELVIN","Liberal Democrats","Other",3,4,215
46,"KELVIN","Scottish National Party","Other",4,4,605
46,"KELVIN","spoilt","Other",5,4,212
46,"KELVIN","Other","Other",6,4,555
46,"KELVIN","Scottish Green Party","Other",7,4,440
46,"KELVIN","Conservative and Unionist Party [The]","Scottish Green Party",1,5,25
46,"KELVIN","Labour Party [The]","Scottish Green Party",2,5,298
46,"KELVIN","Liberal Democrats","Scottish Green Party",3,5,251
46,"KELVIN","Scottish National Party","Scottish Green Party",4,5,213
46,"KELVIN","spoilt","Scottish Green Party",5,5,30
46,"KELVIN","Other","Scottish Green Party",6,5,121
46,"KELVIN","Scottish Green Party","Scottish Green Party",7,5,1687
46,"KELVIN","Conservative and Unionist Party [The]","Scottish National Party",1,6,77
46,"KELVIN","Labour Party [The]","Scottish National Party",2,6,268
46,"KELVIN","Liberal Democrats","Scottish National Party",3,6,152
46,"KELVIN","Scottish National Party","Scottish National Party",4,6,5506
46,"KELVIN","spoilt","Scottish National Party",5,6,224
46,"KELVIN","Other","Scottish National Party",6,6,155
46,"KELVIN","Scottish Green Party","Scottish National Party",7,6,360
46,"KELVIN","Conservative and Unionist Party [The]","spoilt",1,7,22
46,"KELVIN","Labour Party [The]","spoilt",2,7,254
46,"KELVIN","Liberal Democrats","spoilt",3,7,12
46,"KELVIN","Scottish National Party","spoilt",4,7,67
46,"KELVIN","spoilt","spoilt",5,7,197
46,"KELVIN","Other","spoilt",6,7,22
46,"KELVIN","Scottish Green Party","spoilt",7,7,11
47,"Kilmarnock and Loudoun","Conservative and Unionist Party [The]","Conservative and Unionist Party [The]",1,1,3215
47,"Kilmarnock and Loudoun","Labour Party [The]","Conservative and Unionist Party [The]",2,1,209
47,"Kilmarnock and Loudoun","Liberal Democrats","Conservative and Unionist Party [The]",3,1,72
47,"Kilmarnock and Loudoun","Scottish National Party","Conservative and Unionist Party [The]",4,1,315
47,"Kilmarnock and Loudoun","spoilt","Conservative and Unionist Party [The]",5,1,83
47,"Kilmarnock and Loudoun","Other","Conservative and Unionist Party [The]",6,1,0
47,"Kilmarnock and Loudoun","Scottish Green Party","Conservative and Unionist Party [The]",7,1,0
47,"Kilmarnock and Loudoun","Conservative and Unionist Party [The]","Labour Party [The]",1,2,111
47,"Kilmarnock and Loudoun","Labour Party [The]","Labour Party [The]",2,2,10661
47,"Kilmarnock and Loudoun","Liberal Democrats","Labour Party [The]",3,2,127
47,"Kilmarnock and Loudoun","Scottish National Party","Labour Party [The]",4,2,908
47,"Kilmarnock and Loudoun","spoilt","Labour Party [The]",5,2,339
47,"Kilmarnock and Loudoun","Other","Labour Party [The]",6,2,0
47,"Kilmarnock and Loudoun","Scottish Green Party","Labour Party [The]",7,2,0
47,"Kilmarnock and Loudoun","Conservative and Unionist Party [The]","Liberal Democrats",1,3,38
47,"Kilmarnock and Loudoun","Labour Party [The]","Liberal Democrats",2,3,185
47,"Kilmarnock and Loudoun","Liberal Democrats","Liberal Democrats",3,3,1189
47,"Kilmarnock and Loudoun","Scottish National Party","Liberal Democrats",4,3,204
47,"Kilmarnock and Loudoun","spoilt","Liberal Democrats",5,3,27
47,"Kilmarnock and Loudoun","Other","Liberal Democrats",6,3,0
47,"Kilmarnock and Loudoun","Scottish Green Party","Liberal Democrats",7,3,0
47,"Kilmarnock and Loudoun","Conservative and Unionist Party [The]","Other",1,4,487
47,"Kilmarnock and Loudoun","Labour Party [The]","Other",2,4,803
47,"Kilmarnock and Loudoun","Liberal Democrats","Other",3,4,303
47,"Kilmarnock and Loudoun","Scottish National Party","Other",4,4,1082
47,"Kilmarnock and Loudoun","spoilt","Other",5,4,124
47,"Kilmarnock and Loudoun","Other","Other",6,4,0
47,"Kilmarnock and Loudoun","Scottish Green Party","Other",7,4,0
47,"Kilmarnock and Loudoun","Conservative and Unionist Party [The]","Scottish Green Party",1,5,82
47,"Kilmarnock and Loudoun","Labour Party [The]","Scottish Green Party",2,5,216
47,"Kilmarnock and Loudoun","Liberal Democrats","Scottish Green Party",3,5,228
47,"Kilmarnock and Loudoun","Scottish National Party","Scottish Green Party",4,5,273
47,"Kilmarnock and Loudoun","spoilt","Scottish Green Party",5,5,21
47,"Kilmarnock and Loudoun","Other","Scottish Green Party",6,5,0
47,"Kilmarnock and Loudoun","Scottish Green Party","Scottish Green Party",7,5,0
47,"Kilmarnock and Loudoun","Conservative and Unionist Party [The]","Scottish National Party",1,6,138
47,"Kilmarnock and Loudoun","Labour Party [The]","Scottish National Party",2,6,364
47,"Kilmarnock and Loudoun","Liberal Democrats","Scottish National Party",3,6,110
47,"Kilmarnock and Loudoun","Scottish National Party","Scottish National Party",4,6,11263
47,"Kilmarnock and Loudoun","spoilt","Scottish National Party",5,6,271
47,"Kilmarnock and Loudoun","Other","Scottish National Party",6,6,0
47,"Kilmarnock and Loudoun","Scottish Green Party","Scottish National Party",7,6,0
47,"Kilmarnock and Loudoun","Conservative and Unionist Party [The]","spoilt",1,7,56
47,"Kilmarnock and Loudoun","Labour Party [The]","spoilt",2,7,516
47,"Kilmarnock and Loudoun","Liberal Democrats","spoilt",3,7,27
47,"Kilmarnock and Loudoun","Scottish National Party","spoilt",4,7,252
47,"Kilmarnock and Loudoun","spoilt","spoilt",5,7,153
47,"Kilmarnock and Loudoun","Other","spoilt",6,7,0
47,"Kilmarnock and Loudoun","Scottish Green Party","spoilt",7,7,0
48,"Kirkcaldy","Conservative and Unionist Party [The]","Conservative and Unionist Party [The]",1,1,1569
48,"Kirkcaldy","Labour Party [The]","Conservative and Unionist Party [The]",2,1,107
48,"Kirkcaldy","Liberal Democrats","Conservative and Unionist Party [The]",3,1,135
48,"Kirkcaldy","Scottish National Party","Conservative and Unionist Party [The]",4,1,71
48,"Kirkcaldy","spoilt","Conservative and Unionist Party [The]",5,1,47
48,"Kirkcaldy","Other","Conservative and Unionist Party [The]",6,1,0
48,"Kirkcaldy","Scottish Green Party","Conservative and Unionist Party [The]",7,1,0
48,"Kirkcaldy","Conservative and Unionist Party [The]","Labour Party [The]",1,2,71
48,"Kirkcaldy","Labour Party [The]","Labour Party [The]",2,2,8665
48,"Kirkcaldy","Liberal Democrats","Labour Party [The]",3,2,265
48,"Kirkcaldy","Scottish National Party","Labour Party [The]",4,2,163
48,"Kirkcaldy","spoilt","Labour Party [The]",5,2,319
48,"Kirkcaldy","Other","Labour Party [The]",6,2,0
48,"Kirkcaldy","Scottish Green Party","Labour Party [The]",7,2,0
48,"Kirkcaldy","Conservative and Unionist Party [The]","Liberal Democrats",1,3,42
48,"Kirkcaldy","Labour Party [The]","Liberal Democrats",2,3,208
48,"Kirkcaldy","Liberal Democrats","Liberal Democrats",3,3,1908
48,"Kirkcaldy","Scottish National Party","Liberal Democrats",4,3,68
48,"Kirkcaldy","spoilt","Liberal Democrats",5,3,35
48,"Kirkcaldy","Other","Liberal Democrats",6,3,0
48,"Kirkcaldy","Scottish Green Party","Liberal Democrats",7,3,0
48,"Kirkcaldy","Conservative and Unionist Party [The]","Other",1,4,370
48,"Kirkcaldy","Labour Party [The]","Other",2,4,708
48,"Kirkcaldy","Liberal Democrats","Other",3,4,472
48,"Kirkcaldy","Scottish National Party","Other",4,4,536
48,"Kirkcaldy","spoilt","Other",5,4,129
48,"Kirkcaldy","Other","Other",6,4,0
48,"Kirkcaldy","Scottish Green Party","Other",7,4,0
48,"Kirkcaldy","Conservative and Unionist Party [The]","Scottish Green Party",1,5,52
48,"Kirkcaldy","Labour Party [The]","Scottish Green Party",2,5,209
48,"Kirkcaldy","Liberal Democrats","Scottish Green Party",3,5,250
48,"Kirkcaldy","Scottish National Party","Scottish Green Party",4,5,153
48,"Kirkcaldy","spoilt","Scottish Green Party",5,5,22
48,"Kirkcaldy","Other","Scottish Green Party",6,5,0
48,"Kirkcaldy","Scottish Green Party","Scottish Green Party",7,5,0
48,"Kirkcaldy","Conservative and Unionist Party [The]","Scottish National Party",1,6,70
48,"Kirkcaldy","Labour Party [The]","Scottish National Party",2,6,450
48,"Kirkcaldy","Liberal Democrats","Scottish National Party",3,6,286
48,"Kirkcaldy","Scottish National Party","Scottish National Party",4,6,6910
48,"Kirkcaldy","spoilt","Scottish National Party",5,6,222
48,"Kirkcaldy","Other","Scottish National Party",6,6,0
48,"Kirkcaldy","Scottish Green Party","Scottish National Party",7,6,0
48,"Kirkcaldy","Conservative and Unionist Party [The]","spoilt",1,7,28
48,"Kirkcaldy","Labour Party [The]","spoilt",2,7,280
48,"Kirkcaldy","Liberal Democrats","spoilt",3,7,45
48,"Kirkcaldy","Scottish National Party","spoilt",4,7,104
48,"Kirkcaldy","spoilt","spoilt",5,7,180
48,"Kirkcaldy","Other","spoilt",6,7,0
48,"Kirkcaldy","Scottish Green Party","spoilt",7,7,0
49,"Linlithgow","Conservative and Unionist Party [The]","Conservative and Unionist Party [The]",1,1,2022
49,"Linlithgow","Labour Party [The]","Conservative and Unionist Party [The]",2,1,155
49,"Linlithgow","Liberal Democrats","Conservative and Unionist Party [The]",3,1,44
49,"Linlithgow","Scottish National Party","Conservative and Unionist Party [The]",4,1,137
49,"Linlithgow","spoilt","Conservative and Unionist Party [The]",5,1,94
49,"Linlithgow","Other","Conservative and Unionist Party [The]",6,1,0
49,"Linlithgow","Scottish Green Party","Conservative and Unionist Party [The]",7,1,0
49,"Linlithgow","Conservative and Unionist Party [The]","Labour Party [The]",1,2,78
49,"Linlithgow","Labour Party [The]","Labour Party [The]",2,2,9658
49,"Linlithgow","Liberal Democrats","Labour Party [The]",3,2,83
49,"Linlithgow","Scottish National Party","Labour Party [The]",4,2,353
49,"Linlithgow","spoilt","Labour Party [The]",5,2,521
49,"Linlithgow","Other","Labour Party [The]",6,2,0
49,"Linlithgow","Scottish Green Party","Labour Party [The]",7,2,0
49,"Linlithgow","Conservative and Unionist Party [The]","Liberal Democrats",1,3,37
49,"Linlithgow","Labour Party [The]","Liberal Democrats",2,3,192
49,"Linlithgow","Liberal Democrats","Liberal Democrats",3,3,1218
49,"Linlithgow","Scottish National Party","Liberal Democrats",4,3,155
49,"Linlithgow","spoilt","Liberal Democrats",5,3,53
49,"Linlithgow","Other","Liberal Democrats",6,3,0
49,"Linlithgow","Scottish Green Party","Liberal Democrats",7,3,0
49,"Linlithgow","Conservative and Unionist Party [The]","Other",1,4,699
49,"Linlithgow","Labour Party [The]","Other",2,4,1517
49,"Linlithgow","Liberal Democrats","Other",3,4,490
49,"Linlithgow","Scottish National Party","Other",4,4,1355
49,"Linlithgow","spoilt","Other",5,4,317
49,"Linlithgow","Other","Other",6,4,0
49,"Linlithgow","Scottish Green Party","Other",7,4,0
49,"Linlithgow","Conservative and Unionist Party [The]","Scottish Green Party",1,5,90
49,"Linlithgow","Labour Party [The]","Scottish Green Party",2,5,310
49,"Linlithgow","Liberal Democrats","Scottish Green Party",3,5,310
49,"Linlithgow","Scottish National Party","Scottish Green Party",4,5,307
49,"Linlithgow","spoilt","Scottish Green Party",5,5,56
49,"Linlithgow","Other","Scottish Green Party",6,5,0
49,"Linlithgow","Scottish Green Party","Scottish Green Party",7,5,0
49,"Linlithgow","Conservative and Unionist Party [The]","Scottish National Party",1,6,133
49,"Linlithgow","Labour Party [The]","Scottish National Party",2,6,310
49,"Linlithgow","Liberal Democrats","Scottish National Party",3,6,65
49,"Linlithgow","Scottish National Party","Scottish National Party",4,6,9061
49,"Linlithgow","spoilt","Scottish National Party",5,6,435
49,"Linlithgow","Other","Scottish National Party",6,6,0
49,"Linlithgow","Scottish Green Party","Scottish National Party",7,6,0
49,"Linlithgow","Conservative and Unionist Party [The]","spoilt",1,7,65
49,"Linlithgow","Labour Party [The]","spoilt",2,7,582
49,"Linlithgow","Liberal Democrats","spoilt",3,7,22
49,"Linlithgow","Scottish National Party","spoilt",4,7,194
49,"Linlithgow","spoilt","spoilt",5,7,246
49,"Linlithgow","Other","spoilt",6,7,0
49,"Linlithgow","Scottish Green Party","spoilt",7,7,0
50,"Livingston","Conservative and Unionist Party [The]","Conservative and Unionist Party [The]",1,1,2003
50,"Livingston","Labour Party [The]","Conservative and Unionist Party [The]",2,1,124
50,"Livingston","Liberal Democrats","Conservative and Unionist Party [The]",3,1,33
50,"Livingston","Scottish National Party","Conservative and Unionist Party [The]",4,1,143
50,"Livingston","spoilt","Conservative and Unionist Party [The]",5,1,72
50,"Livingston","Other","Conservative and Unionist Party [The]",6,1,173
50,"Livingston","Scottish Green Party","Conservative and Unionist Party [The]",7,1,0
50,"Livingston","Conservative and Unionist Party [The]","Labour Party [The]",1,2,62
50,"Livingston","Labour Party [The]","Labour Party [The]",2,2,9850
50,"Livingston","Liberal Democrats","Labour Party [The]",3,2,91
50,"Livingston","Scottish National Party","Labour Party [The]",4,2,386
50,"Livingston","spoilt","Labour Party [The]",5,2,593
50,"Livingston","Other","Labour Party [The]",6,2,455
50,"Livingston","Scottish Green Party","Labour Party [The]",7,2,0
50,"Livingston","Conservative and Unionist Party [The]","Liberal Democrats",1,3,37
50,"Livingston","Labour Party [The]","Liberal Democrats",2,3,219
50,"Livingston","Liberal Democrats","Liberal Democrats",3,3,1370
50,"Livingston","Scottish National Party","Liberal Democrats",4,3,137
50,"Livingston","spoilt","Liberal Democrats",5,3,51
50,"Livingston","Other","Liberal Democrats",6,3,178
50,"Livingston","Scottish Green Party","Liberal Democrats",7,3,0
50,"Livingston","Conservative and Unionist Party [The]","Other",1,4,496
50,"Livingston","Labour Party [The]","Other",2,4,1188
50,"Livingston","Liberal Democrats","Other",3,4,350
50,"Livingston","Scottish National Party","Other",4,4,1224
50,"Livingston","spoilt","Other",5,4,223
50,"Livingston","Other","Other",6,4,1293
50,"Livingston","Scottish Green Party","Other",7,4,0
50,"Livingston","Conservative and Unionist Party [The]","Scottish Green Party",1,5,68
50,"Livingston","Labour Party [The]","Scottish Green Party",2,5,295
50,"Livingston","Liberal Democrats","Scottish Green Party",3,5,221
50,"Livingston","Scottish National Party","Scottish Green Party",4,5,278
50,"Livingston","spoilt","Scottish Green Party",5,5,30
50,"Livingston","Other","Scottish Green Party",6,5,275
50,"Livingston","Scottish Green Party","Scottish Green Party",7,5,0
50,"Livingston","Conservative and Unionist Party [The]","Scottish National Party",1,6,84
50,"Livingston","Labour Party [The]","Scottish National Party",2,6,303
50,"Livingston","Liberal Democrats","Scottish National Party",3,6,77
50,"Livingston","Scottish National Party","Scottish National Party",4,6,10790
50,"Livingston","spoilt","Scottish National Party",5,6,425
50,"Livingston","Other","Scottish National Party",6,6,379
50,"Livingston","Scottish Green Party","Scottish National Party",7,6,0
50,"Livingston","Conservative and Unionist Party [The]","spoilt",1,7,54
50,"Livingston","Labour Party [The]","spoilt",2,7,309
50,"Livingston","Liberal Democrats","spoilt",3,7,16
50,"Livingston","Scottish National Party","spoilt",4,7,198
50,"Livingston","spoilt","spoilt",5,7,240
50,"Livingston","Other","spoilt",6,7,61
50,"Livingston","Scottish Green Party","spoilt",7,7,0
51,"MARYHILL","Conservative and Unionist Party [The]","Conservative and Unionist Party [The]",1,1,573
51,"MARYHILL","Labour Party [The]","Conservative and Unionist Party [The]",2,1,56
51,"MARYHILL","Liberal Democrats","Conservative and Unionist Party [The]",3,1,17
51,"MARYHILL","Scottish National Party","Conservative and Unionist Party [The]",4,1,9
51,"MARYHILL","spoilt","Conservative and Unionist Party [The]",5,1,39
51,"MARYHILL","Other","Conservative and Unionist Party [The]",6,1,0
51,"MARYHILL","Scottish Green Party","Conservative and Unionist Party [The]",7,1,0
51,"MARYHILL","Conservative and Unionist Party [The]","Labour Party [The]",1,2,33
51,"MARYHILL","Labour Party [The]","Labour Party [The]",2,2,5830
51,"MARYHILL","Liberal Democrats","Labour Party [The]",3,2,62
51,"MARYHILL","Scottish National Party","Labour Party [The]",4,2,118
51,"MARYHILL","spoilt","Labour Party [The]",5,2,737
51,"MARYHILL","Other","Labour Party [The]",6,2,0
51,"MARYHILL","Scottish Green Party","Labour Party [The]",7,2,0
51,"MARYHILL","Conservative and Unionist Party [The]","Liberal Democrats",1,3,12
51,"MARYHILL","Labour Party [The]","Liberal Democrats",2,3,162
51,"MARYHILL","Liberal Democrats","Liberal Democrats",3,3,890
51,"MARYHILL","Scottish National Party","Liberal Democrats",4,3,40
51,"MARYHILL","spoilt","Liberal Democrats",5,3,42
51,"MARYHILL","Other","Liberal Democrats",6,3,0
51,"MARYHILL","Scottish Green Party","Liberal Democrats",7,3,0
51,"MARYHILL","Conservative and Unionist Party [The]","Other",1,4,301
51,"MARYHILL","Labour Party [The]","Other",2,4,901
51,"MARYHILL","Liberal Democrats","Other",3,4,316
51,"MARYHILL","Scottish National Party","Other",4,4,736
51,"MARYHILL","spoilt","Other",5,4,392
51,"MARYHILL","Other","Other",6,4,0
51,"MARYHILL","Scottish Green Party","Other",7,4,0
51,"MARYHILL","Conservative and Unionist Party [The]","Scottish Green Party",1,5,49
51,"MARYHILL","Labour Party [The]","Scottish Green Party",2,5,366
51,"MARYHILL","Liberal Democrats","Scottish Green Party",3,5,532
51,"MARYHILL","Scottish National Party","Scottish Green Party",4,5,308
51,"MARYHILL","spoilt","Scottish Green Party",5,5,86
51,"MARYHILL","Other","Scottish Green Party",6,5,0
51,"MARYHILL","Scottish Green Party","Scottish Green Party",7,5,0
51,"MARYHILL","Conservative and Unionist Party [The]","Scottish National Party",1,6,33
51,"MARYHILL","Labour Party [The]","Scottish National Party",2,6,231
51,"MARYHILL","Liberal Democrats","Scottish National Party",3,6,103
51,"MARYHILL","Scottish National Party","Scottish National Party",4,6,4304
51,"MARYHILL","spoilt","Scottish National Party",5,6,317
51,"MARYHILL","Other","Scottish National Party",6,6,0
51,"MARYHILL","Scottish Green Party","Scottish National Party",7,6,0
51,"MARYHILL","Conservative and Unionist Party [The]","spoilt",1,7,27
51,"MARYHILL","Labour Party [The]","spoilt",2,7,409
51,"MARYHILL","Liberal Democrats","spoilt",3,7,16
51,"MARYHILL","Scottish National Party","spoilt",4,7,130
51,"MARYHILL","spoilt","spoilt",5,7,263
51,"MARYHILL","Other","spoilt",6,7,1
51,"MARYHILL","Scottish Green Party","spoilt",7,7,0
52,"Midlothian","Conservative and Unionist Party [The]","Conservative and Unionist Party [The]",1,1,1579
52,"Midlothian","Labour Party [The]","Conservative and Unionist Party [The]",2,1,127
52,"Midlothian","Liberal Democrats","Conservative and Unionist Party [The]",3,1,65
52,"Midlothian","Scottish National Party","Conservative and Unionist Party [The]",4,1,69
52,"Midlothian","spoilt","Conservative and Unionist Party [The]",5,1,58
52,"Midlothian","Other","Conservative and Unionist Party [The]",6,1,16
52,"Midlothian","Scottish Green Party","Conservative and Unionist Party [The]",7,1,0
52,"Midlothian","Conservative and Unionist Party [The]","Labour Party [The]",1,2,32
52,"Midlothian","Labour Party [The]","Labour Party [The]",2,2,7964
52,"Midlothian","Liberal Democrats","Labour Party [The]",3,2,121
52,"Midlothian","Scottish National Party","Labour Party [The]",4,2,212
52,"Midlothian","spoilt","Labour Party [The]",5,2,655
52,"Midlothian","Other","Labour Party [The]",6,2,22
52,"Midlothian","Scottish Green Party","Labour Party [The]",7,2,0
52,"Midlothian","Conservative and Unionist Party [The]","Liberal Democrats",1,3,35
52,"Midlothian","Labour Party [The]","Liberal Democrats",2,3,220
52,"Midlothian","Liberal Democrats","Liberal Democrats",3,3,1554
52,"Midlothian","Scottish National Party","Liberal Democrats",4,3,79
52,"Midlothian","spoilt","Liberal Democrats",5,3,73
52,"Midlothian","Other","Liberal Democrats",6,3,11
52,"Midlothian","Scottish Green Party","Liberal Democrats",7,3,0
52,"Midlothian","Conservative and Unionist Party [The]","Other",1,4,453
52,"Midlothian","Labour Party [The]","Other",2,4,1383
52,"Midlothian","Liberal Democrats","Other",3,4,524
52,"Midlothian","Scottish National Party","Other",4,4,1100
52,"Midlothian","spoilt","Other",5,4,274
52,"Midlothian","Other","Other",6,4,363
52,"Midlothian","Scottish Green Party","Other",7,4,0
52,"Midlothian","Conservative and Unionist Party [The]","Scottish Green Party",1,5,55
52,"Midlothian","Labour Party [The]","Scottish Green Party",2,5,307
52,"Midlothian","Liberal Democrats","Scottish Green Party",3,5,307
52,"Midlothian","Scottish National Party","Scottish Green Party",4,5,228
52,"Midlothian","spoilt","Scottish Green Party",5,5,34
52,"Midlothian","Other","Scottish Green Party",6,5,53
52,"Midlothian","Scottish Green Party","Scottish Green Party",7,5,0
52,"Midlothian","Conservative and Unionist Party [The]","Scottish National Party",1,6,67
52,"Midlothian","Labour Party [The]","Scottish National Party",2,6,304
52,"Midlothian","Liberal Democrats","Scottish National Party",3,6,109
52,"Midlothian","Scottish National Party","Scottish National Party",4,6,7045
52,"Midlothian","spoilt","Scottish National Party",5,6,268
52,"Midlothian","Other","Scottish National Party",6,6,27
52,"Midlothian","Scottish Green Party","Scottish National Party",7,6,0
52,"Midlothian","Conservative and Unionist Party [The]","spoilt",1,7,48
52,"Midlothian","Labour Party [The]","spoilt",2,7,366
52,"Midlothian","Liberal Democrats","spoilt",3,7,24
52,"Midlothian","Scottish National Party","spoilt",4,7,236
52,"Midlothian","spoilt","spoilt",5,7,287
52,"Midlothian","Other","spoilt",6,7,6
52,"Midlothian","Scottish Green Party","spoilt",7,7,0
53,"Moray","Conservative and Unionist Party [The]","Conservative and Unionist Party [The]",1,1,5407
53,"Moray","Labour Party [The]","Conservative and Unionist Party [The]",2,1,30
53,"Moray","Liberal Democrats","Conservative and Unionist Party [The]",3,1,138
53,"Moray","Scottish National Party","Conservative and Unionist Party [The]",4,1,291
53,"Moray","spoilt","Conservative and Unionist Party [The]",5,1,124
53,"Moray","Other","Conservative and Unionist Party [The]",6,1,0
53,"Moray","Scottish Green Party","Conservative and Unionist Party [The]",7,1,0
53,"Moray","Conservative and Unionist Party [The]","Labour Party [The]",1,2,246
53,"Moray","Labour Party [The]","Labour Party [The]",2,2,3702
53,"Moray","Liberal Democrats","Labour Party [The]",3,2,172
53,"Moray","Scottish National Party","Labour Party [The]",4,2,789
53,"Moray","spoilt","Labour Party [The]",5,2,177
53,"Moray","Other","Labour Party [The]",6,2,0
53,"Moray","Scottish Green Party","Labour Party [The]",7,2,0
53,"Moray","Conservative and Unionist Party [The]","Liberal Democrats",1,3,227
53,"Moray","Labour Party [The]","Liberal Democrats",2,3,59
53,"Moray","Liberal Democrats","Liberal Democrats",3,3,2179
53,"Moray","Scottish National Party","Liberal Democrats",4,3,434
53,"Moray","spoilt","Liberal Democrats",5,3,58
53,"Moray","Other","Liberal Democrats",6,3,0
53,"Moray","Scottish Green Party","Liberal Democrats",7,3,0
53,"Moray","Conservative and Unionist Party [The]","Other",1,4,735
53,"Moray","Labour Party [The]","Other",2,4,371
53,"Moray","Liberal Democrats","Other",3,4,458
53,"Moray","Scottish National Party","Other",4,4,859
53,"Moray","spoilt","Other",5,4,146
53,"Moray","Other","Other",6,4,0
53,"Moray","Scottish Green Party","Other",7,4,0
53,"Moray","Conservative and Unionist Party [The]","Scottish Green Party",1,5,163
53,"Moray","Labour Party [The]","Scottish Green Party",2,5,156
53,"Moray","Liberal Democrats","Scottish Green Party",3,5,425
53,"Moray","Scottish National Party","Scottish Green Party",4,5,447
53,"Moray","spoilt","Scottish Green Party",5,5,39
53,"Moray","Other","Scottish Green Party",6,5,0
53,"Moray","Scottish Green Party","Scottish Green Party",7,5,0
53,"Moray","Conservative and Unionist Party [The]","Scottish National Party",1,6,182
53,"Moray","Labour Party [The]","Scottish National Party",2,6,125
53,"Moray","Liberal Democrats","Scottish National Party",3,6,110
53,"Moray","Scottish National Party","Scottish National Party",4,6,11904
53,"Moray","spoilt","Scottish National Party",5,6,308
53,"Moray","Other","Scottish National Party",6,6,0
53,"Moray","Scottish Green Party","Scottish National Party",7,6,0
53,"Moray","Conservative and Unionist Party [The]","spoilt",1,7,161
53,"Moray","Labour Party [The]","spoilt",2,7,137
53,"Moray","Liberal Democrats","spoilt",3,7,46
53,"Moray","Scottish National Party","spoilt",4,7,321
53,"Moray","spoilt","spoilt",5,7,166
53,"Moray","Other","spoilt",6,7,0
53,"Moray","Scottish Green Party","spoilt",7,7,0
54,"Motherwell and Wishaw","Conservative and Unionist Party [The]","Conservative and Unionist Party [The]",1,1,1512
54,"Motherwell and Wishaw","Labour Party [The]","Conservative and Unionist Party [The]",2,1,101
54,"Motherwell and Wishaw","Liberal Democrats","Conservative and Unionist Party [The]",3,1,63
54,"Motherwell and Wishaw","Scottish National Party","Conservative and Unionist Party [The]",4,1,68
54,"Motherwell and Wishaw","spoilt","Conservative and Unionist Party [The]",5,1,41
54,"Motherwell and Wishaw","Other","Conservative and Unionist Party [The]",6,1,192
54,"Motherwell and Wishaw","Scottish Green Party","Conservative and Unionist Party [The]",7,1,0
54,"Motherwell and Wishaw","Conservative and Unionist Party [The]","Labour Party [The]",1,2,41
54,"Motherwell and Wishaw","Labour Party [The]","Labour Party [The]",2,2,10382
54,"Motherwell and Wishaw","Liberal Democrats","Labour Party [The]",3,2,106
54,"Motherwell and Wishaw","Scottish National Party","Labour Party [The]",4,2,145
54,"Motherwell and Wishaw","spoilt","Labour Party [The]",5,2,370
54,"Motherwell and Wishaw","Other","Labour Party [The]",6,2,260
54,"Motherwell and Wishaw","Scottish Green Party","Labour Party [The]",7,2,0
54,"Motherwell and Wishaw","Conservative and Unionist Party [The]","Liberal Democrats",1,3,19
54,"Motherwell and Wishaw","Labour Party [The]","Liberal Democrats",2,3,103
54,"Motherwell and Wishaw","Liberal Democrats","Liberal Democrats",3,3,855
54,"Motherwell and Wishaw","Scottish National Party","Liberal Democrats",4,3,52
54,"Motherwell and Wishaw","spoilt","Liberal Democrats",5,3,16
54,"Motherwell and Wishaw","Other","Liberal Democrats",6,3,105
54,"Motherwell and Wishaw","Scottish Green Party","Liberal Democrats",7,3,0
54,"Motherwell and Wishaw","Conservative and Unionist Party [The]","Other",1,4,288
54,"Motherwell and Wishaw","Labour Party [The]","Other",2,4,995
54,"Motherwell and Wishaw","Liberal Democrats","Other",3,4,238
54,"Motherwell and Wishaw","Scottish National Party","Other",4,4,585
54,"Motherwell and Wishaw","spoilt","Other",5,4,161
54,"Motherwell and Wishaw","Other","Other",6,4,2223
54,"Motherwell and Wishaw","Scottish Green Party","Other",7,4,0
54,"Motherwell and Wishaw","Conservative and Unionist Party [The]","Scottish Green Party",1,5,26
54,"Motherwell and Wishaw","Labour Party [The]","Scottish Green Party",2,5,136
54,"Motherwell and Wishaw","Liberal Democrats","Scottish Green Party",3,5,91
54,"Motherwell and Wishaw","Scottish National Party","Scottish Green Party",4,5,101
54,"Motherwell and Wishaw","spoilt","Scottish Green Party",5,5,10
54,"Motherwell and Wishaw","Other","Scottish Green Party",6,5,109
54,"Motherwell and Wishaw","Scottish Green Party","Scottish Green Party",7,5,0
54,"Motherwell and Wishaw","Conservative and Unionist Party [The]","Scottish National Party",1,6,74
54,"Motherwell and Wishaw","Labour Party [The]","Scottish National Party",2,6,341
54,"Motherwell and Wishaw","Liberal Democrats","Scottish National Party",3,6,199
54,"Motherwell and Wishaw","Scottish National Party","Scottish National Party",4,6,5603
54,"Motherwell and Wishaw","spoilt","Scottish National Party",5,6,219
54,"Motherwell and Wishaw","Other","Scottish National Party",6,6,424
54,"Motherwell and Wishaw","Scottish Green Party","Scottish National Party",7,6,0
54,"Motherwell and Wishaw","Conservative and Unionist Party [The]","spoilt",1,7,30
54,"Motherwell and Wishaw","Labour Party [The]","spoilt",2,7,516
54,"Motherwell and Wishaw","Liberal Democrats","spoilt",3,7,18
54,"Motherwell and Wishaw","Scottish National Party","spoilt",4,7,82
54,"Motherwell and Wishaw","spoilt","spoilt",5,7,153
54,"Motherwell and Wishaw","Other","spoilt",6,7,67
54,"Motherwell and Wishaw","Scottish Green Party","spoilt",7,7,0
55,"North East Fife","Conservative and Unionist Party [The]","Conservative and Unionist Party [The]",1,1,6073
55,"North East Fife","Labour Party [The]","Conservative and Unionist Party [The]",2,1,16
55,"North East Fife","Liberal Democrats","Conservative and Unionist Party [The]",3,1,333
55,"North East Fife","Scottish National Party","Conservative and Unionist Party [The]",4,1,24
55,"North East Fife","spoilt","Conservative and Unionist Party [The]",5,1,87
55,"North East Fife","Other","Conservative and Unionist Party [The]",6,1,0
55,"North East Fife","Scottish Green Party","Conservative and Unionist Party [The]",7,1,61
55,"North East Fife","Conservative and Unionist Party [The]","Labour Party [The]",1,2,224
55,"North East Fife","Labour Party [The]","Labour Party [The]",2,2,2048
55,"North East Fife","Liberal Democrats","Labour Party [The]",3,2,1018
55,"North East Fife","Scottish National Party","Labour Party [The]",4,2,68
55,"North East Fife","spoilt","Labour Party [The]",5,2,105
55,"North East Fife","Other","Labour Party [The]",6,2,0
55,"North East Fife","Scottish Green Party","Labour Party [The]",7,2,37
55,"North East Fife","Conservative and Unionist Party [The]","Liberal Democrats",1,3,394
55,"North East Fife","Labour Party [The]","Liberal Democrats",2,3,67
55,"North East Fife","Liberal Democrats","Liberal Democrats",3,3,8951
55,"North East Fife","Scottish National Party","Liberal Democrats",4,3,112
55,"North East Fife","spoilt","Liberal Democrats",5,3,159
55,"North East Fife","Other","Liberal Democrats",6,3,0
55,"North East Fife","Scottish Green Party","Liberal Democrats",7,3,78
55,"North East Fife","Conservative and Unionist Party [The]","Other",1,4,653
55,"North East Fife","Labour Party [The]","Other",2,4,200
55,"North East Fife","Liberal Democrats","Other",3,4,594
55,"North East Fife","Scottish National Party","Other",4,4,330
55,"North East Fife","spoilt","Other",5,4,71
55,"North East Fife","Other","Other",6,4,0
55,"North East Fife","Scottish Green Party","Other",7,4,269
55,"North East Fife","Conservative and Unionist Party [The]","Scottish Green Party",1,5,143
55,"North East Fife","Labour Party [The]","Scottish Green Party",2,5,130
55,"North East Fife","Liberal Democrats","Scottish Green Party",3,5,1057
55,"North East Fife","Scottish National Party","Scottish Green Party",4,5,225
55,"North East Fife","spoilt","Scottish Green Party",5,5,41
55,"North East Fife","Other","Scottish Green Party",6,5,0
55,"North East Fife","Scottish Green Party","Scottish Green Party",7,5,134
55,"North East Fife","Conservative and Unionist Party [The]","Scottish National Party",1,6,606
55,"North East Fife","Labour Party [The]","Scottish National Party",2,6,47
55,"North East Fife","Liberal Democrats","Scottish National Party",3,6,1142
55,"North East Fife","Scottish National Party","Scottish National Party",4,6,5863
55,"North East Fife","spoilt","Scottish National Party",5,6,168
55,"North East Fife","Other","Scottish National Party",6,6,0
55,"North East Fife","Scottish Green Party","Scottish National Party",7,6,70
55,"North East Fife","Conservative and Unionist Party [The]","spoilt",1,7,198
55,"North East Fife","Labour Party [The]","spoilt",2,7,49
55,"North East Fife","Liberal Democrats","spoilt",3,7,212
55,"North East Fife","Scottish National Party","spoilt",4,7,113
55,"North East Fife","spoilt","spoilt",5,7,131
55,"North East Fife","Other","spoilt",6,7,0
55,"North East Fife","Scottish Green Party","spoilt",7,7,13
56,"North Tayside","Conservative and Unionist Party [The]","Conservative and Unionist Party [The]",1,1,8540
56,"North Tayside","Labour Party [The]","Conservative and Unionist Party [The]",2,1,39
56,"North Tayside","Liberal Democrats","Conservative and Unionist Party [The]",3,1,61
56,"North Tayside","Scottish National Party","Conservative and Unionist Party [The]",4,1,571
56,"North Tayside","spoilt","Conservative and Unionist Party [The]",5,1,113
56,"North Tayside","Other","Conservative and Unionist Party [The]",6,1,0
56,"North Tayside","Scottish Green Party","Conservative and Unionist Party [The]",7,1,0
56,"North Tayside","Conservative and Unionist Party [The]","Labour Party [The]",1,2,321
56,"North Tayside","Labour Party [The]","Labour Party [The]",2,2,2622
56,"North Tayside","Liberal Democrats","Labour Party [The]",3,2,146
56,"North Tayside","Scottish National Party","Labour Party [The]",4,2,872
56,"North Tayside","spoilt","Labour Party [The]",5,2,173
56,"North Tayside","Other","Labour Party [The]",6,2,0
56,"North Tayside","Scottish Green Party","Labour Party [The]",7,2,0
56,"North Tayside","Conservative and Unionist Party [The]","Liberal Democrats",1,3,234
56,"North Tayside","Labour Party [The]","Liberal Democrats",2,3,36
56,"North Tayside","Liberal Democrats","Liberal Democrats",3,3,2147
56,"North Tayside","Scottish National Party","Liberal Democrats",4,3,637
56,"North Tayside","spoilt","Liberal Democrats",5,3,64
56,"North Tayside","Other","Liberal Democrats",6,3,0
56,"North Tayside","Scottish Green Party","Liberal Democrats",7,3,0
56,"North Tayside","Conservative and Unionist Party [The]","Other",1,4,740
56,"North Tayside","Labour Party [The]","Other",2,4,250
56,"North Tayside","Liberal Democrats","Other",3,4,268
56,"North Tayside","Scottish National Party","Other",4,4,897
56,"North Tayside","spoilt","Other",5,4,108
56,"North Tayside","Other","Other",6,4,0
56,"North Tayside","Scottish Green Party","Other",7,4,0
56,"North Tayside","Conservative and Unionist Party [The]","Scottish Green Party",1,5,197
56,"North Tayside","Labour Party [The]","Scottish Green Party",2,5,154
56,"North Tayside","Liberal Democrats","Scottish Green Party",3,5,400
56,"North Tayside","Scottish National Party","Scottish Green Party",4,5,588
56,"North Tayside","spoilt","Scottish Green Party",5,5,39
56,"North Tayside","Other","Scottish Green Party",6,5,0
56,"North Tayside","Scottish Green Party","Scottish Green Party",7,5,0
56,"North Tayside","Conservative and Unionist Party [The]","Scottish National Party",1,6,314
56,"North Tayside","Labour Party [The]","Scottish National Party",2,6,44
56,"North Tayside","Liberal Democrats","Scottish National Party",3,6,85
56,"North Tayside","Scottish National Party","Scottish National Party",4,6,14271
56,"North Tayside","spoilt","Scottish National Party",5,6,368
56,"North Tayside","Other","Scottish National Party",6,6,0
56,"North Tayside","Scottish Green Party","Scottish National Party",7,6,0
56,"North Tayside","Conservative and Unionist Party [The]","spoilt",1,7,351
56,"North Tayside","Labour Party [The]","spoilt",2,7,98
56,"North Tayside","Liberal Democrats","spoilt",3,7,68
56,"North Tayside","Scottish National Party","spoilt",4,7,445
56,"North Tayside","spoilt","spoilt",5,7,160
56,"North Tayside","Other","spoilt",6,7,0
56,"North Tayside","Scottish Green Party","spoilt",7,7,0
57,"OCHIL","Conservative and Unionist Party [The]","Conservative and Unionist Party [The]",1,1,3270
57,"OCHIL","Labour Party [The]","Conservative and Unionist Party [The]",2,1,157
57,"OCHIL","Liberal Democrats","Conservative and Unionist Party [The]",3,1,112
57,"OCHIL","Scottish National Party","Conservative and Unionist Party [The]",4,1,171
57,"OCHIL","spoilt","Conservative and Unionist Party [The]",5,1,79
57,"OCHIL","Other","Conservative and Unionist Party [The]",6,1,0
57,"OCHIL","Scottish Green Party","Conservative and Unionist Party [The]",7,1,0
57,"OCHIL","Conservative and Unionist Party [The]","Labour Party [The]",1,2,112
57,"OCHIL","Labour Party [The]","Labour Party [The]",2,2,9837
57,"OCHIL","Liberal Democrats","Labour Party [The]",3,2,191
57,"OCHIL","Scottish National Party","Labour Party [The]",4,2,436
57,"OCHIL","spoilt","Labour Party [The]",5,2,331
57,"OCHIL","Other","Labour Party [The]",6,2,0
57,"OCHIL","Scottish Green Party","Labour Party [The]",7,2,0
57,"OCHIL","Conservative and Unionist Party [The]","Liberal Democrats",1,3,86
57,"OCHIL","Labour Party [The]","Liberal Democrats",2,3,219
57,"OCHIL","Liberal Democrats","Liberal Democrats",3,3,2121
57,"OCHIL","Scottish National Party","Liberal Democrats",4,3,192
57,"OCHIL","spoilt","Liberal Democrats",5,3,35
57,"OCHIL","Other","Liberal Democrats",6,3,0
57,"OCHIL","Scottish Green Party","Liberal Democrats",7,3,0
57,"OCHIL","Conservative and Unionist Party [The]","Other",1,4,497
57,"OCHIL","Labour Party [The]","Other",2,4,637
57,"OCHIL","Liberal Democrats","Other",3,4,342
57,"OCHIL","Scottish National Party","Other",4,4,697
57,"OCHIL","spoilt","Other",5,4,142
57,"OCHIL","Other","Other",6,4,0
57,"OCHIL","Scottish Green Party","Other",7,4,0
57,"OCHIL","Conservative and Unionist Party [The]","Scottish Green Party",1,5,96
57,"OCHIL","Labour Party [The]","Scottish Green Party",2,5,254
57,"OCHIL","Liberal Democrats","Scottish Green Party",3,5,476
57,"OCHIL","Scottish National Party","Scottish Green Party",4,5,326
57,"OCHIL","spoilt","Scottish Green Party",5,5,33
57,"OCHIL","Other","Scottish Green Party",6,5,0
57,"OCHIL","Scottish Green Party","Scottish Green Party",7,5,0
57,"OCHIL","Conservative and Unionist Party [The]","Scottish National Party",1,6,163
57,"OCHIL","Labour Party [The]","Scottish National Party",2,6,196
57,"OCHIL","Liberal Democrats","Scottish National Party",3,6,188
57,"OCHIL","Scottish National Party","Scottish National Party",4,6,10143
57,"OCHIL","spoilt","Scottish National Party",5,6,215
57,"OCHIL","Other","Scottish National Party",6,6,0
57,"OCHIL","Scottish Green Party","Scottish National Party",7,6,0
57,"OCHIL","Conservative and Unionist Party [The]","spoilt",1,7,60
57,"OCHIL","Labour Party [The]","spoilt",2,7,357
57,"OCHIL","Liberal Democrats","spoilt",3,7,35
57,"OCHIL","Scottish National Party","spoilt",4,7,182
57,"OCHIL","spoilt","spoilt",5,7,181
57,"OCHIL","Other","spoilt",6,7,0
57,"OCHIL","Scottish Green Party","spoilt",7,7,0
58,"Orkney Islands","Conservative and Unionist Party [The]","Conservative and Unionist Party [The]",1,1,1118
58,"Orkney Islands","Labour Party [The]","Conservative and Unionist Party [The]",2,1,15
58,"Orkney Islands","Liberal Democrats","Conservative and Unionist Party [The]",3,1,132
58,"Orkney Islands","Scottish National Party","Conservative and Unionist Party [The]",4,1,18
58,"Orkney Islands","spoilt","Conservative and Unionist Party [The]",5,1,20
58,"Orkney Islands","Other","Conservative and Unionist Party [The]",6,1,0
58,"Orkney Islands","Scottish Green Party","Conservative and Unionist Party [The]",7,1,4
58,"Orkney Islands","Conservative and Unionist Party [The]","Labour Party [The]",1,2,34
58,"Orkney Islands","Labour Party [The]","Labour Party [The]",2,2,694
58,"Orkney Islands","Liberal Democrats","Labour Party [The]",3,2,271
58,"Orkney Islands","Scottish National Party","Labour Party [The]",4,2,31
58,"Orkney Islands","spoilt","Labour Party [The]",5,2,34
58,"Orkney Islands","Other","Labour Party [The]",6,2,0
58,"Orkney Islands","Scottish Green Party","Labour Party [The]",7,2,11
58,"Orkney Islands","Conservative and Unionist Party [The]","Liberal Democrats",1,3,47
58,"Orkney Islands","Labour Party [The]","Liberal Democrats",2,3,73
58,"Orkney Islands","Liberal Democrats","Liberal Democrats",3,3,2503
58,"Orkney Islands","Scottish National Party","Liberal Democrats",4,3,43
58,"Orkney Islands","spoilt","Liberal Democrats",5,3,47
58,"Orkney Islands","Other","Liberal Democrats",6,3,0
58,"Orkney Islands","Scottish Green Party","Liberal Democrats",7,3,9
58,"Orkney Islands","Conservative and Unionist Party [The]","Other",1,4,190
58,"Orkney Islands","Labour Party [The]","Other",2,4,159
58,"Orkney Islands","Liberal Democrats","Other",3,4,319
58,"Orkney Islands","Scottish National Party","Other",4,4,185
58,"Orkney Islands","spoilt","Other",5,4,57
58,"Orkney Islands","Other","Other",6,4,0
58,"Orkney Islands","Scottish Green Party","Other",7,4,68
58,"Orkney Islands","Conservative and Unionist Party [The]","Scottish Green Party",1,5,45
58,"Orkney Islands","Labour Party [The]","Scottish Green Party",2,5,63
58,"Orkney Islands","Liberal Democrats","Scottish Green Party",3,5,338
58,"Orkney Islands","Scottish National Party","Scottish Green Party",4,5,48
58,"Orkney Islands","spoilt","Scottish Green Party",5,5,19
58,"Orkney Islands","Other","Scottish Green Party",6,5,0
58,"Orkney Islands","Scottish Green Party","Scottish Green Party",7,5,22
58,"Orkney Islands","Conservative and Unionist Party [The]","Scottish National Party",1,6,125
58,"Orkney Islands","Labour Party [The]","Scottish National Party",2,6,91
58,"Orkney Islands","Liberal Democrats","Scottish National Party",3,6,403
58,"Orkney Islands","Scottish National Party","Scottish National Party",4,6,1265
58,"Orkney Islands","spoilt","Scottish National Party",5,6,48
58,"Orkney Islands","Other","Scottish National Party",6,6,0
58,"Orkney Islands","Scottish Green Party","Scottish National Party",7,6,19
58,"Orkney Islands","Conservative and Unionist Party [The]","spoilt",1,7,73
58,"Orkney Islands","Labour Party [The]","spoilt",2,7,39
58,"Orkney Islands","Liberal Democrats","spoilt",3,7,147
58,"Orkney Islands","Scottish National Party","spoilt",4,7,47
58,"Orkney Islands","spoilt","spoilt",5,7,60
58,"Orkney Islands","Other","spoilt",6,7,0
58,"Orkney Islands","Scottish Green Party","spoilt",7,7,4
59,"POLLOK","Conservative and Unionist Party [The]","Conservative and Unionist Party [The]",1,1,833
59,"POLLOK","Labour Party [The]","Conservative and Unionist Party [The]",2,1,58
59,"POLLOK","Liberal Democrats","Conservative and Unionist Party [The]",3,1,31
59,"POLLOK","Scottish National Party","Conservative and Unionist Party [The]",4,1,37
59,"POLLOK","spoilt","Conservative and Unionist Party [The]",5,1,61
59,"POLLOK","Other","Conservative and Unionist Party [The]",6,1,0
59,"POLLOK","Scottish Green Party","Conservative and Unionist Party [The]",7,1,0
59,"POLLOK","Conservative and Unionist Party [The]","Labour Party [The]",1,2,48
59,"POLLOK","Labour Party [The]","Labour Party [The]",2,2,7901
59,"POLLOK","Liberal Democrats","Labour Party [The]",3,2,88
59,"POLLOK","Scottish National Party","Labour Party [The]",4,2,118
59,"POLLOK","spoilt","Labour Party [The]",5,2,760
59,"POLLOK","Other","Labour Party [The]",6,2,0
59,"POLLOK","Scottish Green Party","Labour Party [The]",7,2,0
59,"POLLOK","Conservative and Unionist Party [The]","Liberal Democrats",1,3,7
59,"POLLOK","Labour Party [The]","Liberal Democrats",2,3,88
59,"POLLOK","Liberal Democrats","Liberal Democrats",3,3,646
59,"POLLOK","Scottish National Party","Liberal Democrats",4,3,22
59,"POLLOK","spoilt","Liberal Democrats",5,3,29
59,"POLLOK","Other","Liberal Democrats",6,3,0
59,"POLLOK","Scottish Green Party","Liberal Democrats",7,3,0
59,"POLLOK","Conservative and Unionist Party [The]","Other",1,4,465
59,"POLLOK","Labour Party [The]","Other",2,4,1541
59,"POLLOK","Liberal Democrats","Other",3,4,392
59,"POLLOK","Scottish National Party","Other",4,4,1110
59,"POLLOK","spoilt","Other",5,4,545
59,"POLLOK","Other","Other",6,4,0
59,"POLLOK","Scottish Green Party","Other",7,4,0
59,"POLLOK","Conservative and Unionist Party [The]","Scottish Green Party",1,5,32
59,"POLLOK","Labour Party [The]","Scottish Green Party",2,5,166
59,"POLLOK","Liberal Democrats","Scottish Green Party",3,5,168
59,"POLLOK","Scottish National Party","Scottish Green Party",4,5,137
59,"POLLOK","spoilt","Scottish Green Party",5,5,35
59,"POLLOK","Other","Scottish Green Party",6,5,0
59,"POLLOK","Scottish Green Party","Scottish Green Party",7,5,0
59,"POLLOK","Conservative and Unionist Party [The]","Scottish National Party",1,6,46
59,"POLLOK","Labour Party [The]","Scottish National Party",2,6,292
59,"POLLOK","Liberal Democrats","Scottish National Party",3,6,89
59,"POLLOK","Scottish National Party","Scottish National Party",4,6,4535
59,"POLLOK","spoilt","Scottish National Party",5,6,390
59,"POLLOK","Other","Scottish National Party",6,6,0
59,"POLLOK","Scottish Green Party","Scottish National Party",7,6,0
59,"POLLOK","Conservative and Unionist Party [The]","spoilt",1,7,29
59,"POLLOK","Labour Party [The]","spoilt",2,7,410
59,"POLLOK","Liberal Democrats","spoilt",3,7,22
59,"POLLOK","Scottish National Party","spoilt",4,7,104
59,"POLLOK","spoilt","spoilt",5,7,286
59,"POLLOK","Other","spoilt",6,7,0
59,"POLLOK","Scottish Green Party","spoilt",7,7,0
60,"Paisley North","Conservative and Unionist Party [The]","Conservative and Unionist Party [The]",1,1,1202
60,"Paisley North","Labour Party [The]","Conservative and Unionist Party [The]",2,1,277
60,"Paisley North","Liberal Democrats","Conservative and Unionist Party [The]",3,1,62
60,"Paisley North","Scottish National Party","Conservative and Unionist Party [The]",4,1,54
60,"Paisley North","spoilt","Conservative and Unionist Party [The]",5,1,36
60,"Paisley North","Other","Conservative and Unionist Party [The]",6,1,6
60,"Paisley North","Scottish Green Party","Conservative and Unionist Party [The]",7,1,11
60,"Paisley North","Conservative and Unionist Party [The]","Labour Party [The]",1,2,29
60,"Paisley North","Labour Party [The]","Labour Party [The]",2,2,8941
60,"Paisley North","Liberal Democrats","Labour Party [The]",3,2,61
60,"Paisley North","Scottish National Party","Labour Party [The]",4,2,129
60,"Paisley North","spoilt","Labour Party [The]",5,2,203
60,"Paisley North","Other","Labour Party [The]",6,2,53
60,"Paisley North","Scottish Green Party","Labour Party [The]",7,2,21
60,"Paisley North","Conservative and Unionist Party [The]","Liberal Democrats",1,3,25
60,"Paisley North","Labour Party [The]","Liberal Democrats",2,3,320
60,"Paisley North","Liberal Democrats","Liberal Democrats",3,3,1023
60,"Paisley North","Scottish National Party","Liberal Democrats",4,3,74
60,"Paisley North","spoilt","Liberal Democrats",5,3,28
60,"Paisley North","Other","Liberal Democrats",6,3,19
60,"Paisley North","Scottish Green Party","Liberal Democrats",7,3,5
60,"Paisley North","Conservative and Unionist Party [The]","Other",1,4,353
60,"Paisley North","Labour Party [The]","Other",2,4,1076
60,"Paisley North","Liberal Democrats","Other",3,4,183
60,"Paisley North","Scottish National Party","Other",4,4,502
60,"Paisley North","spoilt","Other",5,4,97
60,"Paisley North","Other","Other",6,4,328
60,"Paisley North","Scottish Green Party","Other",7,4,169
60,"Paisley North","Conservative and Unionist Party [The]","Scottish Green Party",1,5,27
60,"Paisley North","Labour Party [The]","Scottish Green Party",2,5,225
60,"Paisley North","Liberal Democrats","Scottish Green Party",3,5,121
60,"Paisley North","Scottish National Party","Scottish Green Party",4,5,122
60,"Paisley North","spoilt","Scottish Green Party",5,5,10
60,"Paisley North","Other","Scottish Green Party",6,5,38
60,"Paisley North","Scottish Green Party","Scottish Green Party",7,5,37
60,"Paisley North","Conservative and Unionist Party [The]","Scottish National Party",1,6,46
60,"Paisley North","Labour Party [The]","Scottish National Party",2,6,771
60,"Paisley North","Liberal Democrats","Scottish National Party",3,6,105
60,"Paisley North","Scottish National Party","Scottish National Party",4,6,6007
60,"Paisley North","spoilt","Scottish National Party",5,6,168
60,"Paisley North","Other","Scottish National Party",6,6,71
60,"Paisley North","Scottish Green Party","Scottish National Party",7,6,30
60,"Paisley North","Conservative and Unionist Party [The]","spoilt",1,7,39
60,"Paisley North","Labour Party [The]","spoilt",2,7,501
60,"Paisley North","Liberal Democrats","spoilt",3,7,15
60,"Paisley North","Scottish National Party","spoilt",4,7,110
60,"Paisley North","spoilt","spoilt",5,7,125
60,"Paisley North","Other","spoilt",6,7,10
60,"Paisley North","Scottish Green Party","spoilt",7,7,8
61,"Paisley South","Conservative and Unionist Party [The]","Conservative and Unionist Party [The]",1,1,1464
61,"Paisley South","Labour Party [The]","Conservative and Unionist Party [The]",2,1,121
61,"Paisley South","Liberal Democrats","Conservative and Unionist Party [The]",3,1,161
61,"Paisley South","Scottish National Party","Conservative and Unionist Party [The]",4,1,63
61,"Paisley South","spoilt","Conservative and Unionist Party [The]",5,1,31
61,"Paisley South","Other","Conservative and Unionist Party [The]",6,1,0
61,"Paisley South","Scottish Green Party","Conservative and Unionist Party [The]",7,1,0
61,"Paisley South","Conservative and Unionist Party [The]","Labour Party [The]",1,2,68
61,"Paisley South","Labour Party [The]","Labour Party [The]",2,2,9887
61,"Paisley South","Liberal Democrats","Labour Party [The]",3,2,351
61,"Paisley South","Scottish National Party","Labour Party [The]",4,2,203
61,"Paisley South","spoilt","Labour Party [The]",5,2,403
61,"Paisley South","Other","Labour Party [The]",6,2,0
61,"Paisley South","Scottish Green Party","Labour Party [The]",7,2,0
61,"Paisley South","Conservative and Unionist Party [The]","Liberal Democrats",1,3,24
61,"Paisley South","Labour Party [The]","Liberal Democrats",2,3,190
61,"Paisley South","Liberal Democrats","Liberal Democrats",3,3,1769
61,"Paisley South","Scottish National Party","Liberal Democrats",4,3,82
61,"Paisley South","spoilt","Liberal Democrats",5,3,34
61,"Paisley South","Other","Liberal Democrats",6,3,0
61,"Paisley South","Scottish Green Party","Liberal Democrats",7,3,0
61,"Paisley South","Conservative and Unionist Party [The]","Other",1,4,351
61,"Paisley South","Labour Party [The]","Other",2,4,887
61,"Paisley South","Liberal Democrats","Other",3,4,523
61,"Paisley South","Scottish National Party","Other",4,4,679
61,"Paisley South","spoilt","Other",5,4,184
61,"Paisley South","Other","Other",6,4,0
61,"Paisley South","Scottish Green Party","Other",7,4,0
61,"Paisley South","Conservative and Unionist Party [The]","Scottish Green Party",1,5,36
61,"Paisley South","Labour Party [The]","Scottish Green Party",2,5,167
61,"Paisley South","Liberal Democrats","Scottish Green Party",3,5,253
61,"Paisley South","Scottish National Party","Scottish Green Party",4,5,178
61,"Paisley South","spoilt","Scottish Green Party",5,5,30
61,"Paisley South","Other","Scottish Green Party",6,5,0
61,"Paisley South","Scottish Green Party","Scottish Green Party",7,5,0
61,"Paisley South","Conservative and Unionist Party [The]","Scottish National Party",1,6,94
61,"Paisley South","Labour Party [The]","Scottish National Party",2,6,371
61,"Paisley South","Liberal Democrats","Scottish National Party",3,6,341
61,"Paisley South","Scottish National Party","Scottish National Party",4,6,6602
61,"Paisley South","spoilt","Scottish National Party",5,6,260
61,"Paisley South","Other","Scottish National Party",6,6,0
61,"Paisley South","Scottish Green Party","Scottish National Party",7,6,0
61,"Paisley South","Conservative and Unionist Party [The]","spoilt",1,7,40
61,"Paisley South","Labour Party [The]","spoilt",2,7,500
61,"Paisley South","Liberal Democrats","spoilt",3,7,36
61,"Paisley South","Scottish National Party","spoilt",4,7,86
61,"Paisley South","spoilt","spoilt",5,7,173
61,"Paisley South","Other","spoilt",6,7,0
61,"Paisley South","Scottish Green Party","spoilt",7,7,0
62,"Perth","Conservative and Unionist Party [The]","Conservative and Unionist Party [The]",1,1,9057
62,"Perth","Labour Party [The]","Conservative and Unionist Party [The]",2,1,38
62,"Perth","Liberal Democrats","Conservative and Unionist Party [The]",3,1,217
62,"Perth","Scottish National Party","Conservative and Unionist Party [The]",4,1,287
62,"Perth","spoilt","Conservative and Unionist Party [The]",5,1,143
62,"Perth","Other","Conservative and Unionist Party [The]",6,1,26
62,"Perth","Scottish Green Party","Conservative and Unionist Party [The]",7,1,0
62,"Perth","Conservative and Unionist Party [The]","Labour Party [The]",1,2,436
62,"Perth","Labour Party [The]","Labour Party [The]",2,2,3792
62,"Perth","Liberal Democrats","Labour Party [The]",3,2,371
62,"Perth","Scottish National Party","Labour Party [The]",4,2,694
62,"Perth","spoilt","Labour Party [The]",5,2,185
62,"Perth","Other","Labour Party [The]",6,2,57
62,"Perth","Scottish Green Party","Labour Party [The]",7,2,0
62,"Perth","Conservative and Unionist Party [The]","Liberal Democrats",1,3,345
62,"Perth","Labour Party [The]","Liberal Democrats",2,3,55
62,"Perth","Liberal Democrats","Liberal Democrats",3,3,2997
62,"Perth","Scottish National Party","Liberal Democrats",4,3,399
62,"Perth","spoilt","Liberal Democrats",5,3,41
62,"Perth","Other","Liberal Democrats",6,3,17
62,"Perth","Scottish Green Party","Liberal Democrats",7,3,0
62,"Perth","Conservative and Unionist Party [The]","Other",1,4,723
62,"Perth","Labour Party [The]","Other",2,4,312
62,"Perth","Liberal Democrats","Other",3,4,326
62,"Perth","Scottish National Party","Other",4,4,725
62,"Perth","spoilt","Other",5,4,110
62,"Perth","Other","Other",6,4,242
62,"Perth","Scottish Green Party","Other",7,4,0
62,"Perth","Conservative and Unionist Party [The]","Scottish Green Party",1,5,221
62,"Perth","Labour Party [The]","Scottish Green Party",2,5,142
62,"Perth","Liberal Democrats","Scottish Green Party",3,5,507
62,"Perth","Scottish National Party","Scottish Green Party",4,5,467
62,"Perth","spoilt","Scottish Green Party",5,5,33
62,"Perth","Other","Scottish Green Party",6,5,45
62,"Perth","Scottish Green Party","Scottish Green Party",7,5,0
62,"Perth","Conservative and Unionist Party [The]","Scottish National Party",1,6,284
62,"Perth","Labour Party [The]","Scottish National Party",2,6,55
62,"Perth","Liberal Democrats","Scottish National Party",3,6,285
62,"Perth","Scottish National Party","Scottish National Party",4,6,10962
62,"Perth","spoilt","Scottish National Party",5,6,209
62,"Perth","Other","Scottish National Party",6,6,167
62,"Perth","Scottish Green Party","Scottish National Party",7,6,0
62,"Perth","Conservative and Unionist Party [The]","spoilt",1,7,190
62,"Perth","Labour Party [The]","spoilt",2,7,119
62,"Perth","Liberal Democrats","spoilt",3,7,64
62,"Perth","Scottish National Party","spoilt",4,7,217
62,"Perth","spoilt","spoilt",5,7,157
62,"Perth","Other","spoilt",6,7,21
62,"Perth","Scottish Green Party","spoilt",7,7,0
63,"Ross Skye & Inverness West","Conservative and Unionist Party [The]","Conservative and Unionist Party [The]",1,1,2186
63,"Ross Skye & Inverness West","Labour Party [The]","Conservative and Unionist Party [The]",2,1,45
63,"Ross Skye & Inverness West","Liberal Democrats","Conservative and Unionist Party [The]",3,1,564
63,"Ross Skye & Inverness West","Scottish National Party","Conservative and Unionist Party [The]",4,1,69
63,"Ross Skye & Inverness West","spoilt","Conservative and Unionist Party [The]",5,1,82
63,"Ross Skye & Inverness West","Other","Conservative and Unionist Party [The]",6,1,8
63,"Ross Skye & Inverness West","Scottish Green Party","Conservative and Unionist Party [The]",7,1,0
63,"Ross Skye & Inverness West","Conservative and Unionist Party [The]","Labour Party [The]",1,2,26
63,"Ross Skye & Inverness West","Labour Party [The]","Labour Party [The]",2,2,3605
63,"Ross Skye & Inverness West","Liberal Democrats","Labour Party [The]",3,2,1161
63,"Ross Skye & Inverness West","Scottish National Party","Labour Party [The]",4,2,118
63,"Ross Skye & Inverness West","spoilt","Labour Party [The]",5,2,258
63,"Ross Skye & Inverness West","Other","Labour Party [The]",6,2,7
63,"Ross Skye & Inverness West","Scottish Green Party","Labour Party [The]",7,2,0
63,"Ross Skye & Inverness West","Conservative and Unionist Party [The]","Liberal Democrats",1,3,62
63,"Ross Skye & Inverness West","Labour Party [The]","Liberal Democrats",2,3,196
63,"Ross Skye & Inverness West","Liberal Democrats","Liberal Democrats",3,3,7438
63,"Ross Skye & Inverness West","Scottish National Party","Liberal Democrats",4,3,124
63,"Ross Skye & Inverness West","spoilt","Liberal Democrats",5,3,164
63,"Ross Skye & Inverness West","Other","Liberal Democrats",6,3,12
63,"Ross Skye & Inverness West","Scottish Green Party","Liberal Democrats",7,3,0
63,"Ross Skye & Inverness West","Conservative and Unionist Party [The]","Other",1,4,631
63,"Ross Skye & Inverness West","Labour Party [The]","Other",2,4,458
63,"Ross Skye & Inverness West","Liberal Democrats","Other",3,4,1360
63,"Ross Skye & Inverness West","Scottish National Party","Other",4,4,722
63,"Ross Skye & Inverness West","spoilt","Other",5,4,241
63,"Ross Skye & Inverness West","Other","Other",6,4,159
63,"Ross Skye & Inverness West","Scottish Green Party","Other",7,4,0
63,"Ross Skye & Inverness West","Conservative and Unionist Party [The]","Scottish Green Party",1,5,70
63,"Ross Skye & Inverness West","Labour Party [The]","Scottish Green Party",2,5,242
63,"Ross Skye & Inverness West","Liberal Democrats","Scottish Green Party",3,5,1060
63,"Ross Skye & Inverness West","Scottish National Party","Scottish Green Party",4,5,397
63,"Ross Skye & Inverness West","spoilt","Scottish Green Party",5,5,66
63,"Ross Skye & Inverness West","Other","Scottish Green Party",6,5,48
63,"Ross Skye & Inverness West","Scottish Green Party","Scottish Green Party",7,5,0
63,"Ross Skye & Inverness West","Conservative and Unionist Party [The]","Scottish National Party",1,6,108
63,"Ross Skye & Inverness West","Labour Party [The]","Scottish National Party",2,6,157
63,"Ross Skye & Inverness West","Liberal Democrats","Scottish National Party",3,6,1636
63,"Ross Skye & Inverness West","Scottish National Party","Scottish National Party",4,6,8481
63,"Ross Skye & Inverness West","spoilt","Scottish National Party",5,6,373
63,"Ross Skye & Inverness West","Other","Scottish National Party",6,6,51
63,"Ross Skye & Inverness West","Scottish Green Party","Scottish National Party",7,6,0
63,"Ross Skye & Inverness West","Conservative and Unionist Party [The]","spoilt",1,7,39
63,"Ross Skye & Inverness West","Labour Party [The]","spoilt",2,7,86
63,"Ross Skye & Inverness West","Liberal Democrats","spoilt",3,7,282
63,"Ross Skye & Inverness West","Scottish National Party","spoilt",4,7,104
63,"Ross Skye & Inverness West","spoilt","spoilt",5,7,235
63,"Ross Skye & Inverness West","Other","spoilt",6,7,7
63,"Ross Skye & Inverness West","Scottish Green Party","spoilt",7,7,0
64,"Roxburgh and Berwickshire","Conservative and Unionist Party [The]","Conservative and Unionist Party [The]",1,1,8035
64,"Roxburgh and Berwickshire","Labour Party [The]","Conservative and Unionist Party [The]",2,1,12
64,"Roxburgh and Berwickshire","Liberal Democrats","Conservative and Unionist Party [The]",3,1,305
64,"Roxburgh and Berwickshire","Scottish National Party","Conservative and Unionist Party [The]",4,1,27
64,"Roxburgh and Berwickshire","spoilt","Conservative and Unionist Party [The]",5,1,67
64,"Roxburgh and Berwickshire","Other","Conservative and Unionist Party [The]",6,1,14
64,"Roxburgh and Berwickshire","Scottish Green Party","Conservative and Unionist Party [The]",7,1,0
64,"Roxburgh and Berwickshire","Conservative and Unionist Party [The]","Labour Party [The]",1,2,276
64,"Roxburgh and Berwickshire","Labour Party [The]","Labour Party [The]",2,2,1722
64,"Roxburgh and Berwickshire","Liberal Democrats","Labour Party [The]",3,2,869
64,"Roxburgh and Berwickshire","Scottish National Party","Labour Party [The]",4,2,58
64,"Roxburgh and Berwickshire","spoilt","Labour Party [The]",5,2,103
64,"Roxburgh and Berwickshire","Other","Labour Party [The]",6,2,23
64,"Roxburgh and Berwickshire","Scottish Green Party","Labour Party [The]",7,2,0
64,"Roxburgh and Berwickshire","Conservative and Unionist Party [The]","Liberal Democrats",1,3,397
64,"Roxburgh and Berwickshire","Labour Party [The]","Liberal Democrats",2,3,47
64,"Roxburgh and Berwickshire","Liberal Democrats","Liberal Democrats",3,3,5305
64,"Roxburgh and Berwickshire","Scottish National Party","Liberal Democrats",4,3,71
64,"Roxburgh and Berwickshire","spoilt","Liberal Democrats",5,3,101
64,"Roxburgh and Berwickshire","Other","Liberal Democrats",6,3,35
64,"Roxburgh and Berwickshire","Scottish Green Party","Liberal Democrats",7,3,0
64,"Roxburgh and Berwickshire","Conservative and Unionist Party [The]","Other",1,4,581
64,"Roxburgh and Berwickshire","Labour Party [The]","Other",2,4,129
64,"Roxburgh and Berwickshire","Liberal Democrats","Other",3,4,412
64,"Roxburgh and Berwickshire","Scottish National Party","Other",4,4,234
64,"Roxburgh and Berwickshire","spoilt","Other",5,4,59
64,"Roxburgh and Berwickshire","Other","Other",6,4,116
64,"Roxburgh and Berwickshire","Scottish Green Party","Other",7,4,0
64,"Roxburgh and Berwickshire","Conservative and Unionist Party [The]","Scottish Green Party",1,5,182
64,"Roxburgh and Berwickshire","Labour Party [The]","Scottish Green Party",2,5,93
64,"Roxburgh and Berwickshire","Liberal Democrats","Scottish Green Party",3,5,567
64,"Roxburgh and Berwickshire","Scottish National Party","Scottish Green Party",4,5,135
64,"Roxburgh and Berwickshire","spoilt","Scottish Green Party",5,5,27
64,"Roxburgh and Berwickshire","Other","Scottish Green Party",6,5,61
64,"Roxburgh and Berwickshire","Scottish Green Party","Scottish Green Party",7,5,0
64,"Roxburgh and Berwickshire","Conservative and Unionist Party [The]","Scottish National Party",1,6,674
64,"Roxburgh and Berwickshire","Labour Party [The]","Scottish National Party",2,6,50
64,"Roxburgh and Berwickshire","Liberal Democrats","Scottish National Party",3,6,897
64,"Roxburgh and Berwickshire","Scottish National Party","Scottish National Party",4,6,3522
64,"Roxburgh and Berwickshire","spoilt","Scottish National Party",5,6,108
64,"Roxburgh and Berwickshire","Other","Scottish National Party",6,6,66
64,"Roxburgh and Berwickshire","Scottish Green Party","Scottish National Party",7,6,0
64,"Roxburgh and Berwickshire","Conservative and Unionist Party [The]","spoilt",1,7,411
64,"Roxburgh and Berwickshire","Labour Party [The]","spoilt",2,7,55
64,"Roxburgh and Berwickshire","Liberal Democrats","spoilt",3,7,216
64,"Roxburgh and Berwickshire","Scottish National Party","spoilt",4,7,80
64,"Roxburgh and Berwickshire","spoilt","spoilt",5,7,134
64,"Roxburgh and Berwickshire","Other","spoilt",6,7,3
64,"Roxburgh and Berwickshire","Scottish Green Party","spoilt",7,7,0
65,"SHETTLESTON","Conservative and Unionist Party [The]","Conservative and Unionist Party [The]",1,1,471
65,"SHETTLESTON","Labour Party [The]","Conservative and Unionist Party [The]",2,1,51
65,"SHETTLESTON","Liberal Democrats","Conservative and Unionist Party [The]",3,1,9
65,"SHETTLESTON","Scottish National Party","Conservative and Unionist Party [The]",4,1,11
65,"SHETTLESTON","spoilt","Conservative and Unionist Party [The]",5,1,62
65,"SHETTLESTON","Other","Conservative and Unionist Party [The]",6,1,7
65,"SHETTLESTON","Scottish Green Party","Conservative and Unionist Party [The]",7,1,0
65,"SHETTLESTON","Conservative and Unionist Party [The]","Labour Party [The]",1,2,27
65,"SHETTLESTON","Labour Party [The]","Labour Party [The]",2,2,5509
65,"SHETTLESTON","Liberal Democrats","Labour Party [The]",3,2,68
65,"SHETTLESTON","Scottish National Party","Labour Party [The]",4,2,111
65,"SHETTLESTON","spoilt","Labour Party [The]",5,2,721
65,"SHETTLESTON","Other","Labour Party [The]",6,2,27
65,"SHETTLESTON","Scottish Green Party","Labour Party [The]",7,2,0
65,"SHETTLESTON","Conservative and Unionist Party [The]","Liberal Democrats",1,3,12
65,"SHETTLESTON","Labour Party [The]","Liberal Democrats",2,3,80
65,"SHETTLESTON","Liberal Democrats","Liberal Democrats",3,3,530
65,"SHETTLESTON","Scottish National Party","Liberal Democrats",4,3,34
65,"SHETTLESTON","spoilt","Liberal Democrats",5,3,53
65,"SHETTLESTON","Other","Liberal Democrats",6,3,7
65,"SHETTLESTON","Scottish Green Party","Liberal Democrats",7,3,0
65,"SHETTLESTON","Conservative and Unionist Party [The]","Other",1,4,331
65,"SHETTLESTON","Labour Party [The]","Other",2,4,1009
65,"SHETTLESTON","Liberal Democrats","Other",3,4,261
65,"SHETTLESTON","Scottish National Party","Other",4,4,639
65,"SHETTLESTON","spoilt","Other",5,4,485
65,"SHETTLESTON","Other","Other",6,4,298
65,"SHETTLESTON","Scottish Green Party","Other",7,4,0
65,"SHETTLESTON","Conservative and Unionist Party [The]","Scottish Green Party",1,5,36
65,"SHETTLESTON","Labour Party [The]","Scottish Green Party",2,5,170
65,"SHETTLESTON","Liberal Democrats","Scottish Green Party",3,5,223
65,"SHETTLESTON","Scottish National Party","Scottish Green Party",4,5,164
65,"SHETTLESTON","spoilt","Scottish Green Party",5,5,57
65,"SHETTLESTON","Other","Scottish Green Party",6,5,20
65,"SHETTLESTON","Scottish Green Party","Scottish Green Party",7,5,0
65,"SHETTLESTON","Conservative and Unionist Party [The]","Scottish National Party",1,6,36
65,"SHETTLESTON","Labour Party [The]","Scottish National Party",2,6,215
65,"SHETTLESTON","Liberal Democrats","Scottish National Party",3,6,78
65,"SHETTLESTON","Scottish National Party","Scottish National Party",4,6,3612
65,"SHETTLESTON","spoilt","Scottish National Party",5,6,384
65,"SHETTLESTON","Other","Scottish National Party",6,6,36
65,"SHETTLESTON","Scottish Green Party","Scottish National Party",7,6,0
65,"SHETTLESTON","Conservative and Unionist Party [The]","spoilt",1,7,33
65,"SHETTLESTON","Labour Party [The]","spoilt",2,7,540
65,"SHETTLESTON","Liberal Democrats","spoilt",3,7,13
65,"SHETTLESTON","Scottish National Party","spoilt",4,7,122
65,"SHETTLESTON","spoilt","spoilt",5,7,273
65,"SHETTLESTON","Other","spoilt",6,7,11
65,"SHETTLESTON","Scottish Green Party","spoilt",7,7,0
66,"SPRINGBURN","Conservative and Unionist Party [The]","Conservative and Unionist Party [The]",1,1,563
66,"SPRINGBURN","Labour Party [The]","Conservative and Unionist Party [The]",2,1,66
66,"SPRINGBURN","Liberal Democrats","Conservative and Unionist Party [The]",3,1,19
66,"SPRINGBURN","Scottish National Party","Conservative and Unionist Party [The]",4,1,20
66,"SPRINGBURN","spoilt","Conservative and Unionist Party [The]",5,1,46
66,"SPRINGBURN","Other","Conservative and Unionist Party [The]",6,1,9
66,"SPRINGBURN","Scottish Green Party","Conservative and Unionist Party [The]",7,1,0
66,"SPRINGBURN","Conservative and Unionist Party [The]","Labour Party [The]",1,2,30
66,"SPRINGBURN","Labour Party [The]","Labour Party [The]",2,2,7427
66,"SPRINGBURN","Liberal Democrats","Labour Party [The]",3,2,62
66,"SPRINGBURN","Scottish National Party","Labour Party [The]",4,2,77
66,"SPRINGBURN","spoilt","Labour Party [The]",5,2,595
66,"SPRINGBURN","Other","Labour Party [The]",6,2,26
66,"SPRINGBURN","Scottish Green Party","Labour Party [The]",7,2,0
66,"SPRINGBURN","Conservative and Unionist Party [The]","Liberal Democrats",1,3,9
66,"SPRINGBURN","Labour Party [The]","Liberal Democrats",2,3,112
66,"SPRINGBURN","Liberal Democrats","Liberal Democrats",3,3,505
66,"SPRINGBURN","Scottish National Party","Liberal Democrats",4,3,27
66,"SPRINGBURN","spoilt","Liberal Democrats",5,3,22
66,"SPRINGBURN","Other","Liberal Democrats",6,3,5
66,"SPRINGBURN","Scottish Green Party","Liberal Democrats",7,3,0
66,"SPRINGBURN","Conservative and Unionist Party [The]","Other",1,4,369
66,"SPRINGBURN","Labour Party [The]","Other",2,4,1190
66,"SPRINGBURN","Liberal Democrats","Other",3,4,255
66,"SPRINGBURN","Scottish National Party","Other",4,4,648
66,"SPRINGBURN","spoilt","Other",5,4,432
66,"SPRINGBURN","Other","Other",6,4,381
66,"SPRINGBURN","Scottish Green Party","Other",7,4,0
66,"SPRINGBURN","Conservative and Unionist Party [The]","Scottish Green Party",1,5,27
66,"SPRINGBURN","Labour Party [The]","Scottish Green Party",2,5,187
66,"SPRINGBURN","Liberal Democrats","Scottish Green Party",3,5,186
66,"SPRINGBURN","Scottish National Party","Scottish Green Party",4,5,173
66,"SPRINGBURN","spoilt","Scottish Green Party",5,5,41
66,"SPRINGBURN","Other","Scottish Green Party",6,5,13
66,"SPRINGBURN","Scottish Green Party","Scottish Green Party",7,5,0
66,"SPRINGBURN","Conservative and Unionist Party [The]","Scottish National Party",1,6,39
66,"SPRINGBURN","Labour Party [The]","Scottish National Party",2,6,342
66,"SPRINGBURN","Liberal Democrats","Scottish National Party",3,6,69
66,"SPRINGBURN","Scottish National Party","Scottish National Party",4,6,3906
66,"SPRINGBURN","spoilt","Scottish National Party",5,6,361
66,"SPRINGBURN","Other","Scottish National Party",6,6,44
66,"SPRINGBURN","Scottish Green Party","Scottish National Party",7,6,0
66,"SPRINGBURN","Conservative and Unionist Party [The]","spoilt",1,7,30
66,"SPRINGBURN","Labour Party [The]","spoilt",2,7,700
66,"SPRINGBURN","Liberal Democrats","spoilt",3,7,12
66,"SPRINGBURN","Scottish National Party","spoilt",4,7,78
66,"SPRINGBURN","spoilt","spoilt",5,7,205
66,"SPRINGBURN","Other","spoilt",6,7,6
66,"SPRINGBURN","Scottish Green Party","spoilt",7,7,0
67,"STIRLING","Conservative and Unionist Party [The]","Conservative and Unionist Party [The]",1,1,6388
67,"STIRLING","Labour Party [The]","Conservative and Unionist Party [The]",2,1,214
67,"STIRLING","Liberal Democrats","Conservative and Unionist Party [The]",3,1,98
67,"STIRLING","Scottish National Party","Conservative and Unionist Party [The]",4,1,132
67,"STIRLING","spoilt","Conservative and Unionist Party [The]",5,1,80
67,"STIRLING","Other","Conservative and Unionist Party [The]",6,1,0
67,"STIRLING","Scottish Green Party","Conservative and Unionist Party [The]",7,1,7
67,"STIRLING","Conservative and Unionist Party [The]","Labour Party [The]",1,2,204
67,"STIRLING","Labour Party [The]","Labour Party [The]",2,2,7433
67,"STIRLING","Liberal Democrats","Labour Party [The]",3,2,146
67,"STIRLING","Scottish National Party","Labour Party [The]",4,2,200
67,"STIRLING","spoilt","Labour Party [The]",5,2,166
67,"STIRLING","Other","Labour Party [The]",6,2,0
67,"STIRLING","Scottish Green Party","Labour Party [The]",7,2,24
67,"STIRLING","Conservative and Unionist Party [The]","Liberal Democrats",1,3,165
67,"STIRLING","Labour Party [The]","Liberal Democrats",2,3,424
67,"STIRLING","Liberal Democrats","Liberal Democrats",3,3,2422
67,"STIRLING","Scottish National Party","Liberal Democrats",4,3,150
67,"STIRLING","spoilt","Liberal Democrats",5,3,26
67,"STIRLING","Other","Liberal Democrats",6,3,0
67,"STIRLING","Scottish Green Party","Liberal Democrats",7,3,35
67,"STIRLING","Conservative and Unionist Party [The]","Other",1,4,566
67,"STIRLING","Labour Party [The]","Other",2,4,585
67,"STIRLING","Liberal Democrats","Other",3,4,285
67,"STIRLING","Scottish National Party","Other",4,4,494
67,"STIRLING","spoilt","Other",5,4,80
67,"STIRLING","Other","Other",6,4,0
67,"STIRLING","Scottish Green Party","Other",7,4,180
67,"STIRLING","Conservative and Unionist Party [The]","Scottish Green Party",1,5,141
67,"STIRLING","Labour Party [The]","Scottish Green Party",2,5,506
67,"STIRLING","Liberal Democrats","Scottish Green Party",3,5,472
67,"STIRLING","Scottish National Party","Scottish Green Party",4,5,345
67,"STIRLING","spoilt","Scottish Green Party",5,5,27
67,"STIRLING","Other","Scottish Green Party",6,5,0
67,"STIRLING","Scottish Green Party","Scottish Green Party",7,5,278
67,"STIRLING","Conservative and Unionist Party [The]","Scottish National Party",1,6,506
67,"STIRLING","Labour Party [The]","Scottish National Party",2,6,438
67,"STIRLING","Liberal Democrats","Scottish National Party",3,6,245
67,"STIRLING","Scottish National Party","Scottish National Party",4,6,9018
67,"STIRLING","spoilt","Scottish National Party",5,6,141
67,"STIRLING","Other","Scottish National Party",6,6,0
67,"STIRLING","Scottish Green Party","Scottish National Party",7,6,43
67,"STIRLING","Conservative and Unionist Party [The]","spoilt",1,7,111
67,"STIRLING","Labour Party [The]","spoilt",2,7,227
67,"STIRLING","Liberal Democrats","spoilt",3,7,25
67,"STIRLING","Scottish National Party","spoilt",4,7,108
67,"STIRLING","spoilt","spoilt",5,7,113
67,"STIRLING","Other","spoilt",6,7,0
67,"STIRLING","Scottish Green Party","spoilt",7,7,10
68,"Shetland Islands","Conservative and Unionist Party [The]","Conservative and Unionist Party [The]",1,1,598
68,"Shetland Islands","Labour Party [The]","Conservative and Unionist Party [The]",2,1,4
68,"Shetland Islands","Liberal Democrats","Conservative and Unionist Party [The]",3,1,241
68,"Shetland Islands","Scottish National Party","Conservative and Unionist Party [The]",4,1,14
68,"Shetland Islands","spoilt","Conservative and Unionist Party [The]",5,1,27
68,"Shetland Islands","Other","Conservative and Unionist Party [The]",6,1,0
68,"Shetland Islands","Scottish Green Party","Conservative and Unionist Party [The]",7,1,0
68,"Shetland Islands","Conservative and Unionist Party [The]","Labour Party [The]",1,2,14
68,"Shetland Islands","Labour Party [The]","Labour Party [The]",2,2,451
68,"Shetland Islands","Liberal Democrats","Labour Party [The]",3,2,627
68,"Shetland Islands","Scottish National Party","Labour Party [The]",4,2,19
68,"Shetland Islands","spoilt","Labour Party [The]",5,2,35
68,"Shetland Islands","Other","Labour Party [The]",6,2,0
68,"Shetland Islands","Scottish Green Party","Labour Party [The]",7,2,0
68,"Shetland Islands","Conservative and Unionist Party [The]","Liberal Democrats",1,3,24
68,"Shetland Islands","Labour Party [The]","Liberal Democrats",2,3,11
68,"Shetland Islands","Liberal Democrats","Liberal Democrats",3,3,3372
68,"Shetland Islands","Scottish National Party","Liberal Democrats",4,3,26
68,"Shetland Islands","spoilt","Liberal Democrats",5,3,52
68,"Shetland Islands","Other","Liberal Democrats",6,3,0
68,"Shetland Islands","Scottish Green Party","Liberal Democrats",7,3,0
68,"Shetland Islands","Conservative and Unionist Party [The]","Other",1,4,231
68,"Shetland Islands","Labour Party [The]","Other",2,4,106
68,"Shetland Islands","Liberal Democrats","Other",3,4,743
68,"Shetland Islands","Scottish National Party","Other",4,4,211
68,"Shetland Islands","spoilt","Other",5,4,69
68,"Shetland Islands","Other","Other",6,4,0
68,"Shetland Islands","Scottish Green Party","Other",7,4,0
68,"Shetland Islands","Conservative and Unionist Party [The]","Scottish Green Party",1,5,25
68,"Shetland Islands","Labour Party [The]","Scottish Green Party",2,5,52
68,"Shetland Islands","Liberal Democrats","Scottish Green Party",3,5,473
68,"Shetland Islands","Scottish National Party","Scottish Green Party",4,5,74
68,"Shetland Islands","spoilt","Scottish Green Party",5,5,20
68,"Shetland Islands","Other","Scottish Green Party",6,5,0
68,"Shetland Islands","Scottish Green Party","Scottish Green Party",7,5,0
68,"Shetland Islands","Conservative and Unionist Party [The]","Scottish National Party",1,6,51
68,"Shetland Islands","Labour Party [The]","Scottish National Party",2,6,17
68,"Shetland Islands","Liberal Democrats","Scottish National Party",3,6,771
68,"Shetland Islands","Scottish National Party","Scottish National Party",4,6,1251
68,"Shetland Islands","spoilt","Scottish National Party",5,6,38
68,"Shetland Islands","Other","Scottish National Party",6,6,0
68,"Shetland Islands","Scottish Green Party","Scottish National Party",7,6,0
68,"Shetland Islands","Conservative and Unionist Party [The]","spoilt",1,7,29
68,"Shetland Islands","Labour Party [The]","spoilt",2,7,29
68,"Shetland Islands","Liberal Democrats","spoilt",3,7,304
68,"Shetland Islands","Scottish National Party","spoilt",4,7,27
68,"Shetland Islands","spoilt","spoilt",5,7,53
68,"Shetland Islands","Other","spoilt",6,7,0
68,"Shetland Islands","Scottish Green Party","spoilt",7,7,0
69,"Strathkelvin & Bearsden","Conservative and Unionist Party [The]","Conservative and Unionist Party [The]",1,1,4006
69,"Strathkelvin & Bearsden","Labour Party [The]","Conservative and Unionist Party [The]",2,1,127
69,"Strathkelvin & Bearsden","Liberal Democrats","Conservative and Unionist Party [The]",3,1,198
69,"Strathkelvin & Bearsden","Scottish National Party","Conservative and Unionist Party [The]",4,1,102
69,"Strathkelvin & Bearsden","spoilt","Conservative and Unionist Party [The]",5,1,96
69,"Strathkelvin & Bearsden","Other","Conservative and Unionist Party [The]",6,1,1049
69,"Strathkelvin & Bearsden","Scottish Green Party","Conservative and Unionist Party [The]",7,1,0
69,"Strathkelvin & Bearsden","Conservative and Unionist Party [The]","Labour Party [The]",1,2,192
69,"Strathkelvin & Bearsden","Labour Party [The]","Labour Party [The]",2,2,9709
69,"Strathkelvin & Bearsden","Liberal Democrats","Labour Party [The]",3,2,477
69,"Strathkelvin & Bearsden","Scottish National Party","Labour Party [The]",4,2,136
69,"Strathkelvin & Bearsden","spoilt","Labour Party [The]",5,2,425
69,"Strathkelvin & Bearsden","Other","Labour Party [The]",6,2,1457
69,"Strathkelvin & Bearsden","Scottish Green Party","Labour Party [The]",7,2,0
69,"Strathkelvin & Bearsden","Conservative and Unionist Party [The]","Liberal Democrats",1,3,118
69,"Strathkelvin & Bearsden","Labour Party [The]","Liberal Democrats",2,3,127
69,"Strathkelvin & Bearsden","Liberal Democrats","Liberal Democrats",3,3,2817
69,"Strathkelvin & Bearsden","Scottish National Party","Liberal Democrats",4,3,114
69,"Strathkelvin & Bearsden","spoilt","Liberal Democrats",5,3,48
69,"Strathkelvin & Bearsden","Other","Liberal Democrats",6,3,750
69,"Strathkelvin & Bearsden","Scottish Green Party","Liberal Democrats",7,3,0
69,"Strathkelvin & Bearsden","Conservative and Unionist Party [The]","Other",1,4,443
69,"Strathkelvin & Bearsden","Labour Party [The]","Other",2,4,709
69,"Strathkelvin & Bearsden","Liberal Democrats","Other",3,4,306
69,"Strathkelvin & Bearsden","Scottish National Party","Other",4,4,442
69,"Strathkelvin & Bearsden","spoilt","Other",5,4,162
69,"Strathkelvin & Bearsden","Other","Other",6,4,2088
69,"Strathkelvin & Bearsden","Scottish Green Party","Other",7,4,0
69,"Strathkelvin & Bearsden","Conservative and Unionist Party [The]","Scottish Green Party",1,5,77
69,"Strathkelvin & Bearsden","Labour Party [The]","Scottish Green Party",2,5,224
69,"Strathkelvin & Bearsden","Liberal Democrats","Scottish Green Party",3,5,342
69,"Strathkelvin & Bearsden","Scottish National Party","Scottish Green Party",4,5,161
69,"Strathkelvin & Bearsden","spoilt","Scottish Green Party",5,5,27
69,"Strathkelvin & Bearsden","Other","Scottish Green Party",6,5,415
69,"Strathkelvin & Bearsden","Scottish Green Party","Scottish Green Party",7,5,0
69,"Strathkelvin & Bearsden","Conservative and Unionist Party [The]","Scottish National Party",1,6,245
69,"Strathkelvin & Bearsden","Labour Party [The]","Scottish National Party",2,6,254
69,"Strathkelvin & Bearsden","Liberal Democrats","Scottish National Party",3,6,469
69,"Strathkelvin & Bearsden","Scottish National Party","Scottish National Party",4,6,6964
69,"Strathkelvin & Bearsden","spoilt","Scottish National Party",5,6,168
69,"Strathkelvin & Bearsden","Other","Scottish National Party",6,6,1405
69,"Strathkelvin & Bearsden","Scottish Green Party","Scottish National Party",7,6,0
69,"Strathkelvin & Bearsden","Conservative and Unionist Party [The]","spoilt",1,7,97
69,"Strathkelvin & Bearsden","Labour Party [The]","spoilt",2,7,246
69,"Strathkelvin & Bearsden","Liberal Democrats","spoilt",3,7,49
69,"Strathkelvin & Bearsden","Scottish National Party","spoilt",4,7,89
69,"Strathkelvin & Bearsden","spoilt","spoilt",5,7,172
69,"Strathkelvin & Bearsden","Other","spoilt",6,7,191
69,"Strathkelvin & Bearsden","Scottish Green Party","spoilt",7,7,0
70,"Tweeddale Ettrick and Lauderdale","Conservative and Unionist Party [The]","Conservative and Unionist Party [The]",1,1,4625
70,"Tweeddale Ettrick and Lauderdale","Labour Party [The]","Conservative and Unionist Party [The]",2,1,30
70,"Tweeddale Ettrick and Lauderdale","Liberal Democrats","Conservative and Unionist Party [The]",3,1,626
70,"Tweeddale Ettrick and Lauderdale","Scottish National Party","Conservative and Unionist Party [The]",4,1,235
70,"Tweeddale Ettrick and Lauderdale","spoilt","Conservative and Unionist Party [The]",5,1,91
70,"Tweeddale Ettrick and Lauderdale","Other","Conservative and Unionist Party [The]",6,1,0
70,"Tweeddale Ettrick and Lauderdale","Scottish Green Party","Conservative and Unionist Party [The]",7,1,0
70,"Tweeddale Ettrick and Lauderdale","Conservative and Unionist Party [The]","Labour Party [The]",1,2,84
70,"Tweeddale Ettrick and Lauderdale","Labour Party [The]","Labour Party [The]",2,2,3232
70,"Tweeddale Ettrick and Lauderdale","Liberal Democrats","Labour Party [The]",3,2,1060
70,"Tweeddale Ettrick and Lauderdale","Scottish National Party","Labour Party [The]",4,2,419
70,"Tweeddale Ettrick and Lauderdale","spoilt","Labour Party [The]",5,2,181
70,"Tweeddale Ettrick and Lauderdale","Other","Labour Party [The]",6,2,0
70,"Tweeddale Ettrick and Lauderdale","Scottish Green Party","Labour Party [The]",7,2,0
70,"Tweeddale Ettrick and Lauderdale","Conservative and Unionist Party [The]","Liberal Democrats",1,3,145
70,"Tweeddale Ettrick and Lauderdale","Labour Party [The]","Liberal Democrats",2,3,143
70,"Tweeddale Ettrick and Lauderdale","Liberal Democrats","Liberal Democrats",3,3,6686
70,"Tweeddale Ettrick and Lauderdale","Scottish National Party","Liberal Democrats",4,3,499
70,"Tweeddale Ettrick and Lauderdale","spoilt","Liberal Democrats",5,3,100
70,"Tweeddale Ettrick and Lauderdale","Other","Liberal Democrats",6,3,0
70,"Tweeddale Ettrick and Lauderdale","Scottish Green Party","Liberal Democrats",7,3,0
70,"Tweeddale Ettrick and Lauderdale","Conservative and Unionist Party [The]","Other",1,4,329
70,"Tweeddale Ettrick and Lauderdale","Labour Party [The]","Other",2,4,262
70,"Tweeddale Ettrick and Lauderdale","Liberal Democrats","Other",3,4,473
70,"Tweeddale Ettrick and Lauderdale","Scottish National Party","Other",4,4,528
70,"Tweeddale Ettrick and Lauderdale","spoilt","Other",5,4,98
70,"Tweeddale Ettrick and Lauderdale","Other","Other",6,4,0
70,"Tweeddale Ettrick and Lauderdale","Scottish Green Party","Other",7,4,0
70,"Tweeddale Ettrick and Lauderdale","Conservative and Unionist Party [The]","Scottish Green Party",1,5,77
70,"Tweeddale Ettrick and Lauderdale","Labour Party [The]","Scottish Green Party",2,5,160
70,"Tweeddale Ettrick and Lauderdale","Liberal Democrats","Scottish Green Party",3,5,864
70,"Tweeddale Ettrick and Lauderdale","Scottish National Party","Scottish Green Party",4,5,351
70,"Tweeddale Ettrick and Lauderdale","spoilt","Scottish Green Party",5,5,37
70,"Tweeddale Ettrick and Lauderdale","Other","Scottish Green Party",6,5,0
70,"Tweeddale Ettrick and Lauderdale","Scottish Green Party","Scottish Green Party",7,5,0
70,"Tweeddale Ettrick and Lauderdale","Conservative and Unionist Party [The]","Scottish National Party",1,6,210
70,"Tweeddale Ettrick and Lauderdale","Labour Party [The]","Scottish National Party",2,6,106
70,"Tweeddale Ettrick and Lauderdale","Liberal Democrats","Scottish National Party",3,6,782
70,"Tweeddale Ettrick and Lauderdale","Scottish National Party","Scottish National Party",4,6,7817
70,"Tweeddale Ettrick and Lauderdale","spoilt","Scottish National Party",5,6,159
70,"Tweeddale Ettrick and Lauderdale","Other","Scottish National Party",6,6,0
70,"Tweeddale Ettrick and Lauderdale","Scottish Green Party","Scottish National Party",7,6,0
70,"Tweeddale Ettrick and Lauderdale","Conservative and Unionist Party [The]","spoilt",1,7,124
70,"Tweeddale Ettrick and Lauderdale","Labour Party [The]","spoilt",2,7,86
70,"Tweeddale Ettrick and Lauderdale","Liberal Democrats","spoilt",3,7,165
70,"Tweeddale Ettrick and Lauderdale","Scottish National Party","spoilt",4,7,209
70,"Tweeddale Ettrick and Lauderdale","spoilt","spoilt",5,7,148
70,"Tweeddale Ettrick and Lauderdale","Other","spoilt",6,7,0
70,"Tweeddale Ettrick and Lauderdale","Scottish Green Party","spoilt",7,7,0
71,"West Aberdeenshire and Kincardine","Conservative and Unionist Party [The]","Conservative and Unionist Party [The]",1,1,6863
71,"West Aberdeenshire and Kincardine","Labour Party [The]","Conservative and Unionist Party [The]",2,1,14
71,"West Aberdeenshire and Kincardine","Liberal Democrats","Conservative and Unionist Party [The]",3,1,888
71,"West Aberdeenshire and Kincardine","Scottish National Party","Conservative and Unionist Party [The]",4,1,50
71,"West Aberdeenshire and Kincardine","spoilt","Conservative and Unionist Party [The]",5,1,175
71,"West Aberdeenshire and Kincardine","Other","Conservative and Unionist Party [The]",6,1,0
71,"West Aberdeenshire and Kincardine","Scottish Green Party","Conservative and Unionist Party [The]",7,1,0
71,"West Aberdeenshire and Kincardine","Conservative and Unionist Party [The]","Labour Party [The]",1,2,117
71,"West Aberdeenshire and Kincardine","Labour Party [The]","Labour Party [The]",2,2,2280
71,"West Aberdeenshire and Kincardine","Liberal Democrats","Labour Party [The]",3,2,1275
71,"West Aberdeenshire and Kincardine","Scottish National Party","Labour Party [The]",4,2,66
71,"West Aberdeenshire and Kincardine","spoilt","Labour Party [The]",5,2,124
71,"West Aberdeenshire and Kincardine","Other","Labour Party [The]",6,2,0
71,"West Aberdeenshire and Kincardine","Scottish Green Party","Labour Party [The]",7,2,0
71,"West Aberdeenshire and Kincardine","Conservative and Unionist Party [The]","Liberal Democrats",1,3,161
71,"West Aberdeenshire and Kincardine","Labour Party [The]","Liberal Democrats",2,3,45
71,"West Aberdeenshire and Kincardine","Liberal Democrats","Liberal Democrats",3,3,8359
71,"West Aberdeenshire and Kincardine","Scottish National Party","Liberal Democrats",4,3,89
71,"West Aberdeenshire and Kincardine","spoilt","Liberal Democrats",5,3,111
71,"West Aberdeenshire and Kincardine","Other","Liberal Democrats",6,3,0
71,"West Aberdeenshire and Kincardine","Scottish Green Party","Liberal Democrats",7,3,0
71,"West Aberdeenshire and Kincardine","Conservative and Unionist Party [The]","Other",1,4,600
71,"West Aberdeenshire and Kincardine","Labour Party [The]","Other",2,4,160
71,"West Aberdeenshire and Kincardine","Liberal Democrats","Other",3,4,693
71,"West Aberdeenshire and Kincardine","Scottish National Party","Other",4,4,322
71,"West Aberdeenshire and Kincardine","spoilt","Other",5,4,63
71,"West Aberdeenshire and Kincardine","Other","Other",6,4,0
71,"West Aberdeenshire and Kincardine","Scottish Green Party","Other",7,4,0
71,"West Aberdeenshire and Kincardine","Conservative and Unionist Party [The]","Scottish Green Party",1,5,189
71,"West Aberdeenshire and Kincardine","Labour Party [The]","Scottish Green Party",2,5,93
71,"West Aberdeenshire and Kincardine","Liberal Democrats","Scottish Green Party",3,5,903
71,"West Aberdeenshire and Kincardine","Scottish National Party","Scottish Green Party",4,5,222
71,"West Aberdeenshire and Kincardine","spoilt","Scottish Green Party",5,5,65
71,"West Aberdeenshire and Kincardine","Other","Scottish Green Party",6,5,0
71,"West Aberdeenshire and Kincardine","Scottish Green Party","Scottish Green Party",7,5,0
71,"West Aberdeenshire and Kincardine","Conservative and Unionist Party [The]","Scottish National Party",1,6,553
71,"West Aberdeenshire and Kincardine","Labour Party [The]","Scottish National Party",2,6,103
71,"West Aberdeenshire and Kincardine","Liberal Democrats","Scottish National Party",3,6,1992
71,"West Aberdeenshire and Kincardine","Scottish National Party","Scottish National Party",4,6,8297
71,"West Aberdeenshire and Kincardine","spoilt","Scottish National Party",5,6,316
71,"West Aberdeenshire and Kincardine","Other","Scottish National Party",6,6,0
71,"West Aberdeenshire and Kincardine","Scottish Green Party","Scottish National Party",7,6,0
71,"West Aberdeenshire and Kincardine","Conservative and Unionist Party [The]","spoilt",1,7,121
71,"West Aberdeenshire and Kincardine","Labour Party [The]","spoilt",2,7,66
71,"West Aberdeenshire and Kincardine","Liberal Democrats","spoilt",3,7,204
71,"West Aberdeenshire and Kincardine","Scottish National Party","spoilt",4,7,98
71,"West Aberdeenshire and Kincardine","spoilt","spoilt",5,7,130
71,"West Aberdeenshire and Kincardine","Other","spoilt",6,7,0
71,"West Aberdeenshire and Kincardine","Scottish Green Party","spoilt",7,7,0
72,"West Renfrewshire","Conservative and Unionist Party [The]","Conservative and Unionist Party [The]",1,1,5232
72,"West Renfrewshire","Labour Party [The]","Conservative and Unionist Party [The]",2,1,118
72,"West Renfrewshire","Liberal Democrats","Conservative and Unionist Party [The]",3,1,37
72,"West Renfrewshire","Scottish National Party","Conservative and Unionist Party [The]",4,1,61
72,"West Renfrewshire","spoilt","Conservative and Unionist Party [The]",5,1,69
72,"West Renfrewshire","Other","Conservative and Unionist Party [The]",6,1,0
72,"West Renfrewshire","Scottish Green Party","Conservative and Unionist Party [The]",7,1,0
72,"West Renfrewshire","Conservative and Unionist Party [The]","Labour Party [The]",1,2,626
72,"West Renfrewshire","Labour Party [The]","Labour Party [The]",2,2,8477
72,"West Renfrewshire","Liberal Democrats","Labour Party [The]",3,2,103
72,"West Renfrewshire","Scottish National Party","Labour Party [The]",4,2,175
72,"West Renfrewshire","spoilt","Labour Party [The]",5,2,275
72,"West Renfrewshire","Other","Labour Party [The]",6,2,0
72,"West Renfrewshire","Scottish Green Party","Labour Party [The]",7,2,0
72,"West Renfrewshire","Conservative and Unionist Party [The]","Liberal Democrats",1,3,365
72,"West Renfrewshire","Labour Party [The]","Liberal Democrats",2,3,150
72,"West Renfrewshire","Liberal Democrats","Liberal Democrats",3,3,1389
72,"West Renfrewshire","Scottish National Party","Liberal Democrats",4,3,84
72,"West Renfrewshire","spoilt","Liberal Democrats",5,3,47
72,"West Renfrewshire","Other","Liberal Democrats",6,3,0
72,"West Renfrewshire","Scottish Green Party","Liberal Democrats",7,3,0
72,"West Renfrewshire","Conservative and Unionist Party [The]","Other",1,4,909
72,"West Renfrewshire","Labour Party [The]","Other",2,4,817
72,"West Renfrewshire","Liberal Democrats","Other",3,4,314
72,"West Renfrewshire","Scottish National Party","Other",4,4,657
72,"West Renfrewshire","spoilt","Other",5,4,153
72,"West Renfrewshire","Other","Other",6,4,0
72,"West Renfrewshire","Scottish Green Party","Other",7,4,0
72,"West Renfrewshire","Conservative and Unionist Party [The]","Scottish Green Party",1,5,200
72,"West Renfrewshire","Labour Party [The]","Scottish Green Party",2,5,199
72,"West Renfrewshire","Liberal Democrats","Scottish Green Party",3,5,218
72,"West Renfrewshire","Scottish National Party","Scottish Green Party",4,5,226
72,"West Renfrewshire","spoilt","Scottish Green Party",5,5,24
72,"West Renfrewshire","Other","Scottish Green Party",6,5,0
72,"West Renfrewshire","Scottish Green Party","Scottish Green Party",7,5,0
72,"West Renfrewshire","Conservative and Unionist Party [The]","Scottish National Party",1,6,761
72,"West Renfrewshire","Labour Party [The]","Scottish National Party",2,6,286
72,"West Renfrewshire","Liberal Democrats","Scottish National Party",3,6,117
72,"West Renfrewshire","Scottish National Party","Scottish National Party",4,6,6859
72,"West Renfrewshire","spoilt","Scottish National Party",5,6,241
72,"West Renfrewshire","Other","Scottish National Party",6,6,0
72,"West Renfrewshire","Scottish Green Party","Scottish National Party",7,6,0
72,"West Renfrewshire","Conservative and Unionist Party [The]","spoilt",1,7,196
72,"West Renfrewshire","Labour Party [The]","spoilt",2,7,420
72,"West Renfrewshire","Liberal Democrats","spoilt",3,7,28
72,"West Renfrewshire","Scottish National Party","spoilt",4,7,105
72,"West Renfrewshire","spoilt","spoilt",5,7,147
72,"West Renfrewshire","Other","spoilt",6,7,0
72,"West Renfrewshire","Scottish Green Party","spoilt",7,7,0
73,"Western Isles","Conservative and Unionist Party [The]","Conservative and Unionist Party [The]",1,1,418
73,"Western Isles","Labour Party [The]","Conservative and Unionist Party [The]",2,1,120
73,"Western Isles","Liberal Democrats","Conservative and Unionist Party [The]",3,1,26
73,"Western Isles","Scottish National Party","Conservative and Unionist Party [The]",4,1,116
73,"Western Isles","spoilt","Conservative and Unionist Party [The]",5,1,16
73,"Western Isles","Other","Conservative and Unionist Party [The]",6,1,0
73,"Western Isles","Scottish Green Party","Conservative and Unionist Party [The]",7,1,0
73,"Western Isles","Conservative and Unionist Party [The]","Labour Party [The]",1,2,14
73,"Western Isles","Labour Party [The]","Labour Party [The]",2,2,3564
73,"Western Isles","Liberal Democrats","Labour Party [The]",3,2,59
73,"Western Isles","Scottish National Party","Labour Party [The]",4,2,147
73,"Western Isles","spoilt","Labour Party [The]",5,2,121
73,"Western Isles","Other","Labour Party [The]",6,2,0
73,"Western Isles","Scottish Green Party","Labour Party [The]",7,2,0
73,"Western Isles","Conservative and Unionist Party [The]","Liberal Democrats",1,3,3
73,"Western Isles","Labour Party [The]","Liberal Democrats",2,3,130
73,"Western Isles","Liberal Democrats","Liberal Democrats",3,3,431
73,"Western Isles","Scottish National Party","Liberal Democrats",4,3,77
73,"Western Isles","spoilt","Liberal Democrats",5,3,10
73,"Western Isles","Other","Liberal Democrats",6,3,0
73,"Western Isles","Scottish Green Party","Liberal Democrats",7,3,0
73,"Western Isles","Conservative and Unionist Party [The]","Other",1,4,261
73,"Western Isles","Labour Party [The]","Other",2,4,1156
73,"Western Isles","Liberal Democrats","Other",3,4,156
73,"Western Isles","Scottish National Party","Other",4,4,780
73,"Western Isles","spoilt","Other",5,4,112
73,"Western Isles","Other","Other",6,4,0
73,"Western Isles","Scottish Green Party","Other",7,4,0
73,"Western Isles","Conservative and Unionist Party [The]","Scottish Green Party",1,5,13
73,"Western Isles","Labour Party [The]","Scottish Green Party",2,5,112
73,"Western Isles","Liberal Democrats","Scottish Green Party",3,5,76
73,"Western Isles","Scottish National Party","Scottish Green Party",4,5,113
73,"Western Isles","spoilt","Scottish Green Party",5,5,13
73,"Western Isles","Other","Scottish Green Party",6,5,0
73,"Western Isles","Scottish Green Party","Scottish Green Party",7,5,0
73,"Western Isles","Conservative and Unionist Party [The]","Scottish National Party",1,6,24
73,"Western Isles","Labour Party [The]","Scottish National Party",2,6,310
73,"Western Isles","Liberal Democrats","Scottish National Party",3,6,75
73,"Western Isles","Scottish National Party","Scottish National Party",4,6,4948
73,"Western Isles","spoilt","Scottish National Party",5,6,95
73,"Western Isles","Other","Scottish National Party",6,6,0
73,"Western Isles","Scottish Green Party","Scottish National Party",7,6,0
73,"Western Isles","Conservative and Unionist Party [The]","spoilt",1,7,19
73,"Western Isles","Labour Party [The]","spoilt",2,7,275
73,"Western Isles","Liberal Democrats","spoilt",3,7,29
73,"Western Isles","Scottish National Party","spoilt",4,7,173
73,"Western Isles","spoilt","spoilt",5,7,79
73,"Western Isles","Other","spoilt",6,7,0
73,"Western Isles","Scottish Green Party","spoilt",7,7,0
