dataset,part,area,mismatch,N,sigma_b,centre,prior,conflict_sd,param,seed,seconds,max_rhat,min_ess,div,leapfrogs,ess_per_1000_grad,ess_per_s,error
Scotland 2007,A,East Lothian,0.8307651283822193,35540.0,0.5,indep,equal sd,0.0,position logit,1,0.3431403636932373,1.00202,801.648,0.0,7.016,114.2599771949829,2334.604254885174,
Scotland 2007,A,East Lothian,0.8307651283822193,35540.0,0.5,indep,equal sd,0.0,odds-ratio logit,1,0.33742713928222656,1.00141,1098.57,0.0,6.988,157.2080709788208,3252.5627716129907,
Scotland 2007,A,East Lothian,0.8307651283822193,35540.0,0.5,indep,equal sd,0.0,adjusted row,1,0.5957286357879639,1.00895,365.313,0.0,9.312,39.230347938144334,613.0614897089803,
Scotland 2007,A,East Lothian,0.8307651283822193,35540.0,0.5,indep,equal sd,0.0,adjusted table,1,1.5139994621276855,1.0032,272.278,0.0,13.84,19.673265895953758,179.81660620046458,
Scotland 2007,A,East Lothian,0.8307651283822193,35540.0,0.5,raked,equal sd,0.0,position logit,1,0.4059746265411377,1.00122,674.776,0.0,7.008,96.28652968036529,1661.5546010424139,
Scotland 2007,A,East Lothian,0.8307651283822193,35540.0,0.5,raked,equal sd,0.0,odds-ratio logit,1,0.386547327041626,1.00285,530.153,0.0,7.304,72.58392661555312,1371.0181774030953,
Scotland 2007,A,East Lothian,0.8307651283822193,35540.0,0.5,raked,equal sd,0.0,adjusted row,1,0.7964348793029785,1.00313,449.186,0.0,8.584,52.328285181733456,563.8968023017727,
Scotland 2007,A,East Lothian,0.8307651283822193,35540.0,0.5,raked,equal sd,0.0,adjusted table,1,1.8923747539520264,1.01596,234.648,0.0,15.032,15.609898882384247,123.98742734172183,
Scotland 2007,A,East Lothian,0.8307651283822193,35540.0,0.5,national,equal sd,3.464104420357982,position logit,1,0.44854164123535156,1.00244,734.129,0.0,9.784,75.03362632869991,1636.1236679442186,
Scotland 2007,A,East Lothian,0.8307651283822193,35540.0,0.5,national,equal sd,3.464104420357982,odds-ratio logit,1,0.3375391960144043,1.0009,797.028,0.0,7.168,111.19252232142857,2359.8950206885743,
Scotland 2007,A,East Lothian,0.8307651283822193,35540.0,0.5,national,equal sd,3.464104420357982,adjusted row,1,0.6330907344818115,1.00977,485.037,0.0,9.312,52.087306701030926,765.8800515638217,
Scotland 2007,A,East Lothian,0.8307651283822193,35540.0,0.5,national,equal sd,3.464104420357982,adjusted table,1,1.8827378749847412,1.0029,459.938,0.0,14.56,31.58914835164835,244.23999021986563,
Scotland 2007,A,East Lothian,0.8307651283822193,35540.0,0.5,national,interactions only,0.034641044203579816,position logit,1,0.3972916603088379,1.00308,673.525,0.0,10.192,66.08369309262166,1694.7083129216196,
Scotland 2007,A,East Lothian,0.8307651283822193,35540.0,0.5,national,interactions only,0.034641044203579816,odds-ratio logit,1,0.39368343353271484,1.00796,559.455,0.0,8.888,62.94498199819982,1420.2758352969233,
Scotland 2007,A,East Lothian,0.8307651283822193,35540.0,0.5,national,interactions only,0.034641044203579816,adjusted row,1,0.6837003231048584,1.00613,512.097,0.0,10.856,47.171794399410466,748.8627881248293,
Scotland 2007,A,East Lothian,0.8307651283822193,35540.0,0.5,national,interactions only,0.034641044203579816,adjusted table,1,2.156890630722046,1.00292,476.904,0.0,14.136,33.73684210526316,221.09263641614857,
Scotland 2007,A,East Lothian,0.8307651283822193,35540.0,2.0,indep,equal sd,0.0,position logit,1,2.2645249366760254,1.00449,424.902,2.0,95.638,4.442815617223279,187.62323148184996,
Scotland 2007,A,East Lothian,0.8307651283822193,35540.0,2.0,indep,equal sd,0.0,odds-ratio logit,1,0.6943774223327637,1.0132,254.001,3.0,21.244,11.956364149877613,365.6996818635708,
Scotland 2007,A,East Lothian,0.8307651283822193,35540.0,2.0,indep,equal sd,0.0,adjusted row,1,1.0428986549377441,1.00399,428.094,0.0,16.952,25.253303445021235,410.3859647552263,
Scotland 2007,A,East Lothian,0.8307651283822193,35540.0,2.0,indep,equal sd,0.0,adjusted table,1,2.641380548477173,1.00534,271.638,0.0,21.664,12.538681683899554,102.83404772238032,
Scotland 2007,A,East Lothian,0.8307651283822193,35540.0,2.0,raked,equal sd,0.0,position logit,1,3.19321608543396,1.00992,274.019,0.0,103.64,2.6439502122732534,85.80925140119945,
Scotland 2007,A,East Lothian,0.8307651283822193,35540.0,2.0,raked,equal sd,0.0,odds-ratio logit,1,0.9586691856384277,1.00295,312.681,0.0,30.312,10.315419635787807,326.1179680610679,
Scotland 2007,A,East Lothian,0.8307651283822193,35540.0,2.0,raked,equal sd,0.0,adjusted row,1,0.9978210926055908,1.01606,211.926,0.0,16.624,12.748195380173243,212.36147655579,
Scotland 2007,A,East Lothian,0.8307651283822193,35540.0,2.0,raked,equal sd,0.0,adjusted table,1,3.4276185035705566,1.01426,231.308,0.0,21.728,10.645618556701029,67.4806464552207,
Scotland 2007,A,East Lothian,0.8307651283822193,35540.0,2.0,national,equal sd,0.8660261050894955,position logit,1,3.15291166305542,1.00631,299.081,1.0,95.222,3.1408813089412115,94.85036209217577,
Scotland 2007,A,East Lothian,0.8307651283822193,35540.0,2.0,national,equal sd,0.8660261050894955,odds-ratio logit,1,1.29060959815979,1.029,223.156,0.0,47.72,4.676362112321878,172.88083532118887,
Scotland 2007,A,East Lothian,0.8307651283822193,35540.0,2.0,national,equal sd,0.8660261050894955,adjusted row,1,1.131606101989746,1.00621,229.562,0.0,18.888,12.153854299025836,202.84032821927633,
Scotland 2007,A,East Lothian,0.8307651283822193,35540.0,2.0,national,equal sd,0.8660261050894955,adjusted table,1,2.72894024848938,1.00383,237.601,0.0,19.168,12.395711602671119,87.05773074088333,
Scotland 2007,A,East Lothian,0.8307651283822193,35540.0,2.0,national,interactions only,0.034641044203579816,position logit,1,13.21788501739502,1.00844,281.121,0.0,528.192,0.5322325972373682,21.268010306347552,
Scotland 2007,A,East Lothian,0.8307651283822193,35540.0,2.0,national,interactions only,0.034641044203579816,odds-ratio logit,1,1.681675910949707,1.01434,184.794,2.0,48.37,3.820425883812281,109.87551550972934,
Scotland 2007,A,East Lothian,0.8307651283822193,35540.0,2.0,national,interactions only,0.034641044203579816,adjusted row,1,1.2060420513153076,1.00896,207.485,0.0,21.424,9.68469940253921,172.0183269224231,
Scotland 2007,A,East Lothian,0.8307651283822193,35540.0,2.0,national,interactions only,0.034641044203579816,adjusted table,1,2.4575209617614746,1.01459,276.021,0.0,14.576,18.936676728869376,112.30788839095683,
Scotland 2007,A,Aberdeen North,1.2941015370518785,26064.0,0.5,indep,equal sd,2.5618982671915017e-15,position logit,1,0.3737199306488037,1.00192,917.1,0.0,7.0,131.0142857142857,2453.094047098993,
Scotland 2007,A,Aberdeen North,1.2941015370518785,26064.0,0.5,indep,equal sd,2.5618982671915017e-15,odds-ratio logit,1,0.3550431728363037,1.00319,1155.91,0.0,7.004,165.0356938892062,3254.292150103571,
Scotland 2007,A,Aberdeen North,1.2941015370518785,26064.0,0.5,indep,equal sd,2.5618982671915017e-15,adjusted row,1,0.6405258178710938,1.00331,386.182,0.0,8.816,43.80467332123412,602.3514857104819,
Scotland 2007,A,Aberdeen North,1.2941015370518785,26064.0,0.5,indep,equal sd,2.5618982671915017e-15,adjusted table,1,1.7452950477600098,1.00445,266.391,0.0,15.4,17.298116883116883,152.62021861701265,
Scotland 2007,A,Aberdeen North,1.2941015370518785,26064.0,0.5,raked,equal sd,0.0,position logit,1,0.44158339500427246,1.00212,870.58,0.0,10.52,82.75475285171103,1970.862028173545,
Scotland 2007,A,Aberdeen North,1.2941015370518785,26064.0,0.5,raked,equal sd,0.0,odds-ratio logit,1,0.3290534019470215,1.00271,968.156,0.0,7.0,138.308,2941.0631405144472,
Scotland 2007,A,Aberdeen North,1.2941015370518785,26064.0,0.5,raked,equal sd,0.0,adjusted row,1,0.606499195098877,1.00646,320.878,0.0,9.012,35.605636928539724,528.796634095532,
Scotland 2007,A,Aberdeen North,1.2941015370518785,26064.0,0.5,raked,equal sd,0.0,adjusted table,1,1.979856252670288,1.00462,344.55,0.0,15.232,22.620141806722692,174.01028870238173,
Scotland 2007,A,Aberdeen North,1.2941015370518785,26064.0,0.5,national,equal sd,3.7839605237699288,position logit,1,0.4346790313720703,1.00322,741.585,0.0,9.296,79.77463425129089,1705.3326343941294,
Scotland 2007,A,Aberdeen North,1.2941015370518785,26064.0,0.5,national,equal sd,3.7839605237699288,odds-ratio logit,1,0.3413677215576172,1.00234,749.976,0.0,7.104,105.57094594594595,2196.0813084107454,
Scotland 2007,A,Aberdeen North,1.2941015370518785,26064.0,0.5,national,equal sd,3.7839605237699288,adjusted row,1,0.6328697204589844,1.01389,347.973,0.0,9.112,38.1884328358209,549.7109443895384,
Scotland 2007,A,Aberdeen North,1.2941015370518785,26064.0,0.5,national,equal sd,3.7839605237699288,adjusted table,1,1.9827158451080322,1.00351,300.714,0.0,15.2,19.783815789473685,151.6574205537355,
Scotland 2007,A,Aberdeen North,1.2941015370518785,26064.0,0.5,national,interactions only,0.03783960523769929,position logit,1,0.4667966365814209,1.00465,862.226,0.0,12.784,67.44571339173967,1846.3959869767243,
Scotland 2007,A,Aberdeen North,1.2941015370518785,26064.0,0.5,national,interactions only,0.03783960523769929,odds-ratio logit,1,0.38689517974853516,1.00216,475.965,0.0,7.792,61.08380390143737,1228.8591500533378,
Scotland 2007,A,Aberdeen North,1.2941015370518785,26064.0,0.5,national,interactions only,0.03783960523769929,adjusted row,1,0.7361152172088623,1.00183,414.187,0.0,10.44,39.67308429118774,562.503299734748,
Scotland 2007,A,Aberdeen North,1.2941015370518785,26064.0,0.5,national,interactions only,0.03783960523769929,adjusted table,1,2.0766384601593018,1.00375,472.204,0.0,14.176,33.31010158013544,227.3732927365506,
Scotland 2007,A,Aberdeen North,1.2941015370518785,26064.0,2.0,indep,equal sd,6.404745667978754e-16,position logit,1,1.352046251296997,1.00688,420.898,0.0,46.992,8.956801157643856,311.26398671845664,
Scotland 2007,A,Aberdeen North,1.2941015370518785,26064.0,2.0,indep,equal sd,6.404745667978754e-16,odds-ratio logit,1,0.7590019702911377,1.00615,397.655,0.0,27.024,14.714883066903491,523.8292517460599,
Scotland 2007,A,Aberdeen North,1.2941015370518785,26064.0,2.0,indep,equal sd,6.404745667978754e-16,adjusted row,1,0.8941340446472168,1.00875,477.626,0.0,17.42,27.418254879448906,534.0994179143952,
Scotland 2007,A,Aberdeen North,1.2941015370518785,26064.0,2.0,indep,equal sd,6.404745667978754e-16,adjusted table,1,3.062000274658203,1.00563,378.166,0.0,28.2,13.410141843971632,123.49734130673153,
Scotland 2007,A,Aberdeen North,1.2941015370518785,26064.0,2.0,raked,equal sd,0.0,position logit,1,2.749990701675415,1.00744,335.463,1.0,119.248,2.8131540990205286,121.97241762352468,
Scotland 2007,A,Aberdeen North,1.2941015370518785,26064.0,2.0,raked,equal sd,0.0,odds-ratio logit,1,1.1962947845458984,1.01189,184.197,0.0,45.672,4.033039936941671,153.95279137234272,
Scotland 2007,A,Aberdeen North,1.2941015370518785,26064.0,2.0,raked,equal sd,0.0,adjusted row,1,1.002866268157959,1.01296,243.688,0.0,16.44,14.822871046228709,242.92372029756388,
Scotland 2007,A,Aberdeen North,1.2941015370518785,26064.0,2.0,raked,equal sd,0.0,adjusted table,1,2.8181099891662598,1.02458,184.879,0.0,21.04,8.787024714828897,65.60052907695089,
Scotland 2007,A,Aberdeen North,1.2941015370518785,26064.0,2.0,national,equal sd,0.9459901309424822,position logit,1,2.732754945755005,1.01283,334.55,0.0,102.616,3.260212832306853,122.41629778752778,
Scotland 2007,A,Aberdeen North,1.2941015370518785,26064.0,2.0,national,equal sd,0.9459901309424822,odds-ratio logit,1,0.9849293231964111,1.02115,224.97,0.0,33.944,6.627680886165448,228.38175653964547,
Scotland 2007,A,Aberdeen North,1.2941015370518785,26064.0,2.0,national,equal sd,0.9459901309424822,adjusted row,1,1.1356911659240723,1.00212,286.823,0.0,19.936,14.387189004815408,252.49459207828482,
Scotland 2007,A,Aberdeen North,1.2941015370518785,26064.0,2.0,national,equal sd,0.9459901309424822,adjusted table,1,2.735313653945923,1.01042,188.65,0.0,17.456,10.80717231897342,68.96209726303631,
Scotland 2007,A,Aberdeen North,1.2941015370518785,26064.0,2.0,national,interactions only,0.03783960523769929,position logit,1,5.587053298950195,1.0191,176.878,1.0,179.462,0.985601408654757,31.656880517225595,
Scotland 2007,A,Aberdeen North,1.2941015370518785,26064.0,2.0,national,interactions only,0.03783960523769929,odds-ratio logit,1,1.5231459140777588,1.05113,36.5556,1.0,59.342,0.6160156381652118,23.99773167331282,
Scotland 2007,A,Aberdeen North,1.2941015370518785,26064.0,2.0,national,interactions only,0.03783960523769929,adjusted row,1,1.053652286529541,1.01063,257.603,0.0,18.264,14.104413053000439,244.4548579552872,
Scotland 2007,A,Aberdeen North,1.2941015370518785,26064.0,2.0,national,interactions only,0.03783960523769929,adjusted table,1,2.4180777072906494,1.01729,261.635,0.0,15.136,17.285610465116278,108.18910790795942,
Scotland 2007,A,Argyll and Bute,1.494623524812459,29692.0,0.5,indep,equal sd,0.0,position logit,1,0.32793617248535156,1.00405,715.419,0.0,7.0,102.20271428571428,2180.7381374031156,
Scotland 2007,A,Argyll and Bute,1.494623524812459,29692.0,0.5,indep,equal sd,0.0,odds-ratio logit,1,0.31680798530578613,1.00048,1124.6,0.0,7.008,160.47374429223743,3548.2408382335348,
Scotland 2007,A,Argyll and Bute,1.494623524812459,29692.0,0.5,indep,equal sd,0.0,adjusted row,1,0.6606447696685791,1.00568,428.672,0.0,9.448,45.371718882303135,648.6877044896311,
Scotland 2007,A,Argyll and Bute,1.494623524812459,29692.0,0.5,indep,equal sd,0.0,adjusted table,1,1.6298117637634277,1.00125,392.979,0.0,13.856,28.361648383371822,241.09876456149317,
Scotland 2007,A,Argyll and Bute,1.494623524812459,29692.0,0.5,raked,equal sd,0.0,position logit,1,0.34190845489501953,1.00178,709.174,0.0,7.0,101.31057142857142,2073.355196086509,
Scotland 2007,A,Argyll and Bute,1.494623524812459,29692.0,0.5,raked,equal sd,0.0,odds-ratio logit,1,0.3475806713104248,1.00187,835.931,0.0,7.008,119.28239155251143,2402.0442797488718,
Scotland 2007,A,Argyll and Bute,1.494623524812459,29692.0,0.5,raked,equal sd,0.0,adjusted row,1,0.6221323013305664,1.00612,410.457,0.0,8.776,46.77039653600729,659.5973627039185,
Scotland 2007,A,Argyll and Bute,1.494623524812459,29692.0,0.5,raked,equal sd,0.0,adjusted table,1,2.2101399898529053,1.00255,261.529,0.0,15.032,17.398150612027674,118.32312180258361,
Scotland 2007,A,Argyll and Bute,1.494623524812459,29692.0,0.5,national,equal sd,6.027070464531985,position logit,1,0.4224987030029297,1.0025,831.372,0.0,10.08,82.47738095238094,1967.1343327945897,
Scotland 2007,A,Argyll and Bute,1.494623524812459,29692.0,0.5,national,equal sd,6.027070464531985,odds-ratio logit,1,0.37860608100891113,1.00958,460.759,0.0,11.448,40.247990915443744,1216.2824305567967,
Scotland 2007,A,Argyll and Bute,1.494623524812459,29692.0,0.5,national,equal sd,6.027070464531985,adjusted row,1,0.7790336608886719,1.00723,505.943,0.0,11.544,43.8273562023562,649.3334171760368,
Scotland 2007,A,Argyll and Bute,1.494623524812459,29692.0,0.5,national,equal sd,6.027070464531985,adjusted table,1,1.9762978553771973,1.00339,403.681,0.0,14.496,27.847751103752756,204.2455187595501,
Scotland 2007,A,Argyll and Bute,1.494623524812459,29692.0,0.5,national,interactions only,0.06027070464531985,position logit,1,0.3661644458770752,1.00496,624.772,0.0,8.736,71.51694139194139,1705.5699351078836,
Scotland 2007,A,Argyll and Bute,1.494623524812459,29692.0,0.5,national,interactions only,0.06027070464531985,odds-ratio logit,1,0.3459346294403076,1.00198,681.014,0.0,7.808,87.22003073770492,1967.6576512184286,
Scotland 2007,A,Argyll and Bute,1.494623524812459,29692.0,0.5,national,interactions only,0.06027070464531985,adjusted row,1,0.7541086673736572,1.00594,529.029,0.0,11.304,46.80015923566879,701.3548024449498,
Scotland 2007,A,Argyll and Bute,1.494623524812459,29692.0,0.5,national,interactions only,0.06027070464531985,adjusted table,1,1.769557237625122,1.00255,348.462,0.0,13.704,25.427758318739052,196.90373214350427,
Scotland 2007,A,Argyll and Bute,1.494623524812459,29692.0,2.0,indep,equal sd,0.0,position logit,1,2.324023485183716,1.01044,474.577,0.0,103.256,4.596120322305725,204.19242223589305,
Scotland 2007,A,Argyll and Bute,1.494623524812459,29692.0,2.0,indep,equal sd,0.0,odds-ratio logit,1,0.7172565460205078,1.00975,199.79,1.0,19.762,10.109806699726748,278.48684190044224,
Scotland 2007,A,Argyll and Bute,1.494623524812459,29692.0,2.0,indep,equal sd,0.0,adjusted row,1,0.9168286323547363,1.00544,519.942,0.0,16.144,32.20651635282458,567.0249088977465,
Scotland 2007,A,Argyll and Bute,1.494623524812459,29692.0,2.0,indep,equal sd,0.0,adjusted table,1,2.987544298171997,1.00541,283.216,0.0,23.216,12.199172984148863,94.79091803333108,
Scotland 2007,A,Argyll and Bute,1.494623524812459,29692.0,2.0,raked,equal sd,0.0,position logit,1,2.093702554702759,1.01925,138.067,2.0,62.948,2.1933500667217385,65.93934670266813,
Scotland 2007,A,Argyll and Bute,1.494623524812459,29692.0,2.0,raked,equal sd,0.0,odds-ratio logit,1,0.8989689350128174,1.01444,246.163,0.0,29.688,8.291666666666668,273.7891566386977,
Scotland 2007,A,Argyll and Bute,1.494623524812459,29692.0,2.0,raked,equal sd,0.0,adjusted row,1,1.036346673965454,1.00629,247.957,0.0,16.416,15.104593079922026,239.22693348754166,
Scotland 2007,A,Argyll and Bute,1.494623524812459,29692.0,2.0,raked,equal sd,0.0,adjusted table,1,3.4582033157348633,1.01359,262.852,0.0,26.92,9.764190193164932,76.00243894490683,
Scotland 2007,A,Argyll and Bute,1.494623524812459,29692.0,2.0,national,equal sd,1.5067676161329961,position logit,1,5.129417657852173,1.01284,238.312,2.0,183.314,1.3000207294587431,46.45851603830768,
Scotland 2007,A,Argyll and Bute,1.494623524812459,29692.0,2.0,national,equal sd,1.5067676161329961,odds-ratio logit,1,1.077014684677124,1.01033,202.035,0.0,32.776,6.164113985843299,187.55243172753293,
Scotland 2007,A,Argyll and Bute,1.494623524812459,29692.0,2.0,national,equal sd,1.5067676161329961,adjusted row,1,1.387157917022705,1.01099,127.908,0.0,20.504,6.238197424892704,92.19787229765912,
Scotland 2007,A,Argyll and Bute,1.494623524812459,29692.0,2.0,national,equal sd,1.5067676161329961,adjusted table,1,3.3154637813568115,1.00667,283.618,0.0,24.944,11.37018922386145,85.5383000166535,
Scotland 2007,A,Argyll and Bute,1.494623524812459,29692.0,2.0,national,interactions only,0.06027070464531985,position logit,1,5.903142929077148,1.01771,146.229,4.0,223.876,0.6531696117493613,24.77080830114586,
Scotland 2007,A,Argyll and Bute,1.494623524812459,29692.0,2.0,national,interactions only,0.06027070464531985,odds-ratio logit,1,1.5166966915130615,1.02392,159.703,3.0,41.614,3.8377228817224975,105.28673261760339,
Scotland 2007,A,Argyll and Bute,1.494623524812459,29692.0,2.0,national,interactions only,0.06027070464531985,adjusted row,1,1.2167296409606934,1.00586,308.556,0.0,22.248,13.86893203883495,253.53994557750096,
Scotland 2007,A,Argyll and Bute,1.494623524812459,29692.0,2.0,national,interactions only,0.06027070464531985,adjusted table,1,2.5970587730407715,1.0034,326.485,0.0,15.48,21.09076227390181,125.70389161049876,
Scotland 2007,A,Tweeddale Ettrick and Lauderdale,1.8075139753584968,31141.0,0.5,indep,equal sd,1.6663704229186142e-15,position logit,1,0.4115326404571533,1.00289,1098.24,0.0,7.0,156.89142857142858,2667.642927441726,
Scotland 2007,A,Tweeddale Ettrick and Lauderdale,1.8075139753584968,31141.0,0.5,indep,equal sd,1.6663704229186142e-15,odds-ratio logit,1,0.3912394046783447,1.0038,1038.68,0.0,7.0,148.38285714285715,2653.9296739226447,
Scotland 2007,A,Tweeddale Ettrick and Lauderdale,1.8075139753584968,31141.0,0.5,indep,equal sd,1.6663704229186142e-15,adjusted row,1,0.7464215755462646,1.00651,388.692,0.0,8.312,46.76275264677575,520.502162687455,
Scotland 2007,A,Tweeddale Ettrick and Lauderdale,1.8075139753584968,31141.0,0.5,indep,equal sd,1.6663704229186142e-15,adjusted table,1,1.829716682434082,1.00337,421.589,0.0,13.768,30.620932597327133,230.39515268245873,
Scotland 2007,A,Tweeddale Ettrick and Lauderdale,1.8075139753584968,31141.0,0.5,raked,equal sd,0.0,position logit,1,0.35097289085388184,0.999549,1105.97,0.0,7.0,157.99571428571429,3149.990999021479,
Scotland 2007,A,Tweeddale Ettrick and Lauderdale,1.8075139753584968,31141.0,0.5,raked,equal sd,0.0,odds-ratio logit,1,0.32865428924560547,1.00147,933.748,0.0,6.992,133.54519450800916,2839.8829736309526,
Scotland 2007,A,Tweeddale Ettrick and Lauderdale,1.8075139753584968,31141.0,0.5,raked,equal sd,0.0,adjusted row,1,0.6043698787689209,1.00795,413.74,0.0,9.12,45.366228070175445,684.3672233409131,
Scotland 2007,A,Tweeddale Ettrick and Lauderdale,1.8075139753584968,31141.0,0.5,raked,equal sd,0.0,adjusted table,1,1.9859073162078857,1.00393,279.207,0.0,15.768,17.707191780821915,140.58452045942946,
Scotland 2007,A,Tweeddale Ettrick and Lauderdale,1.8075139753584968,31141.0,0.5,national,equal sd,6.719512695604821,position logit,1,0.33811426162719727,1.00756,518.756,0.0,7.02,73.89686609686609,1533.676253280477,
Scotland 2007,A,Tweeddale Ettrick and Lauderdale,1.8075139753584968,31141.0,0.5,national,equal sd,6.719512695604821,odds-ratio logit,1,0.33979082107543945,1.00561,471.069,0.0,8.096,58.18540019762846,1385.4332889773646,
Scotland 2007,A,Tweeddale Ettrick and Lauderdale,1.8075139753584968,31141.0,0.5,national,equal sd,6.719512695604821,adjusted row,1,0.6530778408050537,1.00522,408.744,0.0,10.376,39.39321511179646,625.6421819482312,
Scotland 2007,A,Tweeddale Ettrick and Lauderdale,1.8075139753584968,31141.0,0.5,national,equal sd,6.719512695604821,adjusted table,1,1.9295637607574463,1.00574,324.97,0.0,15.104,21.515492584745765,168.40521477542438,
Scotland 2007,A,Tweeddale Ettrick and Lauderdale,1.8075139753584968,31141.0,0.5,national,interactions only,0.0671951269560482,position logit,1,0.409440279006958,1.00225,588.177,0.0,7.408,79.39754319654428,1435.3498166144968,
Scotland 2007,A,Tweeddale Ettrick and Lauderdale,1.8075139753584968,31141.0,0.5,national,interactions only,0.0671951269560482,odds-ratio logit,1,0.38124680519104004,1.00573,571.431,0.0,8.936,63.94706803939123,1498.0891188524104,
Scotland 2007,A,Tweeddale Ettrick and Lauderdale,1.8075139753584968,31141.0,0.5,national,interactions only,0.0671951269560482,adjusted row,1,0.69461989402771,1.00181,611.491,0.0,12.368,49.441380983182405,880.0844772891201,
Scotland 2007,A,Tweeddale Ettrick and Lauderdale,1.8075139753584968,31141.0,0.5,national,interactions only,0.0671951269560482,adjusted table,1,1.9502911567687988,1.0041,513.257,0.0,15.368,33.39777459656428,263.15028295567043,
Scotland 2007,A,Tweeddale Ettrick and Lauderdale,1.8075139753584968,31141.0,2.0,indep,equal sd,4.1659260572965355e-16,position logit,1,1.6180486679077148,1.00586,529.263,0.0,61.08,8.665078585461691,327.0651939485224,
Scotland 2007,A,Tweeddale Ettrick and Lauderdale,1.8075139753584968,31141.0,2.0,indep,equal sd,4.1659260572965355e-16,odds-ratio logit,1,0.5759963989257812,1.01193,413.944,0.0,16.776,24.674773485932285,718.3346614221248,
Scotland 2007,A,Tweeddale Ettrick and Lauderdale,1.8075139753584968,31141.0,2.0,indep,equal sd,4.1659260572965355e-16,adjusted row,1,0.9034836292266846,1.00406,487.059,0.0,15.76,30.904758883248732,538.9401116664411,
Scotland 2007,A,Tweeddale Ettrick and Lauderdale,1.8075139753584968,31141.0,2.0,indep,equal sd,4.1659260572965355e-16,adjusted table,1,2.9133787155151367,1.00351,305.51,0.0,25.768,11.856178205526234,104.85757425839392,
Scotland 2007,A,Tweeddale Ettrick and Lauderdale,1.8075139753584968,31141.0,2.0,raked,equal sd,0.0,position logit,1,2.95036244392395,1.00318,280.203,1.0,116.777,2.399470786199337,94.96591457519261,
Scotland 2007,A,Tweeddale Ettrick and Lauderdale,1.8075139753584968,31141.0,2.0,raked,equal sd,0.0,odds-ratio logit,1,0.8476803302764893,1.02924,116.693,0.0,29.512,3.954086473298997,137.63976878238196,
Scotland 2007,A,Tweeddale Ettrick and Lauderdale,1.8075139753584968,31141.0,2.0,raked,equal sd,0.0,adjusted row,1,0.85489821434021,1.0108,240.137,0.0,15.944,15.061276969392875,280.8435782883226,
Scotland 2007,A,Tweeddale Ettrick and Lauderdale,1.8075139753584968,31141.0,2.0,raked,equal sd,0.0,adjusted table,1,3.4743852615356445,1.02565,187.158,0.0,21.88,8.55383912248629,53.8631231550193,
Scotland 2007,A,Tweeddale Ettrick and Lauderdale,1.8075139753584968,31141.0,2.0,national,equal sd,1.6798781739012052,position logit,1,3.1839940547943115,1.0264,193.359,0.0,138.872,1.3923541102598076,60.72180865519256,
Scotland 2007,A,Tweeddale Ettrick and Lauderdale,1.8075139753584968,31141.0,2.0,national,equal sd,1.6798781739012052,odds-ratio logit,1,1.1679449081420898,1.01115,177.417,0.0,41.096,4.3171354876387005,151.86488721125366,
Scotland 2007,A,Tweeddale Ettrick and Lauderdale,1.8075139753584968,31141.0,2.0,national,equal sd,1.6798781739012052,adjusted row,1,1.0058403015136719,1.00761,138.717,0.0,16.848,8.233440170940172,137.8914209852738,
Scotland 2007,A,Tweeddale Ettrick and Lauderdale,1.8075139753584968,31141.0,2.0,national,equal sd,1.6798781739012052,adjusted table,1,2.6916391849517822,1.00382,284.693,0.0,18.808,15.136803487877499,105.76409338114033,
Scotland 2007,A,Tweeddale Ettrick and Lauderdale,1.8075139753584968,31141.0,2.0,national,interactions only,0.0671951269560482,position logit,1,4.671096563339233,1.02892,193.166,3.0,176.6,1.0938052095130237,41.35227908800882,
Scotland 2007,A,Tweeddale Ettrick and Lauderdale,1.8075139753584968,31141.0,2.0,national,interactions only,0.0671951269560482,odds-ratio logit,1,1.2191824913024902,1.02163,245.22,1.0,42.234,5.8062224747833495,201.09533482513382,
Scotland 2007,A,Tweeddale Ettrick and Lauderdale,1.8075139753584968,31141.0,2.0,national,interactions only,0.0671951269560482,adjusted row,1,0.9108669757843018,1.007,245.111,0.0,16.816,14.576058515699334,269.0544708530225,
Scotland 2007,A,Tweeddale Ettrick and Lauderdale,1.8075139753584968,31141.0,2.0,national,interactions only,0.0671951269560482,adjusted table,1,2.3940823078155518,1.00461,334.997,0.0,15.696,21.342826197757393,139.90985305992476,
Scotland 2007,A,West Aberdeenshire and Kincardine,2.388024616466966,35807.0,0.5,indep,equal sd,2.705666128784368e-15,position logit,1,0.34053921699523926,1.00318,929.542,0.0,7.08,131.2912429378531,2728.500555505945,
Scotland 2007,A,West Aberdeenshire and Kincardine,2.388024616466966,35807.0,0.5,indep,equal sd,2.705666128784368e-15,odds-ratio logit,1,0.3421776294708252,1.00231,606.898,0.0,8.352,72.66499042145594,1772.8808321675547,
Scotland 2007,A,West Aberdeenshire and Kincardine,2.388024616466966,35807.0,0.5,indep,equal sd,2.705666128784368e-15,adjusted row,1,0.5959076881408691,1.00656,433.878,0.0,10.36,41.880115830115834,727.7215659718223,
Scotland 2007,A,West Aberdeenshire and Kincardine,2.388024616466966,35807.0,0.5,indep,equal sd,2.705666128784368e-15,adjusted table,1,1.6284301280975342,1.01369,252.971,0.0,14.256,17.744879349046016,155.33288045615024,
Scotland 2007,A,West Aberdeenshire and Kincardine,2.388024616466966,35807.0,0.5,raked,equal sd,1.945901422236198e-15,position logit,1,0.38906025886535645,1.01108,690.165,0.0,7.048,97.92352440408627,1773.322996874529,
Scotland 2007,A,West Aberdeenshire and Kincardine,2.388024616466966,35807.0,0.5,raked,equal sd,1.945901422236198e-15,odds-ratio logit,1,0.35851359367370605,1.0018,951.377,0.0,7.0,135.911,2652.414744356489,
Scotland 2007,A,West Aberdeenshire and Kincardine,2.388024616466966,35807.0,0.5,raked,equal sd,1.945901422236198e-15,adjusted row,1,0.5748558044433594,1.00265,456.615,0.0,8.912,51.23597396768402,794.0849905092026,
Scotland 2007,A,West Aberdeenshire and Kincardine,2.388024616466966,35807.0,0.5,raked,equal sd,1.945901422236198e-15,adjusted table,1,2.1262168884277344,1.00489,284.621,0.0,15.352,18.539669098488794,133.8520107154534,
Scotland 2007,A,West Aberdeenshire and Kincardine,2.388024616466966,35807.0,0.5,national,equal sd,8.68212382767835,position logit,1,0.3787109851837158,1.00152,601.474,0.0,10.888,55.24191770756797,1587.2674584843362,
Scotland 2007,A,West Aberdeenshire and Kincardine,2.388024616466966,35807.0,0.5,national,equal sd,8.68212382767835,odds-ratio logit,1,0.4019620418548584,1.003,658.699,0.0,7.008,93.99243721461187,1637.5953563432593,
Scotland 2007,A,West Aberdeenshire and Kincardine,2.388024616466966,35807.0,0.5,national,equal sd,8.68212382767835,adjusted row,1,0.576016902923584,1.00988,411.531,0.0,9.208,44.69276715899218,714.2569158319602,
Scotland 2007,A,West Aberdeenshire and Kincardine,2.388024616466966,35807.0,0.5,national,equal sd,8.68212382767835,adjusted table,1,1.9234580993652344,1.0015,368.753,0.0,14.896,24.75516917293233,191.69987334286546,
Scotland 2007,A,West Aberdeenshire and Kincardine,2.388024616466966,35807.0,0.5,national,interactions only,0.08682123827678351,position logit,1,0.37486910820007324,1.00202,676.388,0.0,7.592,89.09220231822972,1803.5075513050267,
Scotland 2007,A,West Aberdeenshire and Kincardine,2.388024616466966,35807.0,0.5,national,interactions only,0.08682123827678351,odds-ratio logit,1,0.5007984638214111,1.00224,747.631,0.0,10.44,71.61216475095786,1492.4424347389051,
Scotland 2007,A,West Aberdeenshire and Kincardine,2.388024616466966,35807.0,0.5,national,interactions only,0.08682123827678351,adjusted row,1,0.6711857318878174,1.00369,590.168,0.0,11.64,50.70171821305842,878.9672320648136,
Scotland 2007,A,West Aberdeenshire and Kincardine,2.388024616466966,35807.0,0.5,national,interactions only,0.08682123827678351,adjusted table,1,1.8221328258514404,1.00711,481.437,0.0,13.792,34.90697505800464,264.1958673476584,
Scotland 2007,A,West Aberdeenshire and Kincardine,2.388024616466966,35807.0,2.0,indep,equal sd,6.76416532196092e-16,position logit,1,1.4522426128387451,1.01138,465.954,1.0,56.284,8.278622699168503,320.82006211623246,
Scotland 2007,A,West Aberdeenshire and Kincardine,2.388024616466966,35807.0,2.0,indep,equal sd,6.76416532196092e-16,odds-ratio logit,1,0.7525057792663574,1.01231,288.247,0.0,19.352,14.894946258784623,382.981113509178,
Scotland 2007,A,West Aberdeenshire and Kincardine,2.388024616466966,35807.0,2.0,indep,equal sd,6.76416532196092e-16,adjusted row,1,0.849524736404419,1.00632,432.677,0.0,15.744,27.482024898373986,509.227933730009,
Scotland 2007,A,West Aberdeenshire and Kincardine,2.388024616466966,35807.0,2.0,indep,equal sd,6.76416532196092e-16,adjusted table,1,2.6822457313537598,1.00416,313.893,0.0,22.136,14.180204192265991,117.0205008089718,
Scotland 2007,A,West Aberdeenshire and Kincardine,2.388024616466966,35807.0,2.0,raked,equal sd,4.864753555590495e-16,position logit,1,1.2761051654815674,1.01204,299.428,0.0,36.216,8.267837419924895,234.6175998708745,
Scotland 2007,A,West Aberdeenshire and Kincardine,2.388024616466966,35807.0,2.0,raked,equal sd,4.864753555590495e-16,odds-ratio logit,1,0.6045205593109131,1.02123,108.111,0.0,22.04,4.90521778584392,178.79760725836024,
Scotland 2007,A,West Aberdeenshire and Kincardine,2.388024616466966,35807.0,2.0,raked,equal sd,4.864753555590495e-16,adjusted row,1,0.8867008686065674,1.01868,123.628,0.0,13.896,8.896660909614276,139.40400627264162,
Scotland 2007,A,West Aberdeenshire and Kincardine,2.388024616466966,35807.0,2.0,raked,equal sd,4.864753555590495e-16,adjusted table,1,3.0853724479675293,1.00377,321.795,0.0,22.048,14.595201378809872,104.29203862705715,
Scotland 2007,A,West Aberdeenshire and Kincardine,2.388024616466966,35807.0,2.0,national,equal sd,2.1705309569195874,position logit,1,1.2122631072998047,1.02172,149.332,0.0,32.056,4.658472672822561,123.17091397871452,
Scotland 2007,A,West Aberdeenshire and Kincardine,2.388024616466966,35807.0,2.0,national,equal sd,2.1705309569195874,odds-ratio logit,1,0.676781177520752,1.021,175.308,0.0,27.272,6.4281314168377826,258.95621790786055,
Scotland 2007,A,West Aberdeenshire and Kincardine,2.388024616466966,35807.0,2.0,national,equal sd,2.1705309569195874,adjusted row,1,0.8035204410552979,1.01381,234.598,1.0,14.011,16.7438441224752,291.91177332601166,
Scotland 2007,A,West Aberdeenshire and Kincardine,2.388024616466966,35807.0,2.0,national,equal sd,2.1705309569195874,adjusted table,1,2.8832409381866455,1.00582,353.985,0.0,22.672,15.613311573747353,122.76464925495127,
Scotland 2007,A,West Aberdeenshire and Kincardine,2.388024616466966,35807.0,2.0,national,interactions only,0.08682123827678351,position logit,1,6.358385324478149,1.01263,260.47,6.0,283.587,0.9184835694160877,40.96394862801809,
Scotland 2007,A,West Aberdeenshire and Kincardine,2.388024616466966,35807.0,2.0,national,interactions only,0.08682123827678351,odds-ratio logit,1,0.9185748100280762,1.00739,284.426,7.0,29.66,9.58954821308159,309.58508801968105,
Scotland 2007,A,West Aberdeenshire and Kincardine,2.388024616466966,35807.0,2.0,national,interactions only,0.08682123827678351,adjusted row,1,0.9231207370758057,1.00961,276.475,0.0,16.208,17.057934353405727,299.4585252001994,
Scotland 2007,A,West Aberdeenshire and Kincardine,2.388024616466966,35807.0,2.0,national,interactions only,0.08682123827678351,adjusted table,1,2.60385799407959,1.00591,316.43,0.0,14.832,21.334277238403452,121.51714870565637,
Scotland 2007,B,Argyll and Bute,1.494623524812459,296.92,1.0,raked,equal sd,0.0,position logit,1,0.7494919300079346,1.00556,622.766,1.0,21.728,28.66191089837997,830.755291188791,
Scotland 2007,B,Argyll and Bute,1.494623524812459,296.92,1.0,raked,equal sd,0.0,odds-ratio logit,1,0.46860623359680176,1.00361,470.404,0.0,14.952,31.460941680042804,1003.4984193976112,
Scotland 2007,B,Argyll and Bute,1.494623524812459,296.92,1.0,raked,equal sd,0.0,adjusted row,1,0.8976449966430664,1.00807,480.722,0.0,16.24,29.60110837438424,535.4026371869971,
Scotland 2007,B,Argyll and Bute,1.494623524812459,296.92,1.0,raked,equal sd,0.0,adjusted table,1,2.589078903198242,1.0097,310.734,0.0,20.136,15.43176400476758,120.01075685920591,
Scotland 2007,B,Argyll and Bute,1.494623524812459,29692.0,1.0,raked,equal sd,0.0,position logit,1,0.4835164546966553,1.00413,700.563,3.0,13.083,53.54758083008484,1448.5117639137766,
Scotland 2007,B,Argyll and Bute,1.494623524812459,29692.0,1.0,raked,equal sd,0.0,odds-ratio logit,1,0.37607550621032715,1.00647,404.683,1.0,11.324,35.73675379724479,1075.6865939547572,
Scotland 2007,B,Argyll and Bute,1.494623524812459,29692.0,1.0,raked,equal sd,0.0,adjusted row,1,0.674990177154541,1.00549,376.05,0.0,10.44,36.020114942528735,556.9321393400222,
Scotland 2007,B,Argyll and Bute,1.494623524812459,29692.0,1.0,raked,equal sd,0.0,adjusted table,1,2.104271173477173,1.00591,335.56,0.0,15.096,22.2284048754637,159.45569672162256,
Scotland 2007,B,Argyll and Bute,1.494623524812459,2969200.0,1.0,raked,equal sd,0.0,position logit,1,0.4260447025299072,1.00471,556.854,1.0,12.4,44.90758064516129,1306.6216581479837,
Scotland 2007,B,Argyll and Bute,1.494623524812459,2969200.0,1.0,raked,equal sd,0.0,odds-ratio logit,1,0.44092774391174316,1.00337,497.393,0.0,12.64,39.350712025316454,1127.6826695899035,
Scotland 2007,B,Argyll and Bute,1.494623524812459,2969200.0,1.0,raked,equal sd,0.0,adjusted row,1,0.6515696048736572,1.00427,542.219,0.0,12.072,44.91542412193506,831.9720306488686,
Scotland 2007,B,Argyll and Bute,1.494623524812459,2969200.0,1.0,raked,equal sd,0.0,adjusted table,1,2.0527002811431885,1.00366,315.738,0.0,15.552,20.302083333333332,153.80458488384355,
New Zealand 2017,A,East Coast,0.5705341122621032,37932.0,0.5,indep,equal sd,2.9724135207732003e-15,position logit,1,0.36385416984558105,1.00463,813.785,0.0,7.488,108.67855235042734,2235.1952948849844,
New Zealand 2017,A,East Coast,0.5705341122621032,37932.0,0.5,indep,equal sd,2.9724135207732003e-15,odds-ratio logit,1,0.32410573959350586,1.00335,542.974,0.0,7.072,76.77799773755656,1670.7282060864916,
New Zealand 2017,A,East Coast,0.5705341122621032,37932.0,0.5,indep,equal sd,2.9724135207732003e-15,adjusted row,1,0.6381890773773193,1.00627,355.614,0.0,9.912,35.87711864406779,557.1080652683995,
New Zealand 2017,A,East Coast,0.5705341122621032,37932.0,0.5,indep,equal sd,2.9724135207732003e-15,adjusted table,1,1.7722535133361816,1.00353,299.229,0.0,14.624,20.461501641137854,168.81987012037044,
New Zealand 2017,A,East Coast,0.5705341122621032,37932.0,0.5,raked,equal sd,0.0,position logit,1,0.4211723804473877,1.00911,527.884,0.0,11.104,47.5399855907781,1252.9630380782935,
New Zealand 2017,A,East Coast,0.5705341122621032,37932.0,0.5,raked,equal sd,0.0,odds-ratio logit,1,0.37293148040771484,1.01078,612.381,0.0,8.448,72.48828125,1641.294138734551,
New Zealand 2017,A,East Coast,0.5705341122621032,37932.0,0.5,raked,equal sd,0.0,adjusted row,1,0.612407922744751,1.00649,443.057,0.0,10.8,41.0237962962963,723.2548204558378,
New Zealand 2017,A,East Coast,0.5705341122621032,37932.0,0.5,raked,equal sd,0.0,adjusted table,1,2.0143980979919434,1.00359,270.122,0.0,16.048,16.83212861415753,134.08524410268683,
New Zealand 2017,A,East Coast,0.5705341122621032,37932.0,0.5,national,equal sd,2.6104722889847296,position logit,1,0.4510226249694824,1.00332,843.449,0.0,14.712,57.33068243610658,1869.5457062614807,
New Zealand 2017,A,East Coast,0.5705341122621032,37932.0,0.5,national,equal sd,2.6104722889847296,odds-ratio logit,1,0.3533790111541748,1.00599,501.545,0.0,10.576,47.42293872919819,1418.7426822701693,
New Zealand 2017,A,East Coast,0.5705341122621032,37932.0,0.5,national,equal sd,2.6104722889847296,adjusted row,1,0.6670215129852295,1.00625,501.698,0.0,10.8,46.453518518518514,751.9923696261791,
New Zealand 2017,A,East Coast,0.5705341122621032,37932.0,0.5,national,equal sd,2.6104722889847296,adjusted table,1,2.116588830947876,1.00336,188.772,0.0,16.496,11.443501454898158,89.18124600852877,
New Zealand 2017,A,East Coast,0.5705341122621032,37932.0,0.5,national,interactions only,0.026104722889847297,position logit,1,0.4742763042449951,1.00116,787.822,0.0,13.912,56.62895342150661,1660.5825397211795,
New Zealand 2017,A,East Coast,0.5705341122621032,37932.0,0.5,national,interactions only,0.026104722889847297,odds-ratio logit,1,0.36242032051086426,1.01049,440.028,0.0,8.912,49.37477558348294,1213.6174737971742,
New Zealand 2017,A,East Coast,0.5705341122621032,37932.0,0.5,national,interactions only,0.026104722889847297,adjusted row,1,0.6508862972259521,1.00687,351.249,0.0,11.016,31.885348583878,539.3694658187076,
New Zealand 2017,A,East Coast,0.5705341122621032,37932.0,0.5,national,interactions only,0.026104722889847297,adjusted table,1,1.728729486465454,1.00872,461.314,0.0,13.848,33.31268053148469,266.82335279106724,
New Zealand 2017,A,East Coast,0.5705341122621032,37932.0,2.0,indep,equal sd,7.431033801933001e-16,position logit,1,1.8092398643493652,1.0073,342.731,3.0,62.353,5.496624059788623,189.41360577770803,
New Zealand 2017,A,East Coast,0.5705341122621032,37932.0,2.0,indep,equal sd,7.431033801933001e-16,odds-ratio logit,1,0.8947608470916748,1.0117,282.189,0.0,30.472,9.26059989498556,315.3085859585374,
New Zealand 2017,A,East Coast,0.5705341122621032,37932.0,2.0,indep,equal sd,7.431033801933001e-16,adjusted row,1,1.107487678527832,1.00515,351.997,0.0,16.48,21.35904126213592,317.7707109995519,
New Zealand 2017,A,East Coast,0.5705341122621032,37932.0,2.0,indep,equal sd,7.431033801933001e-16,adjusted table,1,3.6170318126678467,1.00323,454.566,0.0,28.928,15.713702986725663,125.66920738087468,
New Zealand 2017,A,East Coast,0.5705341122621032,37932.0,2.0,raked,equal sd,0.0,position logit,1,3.2232918739318848,1.00525,408.641,1.0,122.397,3.3386520911460247,126.77041845561003,
New Zealand 2017,A,East Coast,0.5705341122621032,37932.0,2.0,raked,equal sd,0.0,odds-ratio logit,1,1.0450608730316162,1.00954,334.85,0.0,27.864,12.017298306057997,320.3049042503503,
New Zealand 2017,A,East Coast,0.5705341122621032,37932.0,2.0,raked,equal sd,0.0,adjusted row,1,1.1864123344421387,1.00272,335.541,0.0,17.704,18.952835517397197,282.7591984605129,
New Zealand 2017,A,East Coast,0.5705341122621032,37932.0,2.0,raked,equal sd,0.0,adjusted table,1,3.385385274887085,1.00908,226.215,0.0,28.8,7.8546875,66.81695647069884,
New Zealand 2017,A,East Coast,0.5705341122621032,37932.0,2.0,national,equal sd,0.6526180722461824,position logit,1,4.63436484336853,1.00452,421.737,1.0,167.386,2.5195476324184822,90.99947876878142,
New Zealand 2017,A,East Coast,0.5705341122621032,37932.0,2.0,national,equal sd,0.6526180722461824,odds-ratio logit,1,1.3590779304504395,1.00998,216.361,0.0,45.808,4.723214285714286,159.17277925788204,
New Zealand 2017,A,East Coast,0.5705341122621032,37932.0,2.0,national,equal sd,0.6526180722461824,adjusted row,1,0.943871021270752,1.00466,231.927,0.0,17.192,13.49040251279665,245.6735287348716,
New Zealand 2017,A,East Coast,0.5705341122621032,37932.0,2.0,national,equal sd,0.6526180722461824,adjusted table,1,3.3701491355895996,1.00423,315.015,0.0,27.8,11.331474820143884,93.46249765047267,
New Zealand 2017,A,East Coast,0.5705341122621032,37932.0,2.0,national,interactions only,0.026104722889847297,position logit,1,10.319824695587158,1.0054,183.449,5.0,361.281,0.507773727375644,17.776142391950696,
New Zealand 2017,A,East Coast,0.5705341122621032,37932.0,2.0,national,interactions only,0.026104722889847297,odds-ratio logit,1,1.7998697757720947,1.01286,207.718,1.0,59.107,3.514270729355237,115.39740930700025,
New Zealand 2017,A,East Coast,0.5705341122621032,37932.0,2.0,national,interactions only,0.026104722889847297,adjusted row,1,1.3019850254058838,1.01742,173.955,0.0,24.192,7.190600198412699,133.58201414729209,
New Zealand 2017,A,East Coast,0.5705341122621032,37932.0,2.0,national,interactions only,0.026104722889847297,adjusted table,1,2.47440505027771,1.00896,192.731,0.0,14.856,12.973276790522348,77.88330576628796,
New Zealand 2017,A,Tukituki,0.9193945134131708,38547.0,0.5,indep,equal sd,2.190039795013723e-15,position logit,1,0.4568178653717041,1.00733,752.399,0.0,8.552,87.97930308699719,1646.414732789883,
New Zealand 2017,A,Tukituki,0.9193945134131708,38547.0,0.5,indep,equal sd,2.190039795013723e-15,odds-ratio logit,1,0.3932170867919922,1.00334,470.417,0.0,8.912,52.78467235188509,1195.9026249306,
New Zealand 2017,A,Tukituki,0.9193945134131708,38547.0,0.5,indep,equal sd,2.190039795013723e-15,adjusted row,1,0.7096812725067139,1.00664,500.575,0.0,12.248,40.86993794905291,705.2160978532792,
New Zealand 2017,A,Tukituki,0.9193945134131708,38547.0,0.5,indep,equal sd,2.190039795013723e-15,adjusted table,1,1.8255877494812012,1.00762,312.922,0.0,15.336,20.404407929055818,171.37981010162738,
New Zealand 2017,A,Tukituki,0.9193945134131708,38547.0,0.5,raked,equal sd,0.0,position logit,1,0.5636143684387207,1.0028,639.334,0.0,11.544,55.382363132363125,1134.0097711378153,
New Zealand 2017,A,Tukituki,0.9193945134131708,38547.0,0.5,raked,equal sd,0.0,odds-ratio logit,1,0.5169234275817871,1.00195,715.489,0.0,13.136,54.467798416565174,1383.0323951086111,
New Zealand 2017,A,Tukituki,0.9193945134131708,38547.0,0.5,raked,equal sd,0.0,adjusted row,1,0.7767918109893799,1.00474,576.327,0.0,14.024,41.095764403879066,741.7286309673286,
New Zealand 2017,A,Tukituki,0.9193945134131708,38547.0,0.5,raked,equal sd,0.0,adjusted table,1,2.0948426723480225,1.01475,174.225,0.0,15.336,11.360524256651017,83.15782318576338,
New Zealand 2017,A,Tukituki,0.9193945134131708,38547.0,0.5,national,equal sd,4.1474189737374045,position logit,1,0.44208216667175293,1.00454,755.891,0.0,13.3,56.83390977443609,1709.192000392467,
New Zealand 2017,A,Tukituki,0.9193945134131708,38547.0,0.5,national,equal sd,4.1474189737374045,odds-ratio logit,1,0.4206550121307373,1.00269,604.644,0.0,12.984,46.568391866913124,1436.5539548901143,
New Zealand 2017,A,Tukituki,0.9193945134131708,38547.0,0.5,national,equal sd,4.1474189737374045,adjusted row,1,0.6707422733306885,1.00743,434.173,0.0,11.78,36.856791171477084,646.9941063774831,
New Zealand 2017,A,Tukituki,0.9193945134131708,38547.0,0.5,national,equal sd,4.1474189737374045,adjusted table,1,2.2182767391204834,1.00336,284.978,0.0,17.296,16.476526364477337,128.45914770620098,
New Zealand 2017,A,Tukituki,0.9193945134131708,38547.0,0.5,national,interactions only,0.041474189737374045,position logit,1,0.4759030342102051,1.00341,628.885,0.0,11.856,53.04360661268556,1320.7971201124842,
New Zealand 2017,A,Tukituki,0.9193945134131708,38547.0,0.5,national,interactions only,0.041474189737374045,odds-ratio logit,1,0.44498467445373535,1.0071,538.802,0.0,10.672,50.48744377811094,1210.4721125382107,
New Zealand 2017,A,Tukituki,0.9193945134131708,38547.0,0.5,national,interactions only,0.041474189737374045,adjusted row,1,0.6422040462493896,1.00552,483.705,0.0,10.496,46.08469893292683,753.0095674846888,
New Zealand 2017,A,Tukituki,0.9193945134131708,38547.0,0.5,national,interactions only,0.041474189737374045,adjusted table,1,1.7273244857788086,1.00487,452.238,0.0,13.896,32.54447322970639,261.7937023378681,
New Zealand 2017,A,Tukituki,0.9193945134131708,38547.0,2.0,indep,equal sd,5.475099487534308e-16,position logit,1,1.6702280044555664,1.0043,432.177,5.0,58.722,7.359711862674978,258.72722105692856,
New Zealand 2017,A,Tukituki,0.9193945134131708,38547.0,2.0,indep,equal sd,5.475099487534308e-16,odds-ratio logit,1,1.0562150478363037,1.03353,108.76,1.0,39.534,2.7510497293468914,102.94635770667186,
New Zealand 2017,A,Tukituki,0.9193945134131708,38547.0,2.0,indep,equal sd,5.475099487534308e-16,adjusted row,1,1.039903163909912,1.00685,376.754,0.0,17.256,21.83321743161799,362.2474471922754,
New Zealand 2017,A,Tukituki,0.9193945134131708,38547.0,2.0,indep,equal sd,5.475099487534308e-16,adjusted table,1,3.429626941680908,1.00338,332.297,0.0,28.2,11.78358156028369,96.88614938901279,
New Zealand 2017,A,Tukituki,0.9193945134131708,38547.0,2.0,raked,equal sd,0.0,position logit,1,4.419991970062256,1.00504,266.327,1.0,174.345,1.5275861080042445,60.25280527686519,
New Zealand 2017,A,Tukituki,0.9193945134131708,38547.0,2.0,raked,equal sd,0.0,odds-ratio logit,1,1.0937550067901611,1.02788,161.415,4.0,30.867,5.229371173097483,147.5436644647032,
New Zealand 2017,A,Tukituki,0.9193945134131708,38547.0,2.0,raked,equal sd,0.0,adjusted row,1,1.0137841701507568,1.0095,345.072,0.0,17.156,20.113779435765913,340.3070726690982,
New Zealand 2017,A,Tukituki,0.9193945134131708,38547.0,2.0,raked,equal sd,0.0,adjusted table,1,3.4442834854125977,1.00344,393.801,0.0,28.528,13.804017106001123,114.33016231629934,
New Zealand 2017,A,Tukituki,0.9193945134131708,38547.0,2.0,national,equal sd,1.0368547434343511,position logit,1,3.8413350582122803,1.01502,345.207,1.0,170.605,2.0234283872102226,89.86129780612046,
New Zealand 2017,A,Tukituki,0.9193945134131708,38547.0,2.0,national,equal sd,1.0368547434343511,odds-ratio logit,1,1.332627534866333,1.00818,274.851,0.0,43.632,6.299298679867987,206.2270603551308,
New Zealand 2017,A,Tukituki,0.9193945134131708,38547.0,2.0,national,equal sd,1.0368547434343511,adjusted row,1,1.1488268375396729,1.01274,119.032,2.0,20.103,5.921106302541909,103.59980994902352,
New Zealand 2017,A,Tukituki,0.9193945134131708,38547.0,2.0,national,equal sd,1.0368547434343511,adjusted table,1,3.495657205581665,1.00401,292.498,0.0,27.336,10.700102429031315,83.67029212600369,
New Zealand 2017,A,Tukituki,0.9193945134131708,38547.0,2.0,national,interactions only,0.041474189737374045,position logit,1,9.860156536102295,1.01548,220.058,7.0,282.44,0.7791318510126044,22.317303888878854,
New Zealand 2017,A,Tukituki,0.9193945134131708,38547.0,2.0,national,interactions only,0.041474189737374045,odds-ratio logit,1,2.7394826412200928,1.01329,240.128,0.0,93.72,2.5621852326077676,87.65005198607895,
New Zealand 2017,A,Tukituki,0.9193945134131708,38547.0,2.0,national,interactions only,0.041474189737374045,adjusted row,1,1.3649675846099854,1.00376,376.065,0.0,17.24,21.8135150812065,275.41995940285,
New Zealand 2017,A,Tukituki,0.9193945134131708,38547.0,2.0,national,interactions only,0.041474189737374045,adjusted table,1,2.6204819679260254,1.00487,355.852,0.0,14.592,24.386787280701753,135.7860405126085,
New Zealand 2017,A,Pakuranga,1.190502369445735,35422.0,0.5,indep,equal sd,3.1875583852294587e-15,position logit,1,0.34652137756347656,1.00624,530.583,0.0,7.52,70.55625,1530.2304595945286,
New Zealand 2017,A,Pakuranga,1.190502369445735,35422.0,0.5,indep,equal sd,3.1875583852294587e-15,odds-ratio logit,1,0.37593817710876465,1.0057,626.607,0.0,10.064,62.26222178060413,1666.0688204864232,
New Zealand 2017,A,Pakuranga,1.190502369445735,35422.0,0.5,indep,equal sd,3.1875583852294587e-15,adjusted row,1,0.8439233303070068,1.00945,469.002,0.0,11.024,42.54372278664732,555.6524633316094,
New Zealand 2017,A,Pakuranga,1.190502369445735,35422.0,0.5,indep,equal sd,3.1875583852294587e-15,adjusted table,1,2.1891534328460693,1.0074,233.779,0.0,15.6,14.985833333333334,106.76428781513908,
New Zealand 2017,A,Pakuranga,1.190502369445735,35422.0,0.5,raked,equal sd,0.0,position logit,1,0.5505967140197754,1.00223,667.764,0.0,12.364,54.00873503720479,1212.065768664125,
New Zealand 2017,A,Pakuranga,1.190502369445735,35422.0,0.5,raked,equal sd,0.0,odds-ratio logit,1,0.4115457534790039,1.00534,770.129,0.0,11.824,65.13269621109607,1870.6548571369005,
New Zealand 2017,A,Pakuranga,1.190502369445735,35422.0,0.5,raked,equal sd,0.0,adjusted row,1,0.6788756847381592,1.00687,505.779,0.0,10.852,46.60698488757833,744.8214891845233,
New Zealand 2017,A,Pakuranga,1.190502369445735,35422.0,0.5,raked,equal sd,0.0,adjusted table,1,2.1478168964385986,1.00226,231.301,0.0,15.376,15.042989073881373,107.68266317161621,
New Zealand 2017,A,Pakuranga,1.190502369445735,35422.0,0.5,national,equal sd,3.3187297085238043,position logit,1,0.4862515926361084,1.00465,851.549,0.0,14.68,58.00742506811989,1750.7625408976317,
New Zealand 2017,A,Pakuranga,1.190502369445735,35422.0,0.5,national,equal sd,3.3187297085238043,odds-ratio logit,1,0.37427520751953125,1.00723,608.36,0.0,10.384,58.58628659476117,1624.8573795675193,
New Zealand 2017,A,Pakuranga,1.190502369445735,35422.0,0.5,national,equal sd,3.3187297085238043,adjusted row,1,0.6890792846679688,1.0055,371.592,0.0,11.072,33.5614161849711,539.1562874250585,
New Zealand 2017,A,Pakuranga,1.190502369445735,35422.0,0.5,national,equal sd,3.3187297085238043,adjusted table,1,2.1244962215423584,1.00416,334.614,0.0,15.312,21.853056426332287,157.49241178862772,
New Zealand 2017,A,Pakuranga,1.190502369445735,35422.0,0.5,national,interactions only,0.03318729708523804,position logit,1,0.5155391693115234,1.00341,590.819,0.0,14.776,39.98504331348132,1145.7211260722318,
New Zealand 2017,A,Pakuranga,1.190502369445735,35422.0,0.5,national,interactions only,0.03318729708523804,odds-ratio logit,1,0.34233736991882324,1.00324,360.291,0.0,8.872,40.609896302975656,1051.8179456178718,
New Zealand 2017,A,Pakuranga,1.190502369445735,35422.0,0.5,national,interactions only,0.03318729708523804,adjusted row,1,0.6847469806671143,1.00563,410.016,0.0,11.704,35.03212576896787,598.5377213678581,
New Zealand 2017,A,Pakuranga,1.190502369445735,35422.0,0.5,national,interactions only,0.03318729708523804,adjusted table,1,1.7082364559173584,1.00713,426.949,0.0,13.792,30.956279002320187,249.91482029631885,
New Zealand 2017,A,Pakuranga,1.190502369445735,35422.0,2.0,indep,equal sd,7.968895963073647e-16,position logit,1,1.7936532497406006,1.00943,279.27,1.0,63.128,4.4238689646432645,155.68733933482108,
New Zealand 2017,A,Pakuranga,1.190502369445735,35422.0,2.0,indep,equal sd,7.968895963073647e-16,odds-ratio logit,1,0.9443418979644775,1.00878,173.249,0.0,29.556,5.8617201245094055,183.4344270590522,
New Zealand 2017,A,Pakuranga,1.190502369445735,35422.0,2.0,indep,equal sd,7.968895963073647e-16,adjusted row,1,1.0204377174377441,1.00188,417.338,0.0,17.08,24.434309133489464,408.864760410219,
New Zealand 2017,A,Pakuranga,1.190502369445735,35422.0,2.0,indep,equal sd,7.968895963073647e-16,adjusted table,1,3.3748631477355957,1.00411,295.268,0.0,27.344,10.798273844353421,87.48216130324036,
New Zealand 2017,A,Pakuranga,1.190502369445735,35422.0,2.0,raked,equal sd,0.0,position logit,1,4.827890634536743,1.01263,393.842,3.0,142.302,2.7676490843417523,81.5709022680302,
New Zealand 2017,A,Pakuranga,1.190502369445735,35422.0,2.0,raked,equal sd,0.0,odds-ratio logit,1,1.0945279598236084,1.00714,265.989,0.0,31.224,8.518735588009223,242.98400984098993,
New Zealand 2017,A,Pakuranga,1.190502369445735,35422.0,2.0,raked,equal sd,0.0,adjusted row,1,0.9935860633850098,1.00876,311.622,0.0,17.28,18.033680555555556,313.59020788924323,
New Zealand 2017,A,Pakuranga,1.190502369445735,35422.0,2.0,raked,equal sd,0.0,adjusted table,1,3.625671863555908,1.00382,306.774,0.0,26.784,11.453629032258066,84.60723857132966,
New Zealand 2017,A,Pakuranga,1.190502369445735,35422.0,2.0,national,equal sd,0.8296824271309511,position logit,1,4.38020920753479,1.00786,347.986,0.0,218.328,1.593867941812319,79.44214071679002,
New Zealand 2017,A,Pakuranga,1.190502369445735,35422.0,2.0,national,equal sd,0.8296824271309511,odds-ratio logit,1,1.131204605102539,1.0185,296.597,0.0,43.012,6.895680275272016,262.1134006463404,
New Zealand 2017,A,Pakuranga,1.190502369445735,35422.0,2.0,national,equal sd,0.8296824271309511,adjusted row,1,1.2749731540679932,1.01096,205.925,0.0,17.832,11.548059668012561,161.49553798373663,
New Zealand 2017,A,Pakuranga,1.190502369445735,35422.0,2.0,national,equal sd,0.8296824271309511,adjusted table,1,3.6713874340057373,1.00476,368.944,0.0,27.72,13.309668109668111,100.48588888003597,
New Zealand 2017,A,Pakuranga,1.190502369445735,35422.0,2.0,national,interactions only,0.03318729708523804,position logit,1,16.42562747001648,1.05896,52.0179,1.0,638.31,0.08149316162992903,3.1668455392681563,
New Zealand 2017,A,Pakuranga,1.190502369445735,35422.0,2.0,national,interactions only,0.03318729708523804,odds-ratio logit,1,2.1562094688415527,1.00596,228.871,0.0,62.464,3.6640464907786887,106.13811995988674,
New Zealand 2017,A,Pakuranga,1.190502369445735,35422.0,2.0,national,interactions only,0.03318729708523804,adjusted row,1,1.3209149837493896,1.01765,293.117,0.0,21.704,13.50520641356432,221.8685143894357,
New Zealand 2017,A,Pakuranga,1.190502369445735,35422.0,2.0,national,interactions only,0.03318729708523804,adjusted table,1,2.4047436714172363,1.00373,290.135,0.0,15.072,19.24993365180467,120.6414244025698,
New Zealand 2017,A,Helensville,1.5373180579824293,38676.0,0.5,indep,equal sd,3.5438207645306368e-15,position logit,1,0.46093297004699707,1.00116,756.818,0.0,11.368,66.57441942294159,1641.416108986325,
New Zealand 2017,A,Helensville,1.5373180579824293,38676.0,0.5,indep,equal sd,3.5438207645306368e-15,odds-ratio logit,1,0.3948953151702881,1.00289,693.027,0.0,10.416,66.53485023041475,1754.3198660936353,
New Zealand 2017,A,Helensville,1.5373180579824293,38676.0,0.5,indep,equal sd,3.5438207645306368e-15,adjusted row,1,0.5706527233123779,1.00235,530.812,0.0,9.832,53.98820179007323,929.9694679034587,
New Zealand 2017,A,Helensville,1.5373180579824293,38676.0,0.5,indep,equal sd,3.5438207645306368e-15,adjusted table,1,1.8952305316925049,1.00938,328.631,0.0,15.512,21.185598246518822,173.38558771569447,
New Zealand 2017,A,Helensville,1.5373180579824293,38676.0,0.5,raked,equal sd,0.0,position logit,1,0.4701817035675049,1.00571,568.107,0.0,9.6,59.1778125,1207.9036757150786,
New Zealand 2017,A,Helensville,1.5373180579824293,38676.0,0.5,raked,equal sd,0.0,odds-ratio logit,1,0.3741776943206787,1.00282,553.814,0.0,12.056,45.93679495686795,1479.5313856407643,
New Zealand 2017,A,Helensville,1.5373180579824293,38676.0,0.5,raked,equal sd,0.0,adjusted row,1,0.6120567321777344,1.01661,403.185,0.0,9.176,43.939080209241496,658.5799255384443,
New Zealand 2017,A,Helensville,1.5373180579824293,38676.0,0.5,raked,equal sd,0.0,adjusted table,1,2.24072003364563,1.00351,234.856,0.0,15.28,15.370157068062827,104.79790665615131,
New Zealand 2017,A,Helensville,1.5373180579824293,38676.0,0.5,national,equal sd,6.590804685711675,position logit,1,0.4281167984008789,1.00277,631.366,0.0,7.408,85.22759179265658,1474.2304204528564,
New Zealand 2017,A,Helensville,1.5373180579824293,38676.0,0.5,national,equal sd,6.590804685711675,odds-ratio logit,1,0.3735837936401367,1.00722,387.582,0.0,9.304,41.65756663800516,1037.022667088543,
New Zealand 2017,A,Helensville,1.5373180579824293,38676.0,0.5,national,equal sd,6.590804685711675,adjusted row,1,0.6440739631652832,1.0109,377.302,0.0,10.952,34.45051132213295,585.6165765431318,
New Zealand 2017,A,Helensville,1.5373180579824293,38676.0,0.5,national,equal sd,6.590804685711675,adjusted table,1,2.1257708072662354,1.00322,365.49,0.0,14.52,25.171487603305785,171.92053009317723,
New Zealand 2017,A,Helensville,1.5373180579824293,38676.0,0.5,national,interactions only,0.06590804685711675,position logit,1,0.5126953125,1.00266,687.101,0.0,12.992,52.88646859605911,1339.8258510292385,
New Zealand 2017,A,Helensville,1.5373180579824293,38676.0,0.5,national,interactions only,0.06590804685711675,odds-ratio logit,1,0.40729641914367676,1.00756,582.27,0.0,12.4,46.957258064516125,1429.0045663690717,
New Zealand 2017,A,Helensville,1.5373180579824293,38676.0,0.5,national,interactions only,0.06590804685711675,adjusted row,1,0.6717095375061035,1.00789,463.602,0.0,10.424,44.47448196469686,690.0411731334702,
New Zealand 2017,A,Helensville,1.5373180579824293,38676.0,0.5,national,interactions only,0.06590804685711675,adjusted table,1,2.251075506210327,1.00489,402.145,0.0,16.288,24.689648821218075,178.63491476304523,
New Zealand 2017,A,Helensville,1.5373180579824293,38676.0,2.0,indep,equal sd,8.859551911326592e-16,position logit,1,2.7297861576080322,1.00944,306.829,2.0,84.945,3.6120901759962334,112.38524368333334,
New Zealand 2017,A,Helensville,1.5373180579824293,38676.0,2.0,indep,equal sd,8.859551911326592e-16,odds-ratio logit,1,0.8881306648254395,1.00857,369.506,0.0,30.264,12.209423737774253,415.91259076304107,
New Zealand 2017,A,Helensville,1.5373180579824293,38676.0,2.0,indep,equal sd,8.859551911326592e-16,adjusted row,1,0.8697903156280518,1.00479,607.169,0.0,15.528,39.10155847501288,697.9465627458186,
New Zealand 2017,A,Helensville,1.5373180579824293,38676.0,2.0,indep,equal sd,8.859551911326592e-16,adjusted table,1,3.484989643096924,1.00426,367.003,0.0,26.832,13.677810077519378,105.29938757257997,
New Zealand 2017,A,Helensville,1.5373180579824293,38676.0,2.0,raked,equal sd,0.0,position logit,1,5.610668659210205,1.00389,302.67,0.0,188.796,1.6031589652323144,53.94410317168332,
New Zealand 2017,A,Helensville,1.5373180579824293,38676.0,2.0,raked,equal sd,0.0,odds-ratio logit,1,1.284597396850586,1.06633,33.1488,3.0,48.323,0.6859839000062082,25.801991031258318,
New Zealand 2017,A,Helensville,1.5373180579824293,38676.0,2.0,raked,equal sd,0.0,adjusted row,1,1.0302917957305908,1.00749,389.222,0.0,16.056,24.241529646238163,377.66672214702373,
New Zealand 2017,A,Helensville,1.5373180579824293,38676.0,2.0,raked,equal sd,0.0,adjusted table,1,3.3599581718444824,1.00393,340.69,0.0,27.2,12.525367647058824,101.38905222181322,
New Zealand 2017,A,Helensville,1.5373180579824293,38676.0,2.0,national,equal sd,1.6477011714279188,position logit,1,4.085247278213501,1.01013,348.477,0.0,190.776,1.8266291357403446,85.29585282799796,
New Zealand 2017,A,Helensville,1.5373180579824293,38676.0,2.0,national,equal sd,1.6477011714279188,odds-ratio logit,1,1.0519163608551025,1.00739,215.562,3.0,30.863,6.984479797816156,204.88101848281565,
New Zealand 2017,A,Helensville,1.5373180579824293,38676.0,2.0,national,equal sd,1.6477011714279188,adjusted row,1,0.976266622543335,1.00975,319.035,0.0,17.032,18.731505401596994,326.6921590353116,
New Zealand 2017,A,Helensville,1.5373180579824293,38676.0,2.0,national,equal sd,1.6477011714279188,adjusted table,1,2.9705538749694824,1.00514,383.134,0.0,24.04,15.937354409317805,128.9693648479331,
New Zealand 2017,A,Helensville,1.5373180579824293,38676.0,2.0,national,interactions only,0.06590804685711675,position logit,1,10.115000486373901,1.01469,182.474,2.0,364.112,0.5011479984180691,18.03949377449475,
New Zealand 2017,A,Helensville,1.5373180579824293,38676.0,2.0,national,interactions only,0.06590804685711675,odds-ratio logit,1,2.2211382389068604,1.03432,136.03,3.0,96.631,1.407726299013774,61.23958772119542,
New Zealand 2017,A,Helensville,1.5373180579824293,38676.0,2.0,national,interactions only,0.06590804685711675,adjusted row,1,1.0524077415466309,1.01164,371.113,0.0,21.072,17.61166476841306,352.59031993338533,
New Zealand 2017,A,Helensville,1.5373180579824293,38676.0,2.0,national,interactions only,0.06590804685711675,adjusted table,1,2.3328676223754883,1.00546,226.459,0.0,14.808,15.293017287952459,97.06788497802059,
New Zealand 2017,A,Mangere,2.1277620161787745,27383.0,0.5,indep,equal sd,2.961778733473797e-15,position logit,1,0.3540637493133545,1.0034,778.961,0.0,7.012,111.08970336565888,2199.201172663449,
New Zealand 2017,A,Mangere,2.1277620161787745,27383.0,0.5,indep,equal sd,2.961778733473797e-15,odds-ratio logit,1,0.3623225688934326,1.0017,760.08,0.0,7.24,104.98342541436465,2096.554820599595,
New Zealand 2017,A,Mangere,2.1277620161787745,27383.0,0.5,indep,equal sd,2.961778733473797e-15,adjusted row,1,0.7052040100097656,1.00582,435.436,0.0,11.808,36.87635501355013,617.34624459385,
New Zealand 2017,A,Mangere,2.1277620161787745,27383.0,0.5,indep,equal sd,2.961778733473797e-15,adjusted table,1,2.300010919570923,1.00579,359.949,0.0,20.264,17.76297868140545,156.48866750978044,
New Zealand 2017,A,Mangere,2.1277620161787745,27383.0,0.5,raked,equal sd,0.0,position logit,1,0.40058279037475586,1.00994,362.168,0.0,7.632,47.4538784067086,903.3903191108368,
New Zealand 2017,A,Mangere,2.1277620161787745,27383.0,0.5,raked,equal sd,0.0,odds-ratio logit,1,0.4023764133453369,1.00202,644.957,0.0,8.616,74.85573351903436,1601.9585626900557,
New Zealand 2017,A,Mangere,2.1277620161787745,27383.0,0.5,raked,equal sd,0.0,adjusted row,1,0.7210726737976074,1.00508,486.64,0.0,12.2,39.88852459016393,674.7457776440777,
New Zealand 2017,A,Mangere,2.1277620161787745,27383.0,0.5,raked,equal sd,0.0,adjusted table,1,2.354285955429077,1.00927,249.025,0.0,18.872,13.195474777448071,105.76788764581752,
New Zealand 2017,A,Mangere,2.1277620161787745,27383.0,0.5,national,equal sd,6.799553912994101,position logit,1,0.362562894821167,1.00227,628.375,0.0,9.112,68.96125987708515,1732.5164032544226,
New Zealand 2017,A,Mangere,2.1277620161787745,27383.0,0.5,national,equal sd,6.799553912994101,odds-ratio logit,1,0.42386507987976074,1.0078,353.636,0.0,9.52,37.14663865546219,833.9125422472497,
New Zealand 2017,A,Mangere,2.1277620161787745,27383.0,0.5,national,equal sd,6.799553912994101,adjusted row,1,0.678931713104248,1.0058,428.514,0.0,10.968,39.06947483588622,630.974851923027,
New Zealand 2017,A,Mangere,2.1277620161787745,27383.0,0.5,national,equal sd,6.799553912994101,adjusted table,1,2.566927194595337,1.00235,310.466,0.0,18.736,16.570559350982066,120.94242523173092,
New Zealand 2017,A,Mangere,2.1277620161787745,27383.0,0.5,national,interactions only,0.06799553912994101,position logit,1,0.3481869697570801,1.00934,441.424,0.0,7.704,57.298026998961575,1266.4830117162917,
New Zealand 2017,A,Mangere,2.1277620161787745,27383.0,0.5,national,interactions only,0.06799553912994101,odds-ratio logit,1,0.3613851070404053,1.01245,394.698,0.0,9.016,43.77750665483585,1091.7338663079174,
New Zealand 2017,A,Mangere,2.1277620161787745,27383.0,0.5,national,interactions only,0.06799553912994101,adjusted row,1,0.6645152568817139,1.00462,496.595,0.0,11.668,42.56042166609531,747.1443695707151,
New Zealand 2017,A,Mangere,2.1277620161787745,27383.0,0.5,national,interactions only,0.06799553912994101,adjusted table,1,1.9444596767425537,1.00356,424.025,0.0,16.116,26.310809133780094,218.05171522539393,
New Zealand 2017,A,Mangere,2.1277620161787745,27383.0,2.0,indep,equal sd,7.404446833684493e-16,position logit,1,1.435706615447998,1.00447,458.733,0.0,46.472,9.871169736615597,319.4816299901319,
New Zealand 2017,A,Mangere,2.1277620161787745,27383.0,2.0,indep,equal sd,7.404446833684493e-16,odds-ratio logit,1,0.726262092590332,1.01638,404.068,0.0,28.0,14.431,556.163430062971,
New Zealand 2017,A,Mangere,2.1277620161787745,27383.0,2.0,indep,equal sd,7.404446833684493e-16,adjusted row,1,0.9324188232421875,1.00616,508.105,0.0,16.792,30.258754168651738,544.6930169645744,
New Zealand 2017,A,Mangere,2.1277620161787745,27383.0,2.0,indep,equal sd,7.404446833684493e-16,adjusted table,1,3.2596418857574463,1.00897,369.541,0.0,28.336,13.041396103896105,113.36372138558843,
New Zealand 2017,A,Mangere,2.1277620161787745,27383.0,2.0,raked,equal sd,0.0,position logit,1,2.124479055404663,1.00801,444.249,2.0,83.757,5.304022350370715,209.08418087444787,
New Zealand 2017,A,Mangere,2.1277620161787745,27383.0,2.0,raked,equal sd,0.0,odds-ratio logit,1,0.8234767913818359,1.00826,238.95,0.0,31.992,7.469054763690922,290.1104601745012,
New Zealand 2017,A,Mangere,2.1277620161787745,27383.0,2.0,raked,equal sd,0.0,adjusted row,1,0.8309445381164551,1.00354,520.141,0.0,15.952,32.606632397191575,625.8278069828083,
New Zealand 2017,A,Mangere,2.1277620161787745,27383.0,2.0,raked,equal sd,0.0,adjusted table,1,3.2162063121795654,1.00623,309.469,0.0,27.176,11.387584633500147,96.21279906236764,
New Zealand 2017,A,Mangere,2.1277620161787745,27383.0,2.0,national,equal sd,1.6998884782485253,position logit,1,2.721500873565674,1.00729,423.712,1.0,91.216,4.645149973688826,155.68034661209083,
New Zealand 2017,A,Mangere,2.1277620161787745,27383.0,2.0,national,equal sd,1.6998884782485253,odds-ratio logit,1,0.9488861560821533,1.02758,68.9682,0.0,24.744,2.787269641125121,72.67304373663477,
New Zealand 2017,A,Mangere,2.1277620161787745,27383.0,2.0,national,equal sd,1.6998884782485253,adjusted row,1,0.9870553016662598,1.0067,378.089,0.0,16.096,23.489624751491053,382.99386996777514,
New Zealand 2017,A,Mangere,2.1277620161787745,27383.0,2.0,national,equal sd,1.6998884782485253,adjusted table,1,3.5229740142822266,1.00756,283.557,0.0,28.344,10.004127857747672,80.48493395321643,
New Zealand 2017,A,Mangere,2.1277620161787745,27383.0,2.0,national,interactions only,0.06799553912994101,position logit,1,4.152915716171265,1.01022,272.226,1.0,160.59,1.695161591630861,65.54853222051867,
New Zealand 2017,A,Mangere,2.1277620161787745,27383.0,2.0,national,interactions only,0.06799553912994101,odds-ratio logit,1,1.0780937671661377,1.58386,2.52137,11.0,23.933,0.10535118873521916,2.338196663120257,
New Zealand 2017,A,Mangere,2.1277620161787745,27383.0,2.0,national,interactions only,0.06799553912994101,adjusted row,1,1.0057892799377441,1.01781,260.684,0.0,18.672,13.961225364181663,259.1488674107344,
New Zealand 2017,A,Mangere,2.1277620161787745,27383.0,2.0,national,interactions only,0.06799553912994101,adjusted table,1,2.551668405532837,1.00609,365.58,0.0,14.432,25.331208425720618,143.26344409039118,
New Zealand 2017,B,Pakuranga,1.190502369445735,354.22,1.0,raked,equal sd,0.0,position logit,1,1.2914719581604004,1.00395,558.92,1.0,42.456,13.164688147729413,432.69585851799457,
New Zealand 2017,B,Pakuranga,1.190502369445735,354.22,1.0,raked,equal sd,0.0,odds-ratio logit,1,0.6181082725524902,1.01478,255.25,0.0,17.36,14.703341013824886,412.86595266485773,
New Zealand 2017,B,Pakuranga,1.190502369445735,354.22,1.0,raked,equal sd,0.0,adjusted row,1,1.129974603652954,1.0078,522.13,0.0,15.48,33.729328165374675,461.95907064457197,
New Zealand 2017,B,Pakuranga,1.190502369445735,354.22,1.0,raked,equal sd,0.0,adjusted table,1,2.8274924755096436,1.01062,307.338,0.0,25.304,12.145826746759408,108.69110475870391,
New Zealand 2017,B,Pakuranga,1.190502369445735,35422.0,1.0,raked,equal sd,0.0,position logit,1,0.5407018661499023,1.00688,551.558,0.0,17.992,30.655735882614493,1019.8125447471366,
New Zealand 2017,B,Pakuranga,1.190502369445735,35422.0,1.0,raked,equal sd,0.0,odds-ratio logit,1,0.4244844913482666,1.00583,504.135,0.0,13.392,37.64448924731183,1187.0545080884929,
New Zealand 2017,B,Pakuranga,1.190502369445735,35422.0,1.0,raked,equal sd,0.0,adjusted row,1,0.7771039009094238,1.00641,339.144,0.0,13.672,24.80573434757168,436.1335227857641,
New Zealand 2017,B,Pakuranga,1.190502369445735,35422.0,1.0,raked,equal sd,0.0,adjusted table,1,2.252148151397705,1.00826,224.089,0.0,16.52,13.564709443099273,99.49167847087884,
New Zealand 2017,B,Pakuranga,1.190502369445735,3542200.0,1.0,raked,equal sd,0.0,position logit,1,0.6382019519805908,1.00366,571.217,0.0,14.536,39.29671161254816,894.6347287381876,
New Zealand 2017,B,Pakuranga,1.190502369445735,3542200.0,1.0,raked,equal sd,0.0,odds-ratio logit,1,0.4641444683074951,1.00168,609.033,0.0,13.984,43.55213100686499,1311.7037244880983,
New Zealand 2017,B,Pakuranga,1.190502369445735,3542200.0,1.0,raked,equal sd,0.0,adjusted row,1,0.7705869674682617,1.00565,486.921,0.0,13.768,35.3661388727484,631.7733993054588,
New Zealand 2017,B,Pakuranga,1.190502369445735,3542200.0,1.0,raked,equal sd,0.0,adjusted table,1,2.2242531776428223,1.00368,180.24,0.0,18.16,9.92511013215859,81.02883357403206,
senc,A,Columbus WACCAMAW,1.0819679615372548,1708.0,0.5,indep,equal sd,1.5665994789205886e-15,position logit,1,0.18424510955810547,1.00044,862.654,0.0,6.604,130.6259842519685,4678.775945058313,
senc,A,Columbus WACCAMAW,1.0819679615372548,1708.0,0.5,indep,equal sd,1.5665994789205886e-15,odds-ratio logit,1,0.22053170204162598,1.00049,931.061,0.0,6.84,136.1200292397661,4219.12770280353,
senc,A,Columbus WACCAMAW,1.0819679615372548,1708.0,0.5,indep,equal sd,1.5665994789205886e-15,adjusted row,1,0.2729065418243408,1.00147,895.865,0.0,7.58,118.18799472295514,3281.0896823633784,
senc,A,Columbus WACCAMAW,1.0819679615372548,1708.0,0.5,indep,equal sd,1.5665994789205886e-15,adjusted table,1,0.4667665958404541,1.00196,450.719,0.0,9.264,48.652741796200345,965.3573313983147,
senc,A,Columbus WACCAMAW,1.0819679615372548,1708.0,0.5,raked,equal sd,0.0,position logit,1,0.1694014072418213,1.00046,1328.54,0.0,6.476,205.14823965410747,7836.5559212730195,
senc,A,Columbus WACCAMAW,1.0819679615372548,1708.0,0.5,raked,equal sd,0.0,odds-ratio logit,1,0.1673586368560791,1.00172,936.073,0.0,6.7,139.71238805970148,5588.343752096959,
senc,A,Columbus WACCAMAW,1.0819679615372548,1708.0,0.5,raked,equal sd,0.0,adjusted row,1,0.263106107711792,1.00436,828.141,0.0,8.316,99.58405483405483,3146.035711962901,
senc,A,Columbus WACCAMAW,1.0819679615372548,1708.0,0.5,raked,equal sd,0.0,adjusted table,1,0.6126720905303955,1.00069,812.088,0.0,12.78,63.543661971830986,1325.064265138589,
senc,A,Columbus WACCAMAW,1.0819679615372548,1708.0,0.5,national,equal sd,3.60818228993465,position logit,1,0.15896248817443848,0.999636,1116.29,0.0,6.508,171.5258143822987,7016.7708161200835,
senc,A,Columbus WACCAMAW,1.0819679615372548,1708.0,0.5,national,equal sd,3.60818228993465,odds-ratio logit,1,0.15397334098815918,1.00101,1303.48,0.0,6.816,191.23826291079814,8457.724272555979,
senc,A,Columbus WACCAMAW,1.0819679615372548,1708.0,0.5,national,equal sd,3.60818228993465,adjusted row,1,0.25510740280151367,1.00299,846.728,0.0,7.5,112.89706666666666,3316.162832812455,
senc,A,Columbus WACCAMAW,1.0819679615372548,1708.0,0.5,national,equal sd,3.60818228993465,adjusted table,1,0.5414903163909912,1.00362,620.854,0.0,9.88,62.839473684210525,1146.2856773919777,
senc,A,Columbus WACCAMAW,1.0819679615372548,1708.0,0.5,national,interactions only,0.0360818228993465,position logit,1,0.16380715370178223,0.999801,1055.8,0.0,6.716,157.20667063728408,6439.778905410416,
senc,A,Columbus WACCAMAW,1.0819679615372548,1708.0,0.5,national,interactions only,0.0360818228993465,odds-ratio logit,1,0.1793205738067627,1.00305,1055.46,0.0,6.696,157.62544802867384,5881.058981483696,
senc,A,Columbus WACCAMAW,1.0819679615372548,1708.0,0.5,national,interactions only,0.0360818228993465,adjusted row,1,0.24169182777404785,1.00223,1041.22,0.0,7.112,146.40326209223846,4304.315766167821,
senc,A,Columbus WACCAMAW,1.0819679615372548,1708.0,0.5,national,interactions only,0.0360818228993465,adjusted table,1,0.4415774345397949,1.00037,781.095,0.0,8.072,96.76598116947474,1768.3072324990933,
senc,A,Columbus WACCAMAW,1.0819679615372548,1708.0,2.0,indep,equal sd,3.9164986973014714e-16,position logit,1,0.595757246017456,1.00794,458.83,0.0,42.72,10.740402621722847,769.9867343213737,
senc,A,Columbus WACCAMAW,1.0819679615372548,1708.0,2.0,indep,equal sd,3.9164986973014714e-16,odds-ratio logit,1,0.24685072898864746,1.00734,388.839,1.0,13.574,28.645867098865477,1574.3732303539882,
senc,A,Columbus WACCAMAW,1.0819679615372548,1708.0,2.0,indep,equal sd,3.9164986973014714e-16,adjusted row,1,0.3173825740814209,1.00304,651.864,0.0,10.308,63.23864959254948,2052.870655596351,
senc,A,Columbus WACCAMAW,1.0819679615372548,1708.0,2.0,indep,equal sd,3.9164986973014714e-16,adjusted table,1,0.7099981307983398,1.00428,561.654,0.0,12.44,45.14903536977492,790.8749635124519,
senc,A,Columbus WACCAMAW,1.0819679615372548,1708.0,2.0,raked,equal sd,0.0,position logit,1,0.5330264568328857,1.01238,327.938,0.0,31.694,10.347005742411813,615.0014554448982,
senc,A,Columbus WACCAMAW,1.0819679615372548,1708.0,2.0,raked,equal sd,0.0,odds-ratio logit,1,0.2538645267486572,1.00812,258.567,1.0,11.888,21.750252355316285,1017.8505853819232,
senc,A,Columbus WACCAMAW,1.0819679615372548,1708.0,2.0,raked,equal sd,0.0,adjusted row,1,0.3046901226043701,1.00514,388.81,0.0,9.576,40.60254803675856,1275.4556091700872,
senc,A,Columbus WACCAMAW,1.0819679615372548,1708.0,2.0,raked,equal sd,0.0,adjusted table,1,0.7197659015655518,1.00153,512.353,0.0,14.016,36.554865867579906,711.6970422888875,
senc,A,Columbus WACCAMAW,1.0819679615372548,1708.0,2.0,national,equal sd,0.9020455724836625,position logit,1,0.4790959358215332,1.01343,362.261,2.0,20.443,17.72054003815487,755.9137565198271,
senc,A,Columbus WACCAMAW,1.0819679615372548,1708.0,2.0,national,equal sd,0.9020455724836625,odds-ratio logit,1,0.29703259468078613,1.01907,230.54,0.0,13.536,17.03161938534279,775.7583405216677,
senc,A,Columbus WACCAMAW,1.0819679615372548,1708.0,2.0,national,equal sd,0.9020455724836625,adjusted row,1,0.35143017768859863,1.00622,430.854,0.0,11.752,36.662185159972765,1225.1962784537218,
senc,A,Columbus WACCAMAW,1.0819679615372548,1708.0,2.0,national,equal sd,0.9020455724836625,adjusted table,1,0.6789751052856445,1.01345,329.323,0.0,12.212,26.967163445791023,484.6301634783829,
senc,A,Columbus WACCAMAW,1.0819679615372548,1708.0,2.0,national,interactions only,0.0360818228993465,position logit,1,0.7976911067962646,1.00426,468.359,2.0,43.297,10.817354551123636,586.9727884123342,
senc,A,Columbus WACCAMAW,1.0819679615372548,1708.0,2.0,national,interactions only,0.0360818228993465,odds-ratio logit,1,0.38680243492126465,1.00337,465.2,2.0,18.571,25.0498088417425,1201.7892785717409,
senc,A,Columbus WACCAMAW,1.0819679615372548,1708.0,2.0,national,interactions only,0.0360818228993465,adjusted row,1,0.30819058418273926,1.00276,781.226,0.0,6.94,112.56858789625359,2533.2235554229255,
senc,A,Columbus WACCAMAW,1.0819679615372548,1708.0,2.0,national,interactions only,0.0360818228993465,adjusted table,1,0.6186566352844238,1.00247,629.223,0.0,8.808,71.43767029972751,1016.8553766894273,
senc,A,New Hanover HARNETT 1,3.004193017772698,1625.0,0.5,indep,equal sd,8.20864598990772e-16,position logit,1,0.18458151817321777,1.00174,1234.92,0.0,6.732,183.44028520499108,6685.368832442103,
senc,A,New Hanover HARNETT 1,3.004193017772698,1625.0,0.5,indep,equal sd,8.20864598990772e-16,odds-ratio logit,1,0.19096779823303223,1.00116,1249.61,0.0,6.364,196.35606536769328,6538.81276542338,
senc,A,New Hanover HARNETT 1,3.004193017772698,1625.0,0.5,indep,equal sd,8.20864598990772e-16,adjusted row,1,0.23474383354187012,0.999532,1260.97,0.0,6.818,184.94719859196246,5368.065107145286,
senc,A,New Hanover HARNETT 1,3.004193017772698,1625.0,0.5,indep,equal sd,8.20864598990772e-16,adjusted table,1,0.4554407596588135,1.00177,720.082,0.0,10.584,68.03495842781557,1580.3100889077953,
senc,A,New Hanover HARNETT 1,3.004193017772698,1625.0,0.5,raked,equal sd,2.526802997389775e-14,position logit,1,0.1768202781677246,1.00111,992.085,0.0,6.868,144.45034944670937,5606.1765851292585,
senc,A,New Hanover HARNETT 1,3.004193017772698,1625.0,0.5,raked,equal sd,2.526802997389775e-14,odds-ratio logit,1,0.16582584381103516,1.00071,1325.34,0.0,6.808,194.67391304347825,7984.726652331478,
senc,A,New Hanover HARNETT 1,3.004193017772698,1625.0,0.5,raked,equal sd,2.526802997389775e-14,adjusted row,1,0.28920698165893555,1.00091,1048.03,0.0,8.14,128.75061425061423,3622.0622023292567,
senc,A,New Hanover HARNETT 1,3.004193017772698,1625.0,0.5,raked,equal sd,2.526802997389775e-14,adjusted table,1,0.6004047393798828,1.00329,652.778,0.0,11.808,55.28268970189702,1086.9825974409782,
senc,A,New Hanover HARNETT 1,3.004193017772698,1625.0,0.5,national,equal sd,7.314919771865619,position logit,1,0.17081761360168457,1.00074,1303.87,0.0,6.732,193.6824123588829,7627.352722140245,
senc,A,New Hanover HARNETT 1,3.004193017772698,1625.0,0.5,national,equal sd,7.314919771865619,odds-ratio logit,1,0.16839957237243652,1.00187,1186.32,0.0,6.848,173.2359813084112,7039.510836699267,
senc,A,New Hanover HARNETT 1,3.004193017772698,1625.0,0.5,national,equal sd,7.314919771865619,adjusted row,1,0.2933628559112549,1.00016,909.893,0.0,7.104,128.0817849099099,3099.208015481553,
senc,A,New Hanover HARNETT 1,3.004193017772698,1625.0,0.5,national,equal sd,7.314919771865619,adjusted table,1,0.6605896949768066,1.00225,749.323,0.0,11.86,63.180691399662734,1134.104990957871,
senc,A,New Hanover HARNETT 1,3.004193017772698,1625.0,0.5,national,interactions only,0.07314919771865619,position logit,1,0.3641185760498047,1.1616,4.69796,273.0,11.888,0.3951850605652759,12.897424608760709,
senc,A,New Hanover HARNETT 1,3.004193017772698,1625.0,0.5,national,interactions only,0.07314919771865619,odds-ratio logit,1,0.9834380149841309,1.15753,5.60947,550.0,13.827,0.405689592825631,5.703084085463522,
senc,A,New Hanover HARNETT 1,3.004193017772698,1625.0,0.5,national,interactions only,0.07314919771865619,adjusted row,1,2.6899707317352295,1.14352,6.22944,275.0,98.644,0.06315072381493046,2.315685364244867,
senc,A,New Hanover HARNETT 1,3.004193017772698,1625.0,0.5,national,interactions only,0.07314919771865619,adjusted table,1,1.3384439945220947,2.56763,1.15306,900.0,10.875,0.10602850574712644,0.8613894824824584,
senc,A,New Hanover HARNETT 1,3.004193017772698,1625.0,2.0,indep,equal sd,2.05216149747693e-16,position logit,1,0.18511271476745605,1.00024,808.043,0.0,6.964,116.03144744399769,4362.022393377385,
senc,A,New Hanover HARNETT 1,3.004193017772698,1625.0,2.0,indep,equal sd,2.05216149747693e-16,odds-ratio logit,1,0.17700815200805664,1.00028,690.366,0.0,6.972,99.01979345955249,3896.944162552739,
senc,A,New Hanover HARNETT 1,3.004193017772698,1625.0,2.0,indep,equal sd,2.05216149747693e-16,adjusted row,1,0.2581324577331543,1.00276,906.457,0.0,7.132,127.09716769489624,3507.682689384755,
senc,A,New Hanover HARNETT 1,3.004193017772698,1625.0,2.0,indep,equal sd,2.05216149747693e-16,adjusted table,1,0.617957592010498,1.00322,613.879,0.0,12.112,50.683536988110966,993.1852984599196,
senc,A,New Hanover HARNETT 1,3.004193017772698,1625.0,2.0,raked,equal sd,6.317007493474438e-15,position logit,1,0.1770191192626953,1.00111,650.945,0.0,6.912,94.17607060185186,3672.9296240921135,
senc,A,New Hanover HARNETT 1,3.004193017772698,1625.0,2.0,raked,equal sd,6.317007493474438e-15,odds-ratio logit,1,0.18755841255187988,1.00493,631.007,0.0,8.432,74.83479601518026,3361.8994671639284,
senc,A,New Hanover HARNETT 1,3.004193017772698,1625.0,2.0,raked,equal sd,6.317007493474438e-15,adjusted row,1,0.26754260063171387,1.00449,663.898,0.0,7.516,88.33129324108569,2479.603736597928,
senc,A,New Hanover HARNETT 1,3.004193017772698,1625.0,2.0,raked,equal sd,6.317007493474438e-15,adjusted table,1,0.5745668411254883,1.00315,460.269,0.0,11.308,40.702953661124866,800.8878420616812,
senc,A,New Hanover HARNETT 1,3.004193017772698,1625.0,2.0,national,equal sd,1.8287299429664048,position logit,1,0.1703333854675293,1.00155,763.211,0.0,6.896,110.67444895591647,4475.358565576326,
senc,A,New Hanover HARNETT 1,3.004193017772698,1625.0,2.0,national,equal sd,1.8287299429664048,odds-ratio logit,1,0.2041029930114746,1.0034,595.218,0.0,7.248,82.12168874172184,2913.7170767560906,
senc,A,New Hanover HARNETT 1,3.004193017772698,1625.0,2.0,national,equal sd,1.8287299429664048,adjusted row,1,0.24559664726257324,1.00138,822.181,0.0,7.644,107.55900052328624,3344.9183838597037,
senc,A,New Hanover HARNETT 1,3.004193017772698,1625.0,2.0,national,equal sd,1.8287299429664048,adjusted table,1,0.6140027046203613,1.00196,722.598,0.0,11.916,60.64098690835851,1176.5899425221717,
senc,A,New Hanover HARNETT 1,3.004193017772698,1625.0,2.0,national,interactions only,0.07314919771865619,position logit,1,2.2524771690368652,1.06541,34.5256,0.0,181.64,0.19007707553402334,15.326359464904634,
senc,A,New Hanover HARNETT 1,3.004193017772698,1625.0,2.0,national,interactions only,0.07314919771865619,odds-ratio logit,1,1.7510488033294678,1.13423,27.7017,395.0,129.814,0.21339531945706935,15.81747077472142,
senc,A,New Hanover HARNETT 1,3.004193017772698,1625.0,2.0,national,interactions only,0.07314919771865619,adjusted row,1,1.1576638221740723,1.2316,4.76614,671.0,11.384,0.41867006324666195,4.115914793318307,
senc,A,New Hanover HARNETT 1,3.004193017772698,1625.0,2.0,national,interactions only,0.07314919771865619,adjusted table,1,1.492734670639038,1.20476,11.8615,59.0,34.803,0.34081832025974773,7.945413168301162,
senc,A,New Hanover WILMINGTON 20,3.57114389231319,1590.0,0.5,indep,equal sd,7.456791362014895e-16,position logit,1,0.20970416069030762,1.00019,1287.8,0.0,6.616,194.64933494558645,6137.396761218247,
senc,A,New Hanover WILMINGTON 20,3.57114389231319,1590.0,0.5,indep,equal sd,7.456791362014895e-16,odds-ratio logit,1,0.17080974578857422,1.00104,1206.56,0.0,6.784,177.85377358490567,7054.1752521459375,
senc,A,New Hanover WILMINGTON 20,3.57114389231319,1590.0,0.5,indep,equal sd,7.456791362014895e-16,adjusted row,1,0.22168660163879395,1.00085,1190.92,0.0,6.944,171.50345622119818,5368.6066993972645,
senc,A,New Hanover WILMINGTON 20,3.57114389231319,1590.0,0.5,indep,equal sd,7.456791362014895e-16,adjusted table,1,0.4104170799255371,1.00062,827.42,0.0,8.748,94.58390489254687,2015.0002297382348,
senc,A,New Hanover WILMINGTON 20,3.57114389231319,1590.0,0.5,raked,equal sd,0.0,position logit,1,0.1674940586090088,1.00103,876.936,0.0,6.848,128.0572429906542,5229.527927522962,
senc,A,New Hanover WILMINGTON 20,3.57114389231319,1590.0,0.5,raked,equal sd,0.0,odds-ratio logit,1,0.1739208698272705,1.00278,973.536,0.0,6.736,144.52731591448932,5591.853922829159,
senc,A,New Hanover WILMINGTON 20,3.57114389231319,1590.0,0.5,raked,equal sd,0.0,adjusted row,1,0.26386237144470215,1.00172,817.957,0.0,8.208,99.6536306042885,3098.387043599907,
senc,A,New Hanover WILMINGTON 20,3.57114389231319,1590.0,0.5,raked,equal sd,0.0,adjusted table,1,0.619128942489624,1.00492,667.686,0.0,12.956,51.534887310898434,1078.0406954577581,
senc,A,New Hanover WILMINGTON 20,3.57114389231319,1590.0,0.5,national,equal sd,9.520085529429773,position logit,1,0.18752288818359375,1.00075,1292.78,0.0,6.64,194.69578313253012,6886.262969888622,
senc,A,New Hanover WILMINGTON 20,3.57114389231319,1590.0,0.5,national,equal sd,9.520085529429773,odds-ratio logit,1,0.15673184394836426,0.999533,1256.95,0.0,6.636,189.41380349608198,8010.86507240431,
senc,A,New Hanover WILMINGTON 20,3.57114389231319,1590.0,0.5,national,equal sd,9.520085529429773,adjusted row,1,0.2674257755279541,1.00484,1063.75,0.0,7.86,135.33715012722647,3974.5713855574627,
senc,A,New Hanover WILMINGTON 20,3.57114389231319,1590.0,0.5,national,equal sd,9.520085529429773,adjusted table,1,0.6591017246246338,1.00082,780.425,0.0,9.872,79.05439627228525,1183.7709296320672,
senc,A,New Hanover WILMINGTON 20,3.57114389231319,1590.0,0.5,national,interactions only,0.09520085529429771,position logit,1,0.4952993392944336,1.03495,64.6964,638.0,10.117,6.394820598991795,130.55827655842316,
senc,A,New Hanover WILMINGTON 20,3.57114389231319,1590.0,0.5,national,interactions only,0.09520085529429771,odds-ratio logit,1,0.5731117725372314,1.06572,18.6376,579.0,20.966,0.8889440045788418,32.51085274516507,
senc,A,New Hanover WILMINGTON 20,3.57114389231319,1590.0,0.5,national,interactions only,0.09520085529429771,adjusted row,1,0.467329740524292,1.02112,62.2752,524.0,13.038,4.776438104003681,133.19764797052937,
senc,A,New Hanover WILMINGTON 20,3.57114389231319,1590.0,0.5,national,interactions only,0.09520085529429771,adjusted table,1,12.187891960144043,101913390366909.0,1.00604,826.0,309.729,0.003248129816710738,0.08254268960402907,
senc,A,New Hanover WILMINGTON 20,3.57114389231319,1590.0,2.0,indep,equal sd,1.8641978405037237e-16,position logit,1,0.18549513816833496,1.00115,656.985,0.0,6.838,96.07853173442527,3538.3572898053103,
senc,A,New Hanover WILMINGTON 20,3.57114389231319,1590.0,2.0,indep,equal sd,1.8641978405037237e-16,odds-ratio logit,1,0.1802525520324707,1.00186,571.645,0.0,6.924,82.55993645291738,3169.0295656955095,
senc,A,New Hanover WILMINGTON 20,3.57114389231319,1590.0,2.0,indep,equal sd,1.8641978405037237e-16,adjusted row,1,0.3073539733886719,1.00444,622.913,0.0,7.056,88.28132086167801,2025.583316704966,
senc,A,New Hanover WILMINGTON 20,3.57114389231319,1590.0,2.0,indep,equal sd,1.8641978405037237e-16,adjusted table,1,0.633502721786499,1.00207,588.696,0.0,11.884,49.536856277347695,928.9648483374593,
senc,A,New Hanover WILMINGTON 20,3.57114389231319,1590.0,2.0,raked,equal sd,0.0,position logit,1,0.18174314498901367,1.00147,515.897,0.0,7.036,73.32248436611712,2835.6959677093,
senc,A,New Hanover WILMINGTON 20,3.57114389231319,1590.0,2.0,raked,equal sd,0.0,odds-ratio logit,1,0.1923365592956543,1.00448,440.799,0.0,11.284,39.06407302375044,2290.2606940183136,
senc,A,New Hanover WILMINGTON 20,3.57114389231319,1590.0,2.0,raked,equal sd,0.0,adjusted row,1,0.2799968719482422,1.00227,581.215,0.0,8.888,65.39322682268227,2074.824649926507,
senc,A,New Hanover WILMINGTON 20,3.57114389231319,1590.0,2.0,raked,equal sd,0.0,adjusted table,1,0.6575348377227783,1.00148,556.413,0.0,12.868,43.240052844264845,845.9545500374085,
senc,A,New Hanover WILMINGTON 20,3.57114389231319,1590.0,2.0,national,equal sd,2.380021382357443,position logit,1,0.1842491626739502,1.0001,522.714,0.0,7.248,72.11837748344371,2833.837976284095,
senc,A,New Hanover WILMINGTON 20,3.57114389231319,1590.0,2.0,national,equal sd,2.380021382357443,odds-ratio logit,1,0.21102476119995117,1.01453,394.327,0.0,7.104,55.50774211711712,1867.4074677090284,
senc,A,New Hanover WILMINGTON 20,3.57114389231319,1590.0,2.0,national,equal sd,2.380021382357443,adjusted row,1,0.28750133514404297,1.00736,511.522,0.0,7.812,65.47900665642601,1778.3595585082353,
senc,A,New Hanover WILMINGTON 20,3.57114389231319,1590.0,2.0,national,equal sd,2.380021382357443,adjusted table,1,0.7262592315673828,1.00377,413.42,0.0,11.976,34.52070808283233,569.1148078624076,
senc,A,New Hanover WILMINGTON 20,3.57114389231319,1590.0,2.0,national,interactions only,0.09520085529429771,position logit,1,0.42848730087280273,1.08788,7.51664,610.0,17.012,0.44184340465553723,17.53218325616158,
senc,A,New Hanover WILMINGTON 20,3.57114389231319,1590.0,2.0,national,interactions only,0.09520085529429771,odds-ratio logit,1,0.7433311939239502,1.06012,58.212,258.0,48.107,1.2100525910990085,78.29821915204955,
senc,A,New Hanover WILMINGTON 20,3.57114389231319,1590.0,2.0,national,interactions only,0.09520085529429771,adjusted row,1,1.012418508529663,1.01753,65.1658,571.0,15.69,4.153333333333333,64.35821965798864,
senc,A,New Hanover WILMINGTON 20,3.57114389231319,1590.0,2.0,national,interactions only,0.09520085529429771,adjusted table,1,3.8312511444091797,380178621814492.0,1.00604,993.0,53.511,0.018800620433181963,0.26256781745713215,
senc,A,Brunswick LONGWOOD,4.1954221882515075,2375.0,0.5,indep,equal sd,1.681701854439316e-15,position logit,1,0.20008301734924316,1.00145,1005.7,0.0,6.876,146.26236183827808,5021.136439742838,
senc,A,Brunswick LONGWOOD,4.1954221882515075,2375.0,0.5,indep,equal sd,1.681701854439316e-15,odds-ratio logit,1,0.22194719314575195,1.00035,1053.71,0.0,6.876,153.24461896451425,4744.253023503459,
senc,A,Brunswick LONGWOOD,4.1954221882515075,2375.0,0.5,indep,equal sd,1.681701854439316e-15,adjusted row,1,0.30381083488464355,1.00256,894.253,0.0,7.868,113.6569649211998,2940.589482932398,
senc,A,Brunswick LONGWOOD,4.1954221882515075,2375.0,0.5,indep,equal sd,1.681701854439316e-15,adjusted table,1,0.46413183212280273,1.00195,680.648,0.0,8.708,78.16352779053744,1466.0543116626218,
senc,A,Brunswick LONGWOOD,4.1954221882515075,2375.0,0.5,raked,equal sd,0.0,position logit,1,0.17712926864624023,1.00173,948.064,0.0,6.936,136.6874279123414,5348.180713117907,
senc,A,Brunswick LONGWOOD,4.1954221882515075,2375.0,0.5,raked,equal sd,0.0,odds-ratio logit,1,0.20702862739562988,1.00258,910.894,0.0,6.924,131.55603697284806,4396.347140008654,
senc,A,Brunswick LONGWOOD,4.1954221882515075,2375.0,0.5,raked,equal sd,0.0,adjusted row,1,0.2780730724334717,1.00107,786.001,0.0,7.576,103.74881203801479,2825.26887122495,
senc,A,Brunswick LONGWOOD,4.1954221882515075,2375.0,0.5,raked,equal sd,0.0,adjusted table,1,0.7321436405181885,1.00223,614.492,0.0,11.836,51.917201757350455,839.1415644455094,
senc,A,Brunswick LONGWOOD,4.1954221882515075,2375.0,0.5,national,equal sd,12.137685058386962,position logit,1,0.20931720733642578,0.999338,1348.3,0.0,6.728,200.4013079667063,6434.837914609973,
senc,A,Brunswick LONGWOOD,4.1954221882515075,2375.0,0.5,national,equal sd,12.137685058386962,odds-ratio logit,1,0.20650148391723633,1.00152,1037.89,0.0,6.568,158.02222898903779,5021.016329346795,
senc,A,Brunswick LONGWOOD,4.1954221882515075,2375.0,0.5,national,equal sd,12.137685058386962,adjusted row,1,0.31523776054382324,1.00457,889.778,0.0,7.228,123.10154952960708,2821.2130949906827,
senc,A,Brunswick LONGWOOD,4.1954221882515075,2375.0,0.5,national,equal sd,12.137685058386962,adjusted table,1,0.6086373329162598,1.00509,737.0,0.0,11.0,67.0,1210.213379833392,
senc,A,Brunswick LONGWOOD,4.1954221882515075,2375.0,0.5,national,interactions only,0.12137685058386961,position logit,1,0.8574399948120117,1.00611,103.666,222.0,78.618,1.318603882062632,120.87036394093566,
senc,A,Brunswick LONGWOOD,4.1954221882515075,2375.0,0.5,national,interactions only,0.12137685058386961,odds-ratio logit,1,0.3814246654510498,1.1613,18.9145,616.0,9.775,1.9349872122762148,49.55269003476607,
senc,A,Brunswick LONGWOOD,4.1954221882515075,2375.0,0.5,national,interactions only,0.12137685058386961,adjusted row,1,0.7790133953094482,1.01194,102.47,649.0,15.254,6.717582273502033,131.49406714670118,
senc,A,Brunswick LONGWOOD,4.1954221882515075,2375.0,0.5,national,interactions only,0.12137685058386961,adjusted table,1,12.780527353286743,70151507585376.0,1.00604,848.0,237.592,0.004234317653793057,0.07871574705644979,
senc,A,Brunswick LONGWOOD,4.1954221882515075,2375.0,2.0,indep,equal sd,4.20425463609829e-16,position logit,1,0.2822072505950928,1.00141,543.628,0.0,12.188,44.603544469970466,1924.7446873682097,
senc,A,Brunswick LONGWOOD,4.1954221882515075,2375.0,2.0,indep,equal sd,4.20425463609829e-16,odds-ratio logit,1,0.21590280532836914,1.01139,311.888,0.0,10.308,30.256887854093907,1443.4967883218444,
senc,A,Brunswick LONGWOOD,4.1954221882515075,2375.0,2.0,indep,equal sd,4.20425463609829e-16,adjusted row,1,0.34006476402282715,1.00453,438.624,0.0,9.98,43.95030060120241,1289.273516285491,
senc,A,Brunswick LONGWOOD,4.1954221882515075,2375.0,2.0,indep,equal sd,4.20425463609829e-16,adjusted table,1,0.7095966339111328,1.00624,605.796,0.0,12.8,47.3278125,853.5585038089266,
senc,A,Brunswick LONGWOOD,4.1954221882515075,2375.0,2.0,raked,equal sd,0.0,position logit,1,0.4765462875366211,1.00864,397.563,0.0,27.268,14.57983717177644,834.0102517745536,
senc,A,Brunswick LONGWOOD,4.1954221882515075,2375.0,2.0,raked,equal sd,0.0,odds-ratio logit,1,0.2691481113433838,1.01616,294.775,0.0,10.404,28.332852748942713,1093.9957028598933,
senc,A,Brunswick LONGWOOD,4.1954221882515075,2375.0,2.0,raked,equal sd,0.0,adjusted row,1,0.3134465217590332,1.00178,444.91,0.0,10.136,43.8940410418311,1418.8008827476303,
senc,A,Brunswick LONGWOOD,4.1954221882515075,2375.0,2.0,raked,equal sd,0.0,adjusted table,1,0.6599862575531006,1.0013,629.563,0.0,12.54,50.204385964912284,953.677883223895,
senc,A,Brunswick LONGWOOD,4.1954221882515075,2375.0,2.0,national,equal sd,3.0344212645967406,position logit,1,0.9484210014343262,1.02975,67.9532,4.0,14.601,4.6540099993151145,71.63865092134579,
senc,A,Brunswick LONGWOOD,4.1954221882515075,2375.0,2.0,national,equal sd,3.0344212645967406,odds-ratio logit,1,0.29709315299987793,1.02462,72.5574,0.0,13.228,5.485137586936801,244.09101288888175,
senc,A,Brunswick LONGWOOD,4.1954221882515075,2375.0,2.0,national,equal sd,3.0344212645967406,adjusted row,1,0.347123384475708,1.007,272.051,0.0,12.444,21.862021857923494,783.1141041119055,
senc,A,Brunswick LONGWOOD,4.1954221882515075,2375.0,2.0,national,equal sd,3.0344212645967406,adjusted table,1,0.6535470485687256,1.01031,281.548,0.0,13.428,20.967232648197793,430.7108045147939,
senc,A,Brunswick LONGWOOD,4.1954221882515075,2375.0,2.0,national,interactions only,0.12137685058386961,position logit,1,0.8341846466064453,1.02081,79.8111,567.0,18.133,4.401428335079689,95.65258845472351,
senc,A,Brunswick LONGWOOD,4.1954221882515075,2375.0,2.0,national,interactions only,0.12137685058386961,odds-ratio logit,1,0.4791085720062256,1.0199,105.039,586.0,14.893,7.052910763445914,219.16980465993683,
senc,A,Brunswick LONGWOOD,4.1954221882515075,2375.0,2.0,national,interactions only,0.12137685058386961,adjusted row,1,0.9864954948425293,1.01007,87.8573,340.0,40.815,2.152573808648781,89.04630255551858,
senc,A,Brunswick LONGWOOD,4.1954221882515075,2375.0,2.0,national,interactions only,0.12137685058386961,adjusted table,1,15.609659194946289,309811159662624.0,1.00604,643.0,398.557,0.002524206073409826,0.064449050088483,
senc,A,New Hanover WILMINGTON 7,5.382586533684061,1637.0,0.5,indep,equal sd,1.0966196352444118e-14,position logit,1,0.17351245880126953,1.0008,1059.81,0.0,7.044,150.4557069846678,6103.313546572935,
senc,A,New Hanover WILMINGTON 7,5.382586533684061,1637.0,0.5,indep,equal sd,1.0966196352444118e-14,odds-ratio logit,1,0.17600393295288086,1.00244,921.46,0.0,7.068,130.3706847764573,5229.401575822522,
senc,A,New Hanover WILMINGTON 7,5.382586533684061,1637.0,0.5,indep,equal sd,1.0966196352444118e-14,adjusted row,1,0.2760145664215088,0.999802,962.212,0.0,7.096,135.59921082299886,3484.5081789201486,
senc,A,New Hanover WILMINGTON 7,5.382586533684061,1637.0,0.5,indep,equal sd,1.0966196352444118e-14,adjusted table,1,0.5311028957366943,1.00074,899.418,0.0,12.168,73.91666666666667,1693.0737861585994,
senc,A,New Hanover WILMINGTON 7,5.382586533684061,1637.0,0.5,raked,equal sd,0.0,position logit,1,0.18190336227416992,1.0006,856.037,0.0,6.976,122.7117259174312,4702.380885537853,
senc,A,New Hanover WILMINGTON 7,5.382586533684061,1637.0,0.5,raked,equal sd,0.0,odds-ratio logit,1,0.16567373275756836,1.00142,596.899,0.0,7.1,84.07028169014085,3600.091834137643,
senc,A,New Hanover WILMINGTON 7,5.382586533684061,1637.0,0.5,raked,equal sd,0.0,adjusted row,1,0.2398686408996582,1.00297,575.344,0.0,7.504,76.67164179104479,2397.2522826713453,
senc,A,New Hanover WILMINGTON 7,5.382586533684061,1637.0,0.5,raked,equal sd,0.0,adjusted table,1,0.5269935131072998,1.00009,558.416,0.0,11.016,50.69135802469136,1058.8144844134329,
senc,A,New Hanover WILMINGTON 7,5.382586533684061,1637.0,0.5,national,equal sd,13.600436339297053,position logit,1,0.2127842903137207,1.00654,428.97,0.0,6.752,63.53228672985782,2014.4662313708147,
senc,A,New Hanover WILMINGTON 7,5.382586533684061,1637.0,0.5,national,equal sd,13.600436339297053,odds-ratio logit,1,0.17685770988464355,1.00592,537.31,0.0,7.204,74.58495280399778,3035.2359985077296,
senc,A,New Hanover WILMINGTON 7,5.382586533684061,1637.0,0.5,national,equal sd,13.600436339297053,adjusted row,1,0.34286046028137207,0.999979,486.025,0.0,7.512,64.6998136315229,1416.2926671608723,
senc,A,New Hanover WILMINGTON 7,5.382586533684061,1637.0,0.5,national,equal sd,13.600436339297053,adjusted table,1,0.6221325397491455,1.00419,617.874,0.0,10.444,59.16066641133665,992.9452627300607,
senc,A,New Hanover WILMINGTON 7,5.382586533684061,1637.0,0.5,national,interactions only,0.13600436339297053,position logit,1,0.4712216854095459,1.01573,113.879,505.0,9.834,11.580130160667075,241.57028003942864,
senc,A,New Hanover WILMINGTON 7,5.382586533684061,1637.0,0.5,national,interactions only,0.13600436339297053,odds-ratio logit,1,0.2377481460571289,1.00929,111.537,611.0,9.596,11.623280533555649,468.5317850294598,
senc,A,New Hanover WILMINGTON 7,5.382586533684061,1637.0,0.5,national,interactions only,0.13600436339297053,adjusted row,1,0.5722675323486328,1.15381,19.112,691.0,10.846,1.7621242854508572,33.38970572470849,
senc,A,New Hanover WILMINGTON 7,5.382586533684061,1637.0,0.5,national,interactions only,0.13600436339297053,adjusted table,1,10.364466428756714,2.08985,1.24449,619.0,187.347,0.006642700443561946,0.12007116589583477,
senc,A,New Hanover WILMINGTON 7,5.382586533684061,1637.0,2.0,indep,equal sd,2.7415490881110295e-15,position logit,1,0.21648216247558594,1.00453,506.721,0.0,7.856,64.50114562118127,2338.289986229963,
senc,A,New Hanover WILMINGTON 7,5.382586533684061,1637.0,2.0,indep,equal sd,2.7415490881110295e-15,odds-ratio logit,1,0.29105210304260254,1.01055,463.526,0.0,8.876,52.222397476340696,1591.780572716108,
senc,A,New Hanover WILMINGTON 7,5.382586533684061,1637.0,2.0,indep,equal sd,2.7415490881110295e-15,adjusted row,1,0.30549144744873047,1.00683,461.161,0.0,8.84,52.16753393665159,1508.5619167215862,
senc,A,New Hanover WILMINGTON 7,5.382586533684061,1637.0,2.0,indep,equal sd,2.7415490881110295e-15,adjusted table,1,0.6547176837921143,1.00449,506.366,0.0,13.024,38.87945331695332,773.1809020063686,
senc,A,New Hanover WILMINGTON 7,5.382586533684061,1637.0,2.0,raked,equal sd,0.0,position logit,1,0.21881961822509766,1.0068,436.523,0.0,7.228,60.393331488655235,1993.146293874503,
senc,A,New Hanover WILMINGTON 7,5.382586533684061,1637.0,2.0,raked,equal sd,0.0,odds-ratio logit,1,0.2669677734375,1.0043,418.244,0.0,9.406,44.46566021688284,1565.6043764606347,
senc,A,New Hanover WILMINGTON 7,5.382586533684061,1637.0,2.0,raked,equal sd,0.0,adjusted row,1,0.3906586170196533,1.00395,317.015,0.0,11.316,28.01475786496995,811.1455000079305,
senc,A,New Hanover WILMINGTON 7,5.382586533684061,1637.0,2.0,raked,equal sd,0.0,adjusted table,1,0.7100222110748291,1.00188,515.225,0.0,14.7,35.04931972789116,725.4774929819367,
senc,A,New Hanover WILMINGTON 7,5.382586533684061,1637.0,2.0,national,equal sd,3.400109084824263,position logit,1,0.3122677803039551,1.00736,580.703,0.0,9.736,59.64492604765817,1857.8328802835056,
senc,A,New Hanover WILMINGTON 7,5.382586533684061,1637.0,2.0,national,equal sd,3.400109084824263,odds-ratio logit,1,0.2126481533050537,1.0016,396.265,0.0,8.568,46.249416433239965,1861.2548092669904,
senc,A,New Hanover WILMINGTON 7,5.382586533684061,1637.0,2.0,national,equal sd,3.400109084824263,adjusted row,1,0.355726957321167,1.00642,387.666,0.0,8.524,45.47935241670578,1088.9415794741838,
senc,A,New Hanover WILMINGTON 7,5.382586533684061,1637.0,2.0,national,equal sd,3.400109084824263,adjusted table,1,0.724370002746582,1.00701,522.456,0.0,12.436,42.01157928594404,720.905249234383,
senc,A,New Hanover WILMINGTON 7,5.382586533684061,1637.0,2.0,national,interactions only,0.13600436339297053,position logit,1,0.42208433151245117,1.01367,128.977,614.0,15.067,8.560230968341408,305.3503445736222,
senc,A,New Hanover WILMINGTON 7,5.382586533684061,1637.0,2.0,national,interactions only,0.13600436339297053,odds-ratio logit,1,0.36786675453186035,1.02703,134.988,661.0,7.234,18.660215648327345,366.80877050865837,
senc,A,New Hanover WILMINGTON 7,5.382586533684061,1637.0,2.0,national,interactions only,0.13600436339297053,adjusted row,1,0.6612141132354736,1.01729,101.445,612.0,8.308,12.210519980741454,153.37309555864832,
senc,A,New Hanover WILMINGTON 7,5.382586533684061,1637.0,2.0,national,interactions only,0.13600436339297053,adjusted table,1,5.358110666275024,2.25225,1.19614,742.0,97.747,0.012237101905940847,0.22323343515979424,
senc,B,New Hanover WILMINGTON 20,3.57114389231319,15.899999999999999,1.0,raked,equal sd,0.0,position logit,1,0.19222474098205566,1.00399,451.833,0.0,10.268,44.003992987923645,2348.5530511603815,
senc,B,New Hanover WILMINGTON 20,3.57114389231319,15.899999999999999,1.0,raked,equal sd,0.0,odds-ratio logit,1,0.2349090576171875,1.00775,493.128,0.0,11.48,42.95540069686411,2097.8071286842714,
senc,B,New Hanover WILMINGTON 20,3.57114389231319,15.899999999999999,1.0,raked,equal sd,0.0,adjusted row,1,0.3212449550628662,1.00073,493.68,0.0,12.128,40.705804749340366,1536.1065642716298,
senc,B,New Hanover WILMINGTON 20,3.57114389231319,15.899999999999999,1.0,raked,equal sd,0.0,adjusted table,1,0.7034957408905029,1.00465,511.729,0.0,14.164,36.128847783112114,727.2705373667169,
senc,B,New Hanover WILMINGTON 20,3.57114389231319,1590.0,1.0,raked,equal sd,0.0,position logit,1,0.18749451637268066,1.0022,729.468,0.0,7.12,102.45337078651684,3887.1991328562226,
senc,B,New Hanover WILMINGTON 20,3.57114389231319,1590.0,1.0,raked,equal sd,0.0,odds-ratio logit,1,0.21046710014343262,1.00235,601.226,0.0,7.972,75.41721023582538,2854.7739667623646,
senc,B,New Hanover WILMINGTON 20,3.57114389231319,1590.0,1.0,raked,equal sd,0.0,adjusted row,1,0.24004483222961426,1.00478,673.891,0.0,7.128,94.54138608305274,2805.7802241285863,
senc,B,New Hanover WILMINGTON 20,3.57114389231319,1590.0,1.0,raked,equal sd,0.0,adjusted table,1,0.6395139694213867,1.00201,464.225,0.0,11.612,39.97803995866345,725.6728709293425,
senc,B,New Hanover WILMINGTON 20,3.57114389231319,159000.0,1.0,raked,equal sd,2.960594732333751e-16,position logit,1,0.22350859642028809,1.00006,664.168,0.0,6.688,99.30741626794259,2966.9718419232495,
senc,B,New Hanover WILMINGTON 20,3.57114389231319,159000.0,1.0,raked,equal sd,2.960594732333751e-16,odds-ratio logit,1,0.19649672508239746,1.00124,595.821,0.0,6.648,89.62409747292419,3030.049340089263,
senc,B,New Hanover WILMINGTON 20,3.57114389231319,159000.0,1.0,raked,equal sd,2.960594732333751e-16,adjusted row,1,0.23790502548217773,1.00472,722.395,0.0,6.904,104.63426998841251,3034.672257457118,
senc,B,New Hanover WILMINGTON 20,3.57114389231319,159000.0,1.0,raked,equal sd,2.960594732333751e-16,adjusted table,1,0.6029365062713623,0.999957,579.276,0.0,12.076,47.96919509771447,960.5375826025833,
redistrict,A,district 1 precinct 2,0.8947656331578311,604.0,0.5,indep,equal sd,0.0,position logit,1,0.17538189888000488,0.999435,1294.41,0.0,6.756,191.5941385435169,7374.226692691037,
redistrict,A,district 1 precinct 2,0.8947656331578311,604.0,0.5,indep,equal sd,0.0,odds-ratio logit,1,0.24587345123291016,1.00081,1362.94,0.0,6.66,204.64564564564566,5536.07005739841,
redistrict,A,district 1 precinct 2,0.8947656331578311,604.0,0.5,indep,equal sd,0.0,adjusted row,1,0.274522066116333,1.0009,935.826,0.0,6.748,138.68197984588025,3407.15271499589,
redistrict,A,district 1 precinct 2,0.8947656331578311,604.0,0.5,indep,equal sd,0.0,adjusted table,1,0.48906898498535156,1.01076,611.68,0.0,8.756,69.85838282320694,1250.271377906172,
redistrict,A,district 1 precinct 2,0.8947656331578311,604.0,0.5,national,equal sd,3.081533833290149,position logit,1,0.18489289283752441,0.999737,1069.67,0.0,6.824,156.75117233294256,5777.809606430834,
redistrict,A,district 1 precinct 2,0.8947656331578311,604.0,0.5,national,equal sd,3.081533833290149,odds-ratio logit,1,0.17359209060668945,1.0001,1309.3,0.0,6.7,195.4179104477612,7531.636298204181,
redistrict,A,district 1 precinct 2,0.8947656331578311,604.0,0.5,national,equal sd,3.081533833290149,adjusted row,1,0.24615263938903809,1.00198,903.262,0.0,6.86,131.67084548104955,3667.4950747263574,
redistrict,A,district 1 precinct 2,0.8947656331578311,604.0,0.5,national,equal sd,3.081533833290149,adjusted table,1,0.5244584083557129,1.00112,407.065,0.0,8.124,50.10647464303298,775.970344614761,
redistrict,A,district 1 precinct 2,0.8947656331578311,604.0,0.5,national,interactions only,0.030815338332901492,position logit,1,0.16948819160461426,1.00283,1168.55,0.0,6.704,174.30638424821004,6888.098358241257,
redistrict,A,district 1 precinct 2,0.8947656331578311,604.0,0.5,national,interactions only,0.030815338332901492,odds-ratio logit,1,0.2356274127960205,1.00216,1441.52,0.0,6.568,219.47624847746653,6112.221770532373,
redistrict,A,district 1 precinct 2,0.8947656331578311,604.0,0.5,national,interactions only,0.030815338332901492,adjusted row,1,0.29770660400390625,1.0012,1225.31,0.0,6.828,179.45371997656707,4114.012086095047,
redistrict,A,district 1 precinct 2,0.8947656331578311,604.0,0.5,national,interactions only,0.030815338332901492,adjusted table,1,0.4413294792175293,1.00382,562.124,0.0,7.984,70.40631262525051,1273.3049560020156,
redistrict,A,district 1 precinct 2,0.8947656331578311,604.0,2.0,indep,equal sd,0.0,position logit,1,0.47740602493286133,1.00795,385.444,0.0,13.456,28.644768133174793,807.0365372178851,
redistrict,A,district 1 precinct 2,0.8947656331578311,604.0,2.0,indep,equal sd,0.0,odds-ratio logit,1,0.29192256927490234,1.00819,395.298,0.0,14.032,28.17118015963512,1353.4108178111478,
redistrict,A,district 1 precinct 2,0.8947656331578311,604.0,2.0,indep,equal sd,0.0,adjusted row,1,0.46018409729003906,1.00757,159.492,0.0,13.652,11.682683855845298,346.4846602620811,
redistrict,A,district 1 precinct 2,0.8947656331578311,604.0,2.0,indep,equal sd,0.0,adjusted table,1,0.7350006103515625,1.00311,519.305,0.0,13.076,39.71436219027225,706.395907260451,
redistrict,A,district 1 precinct 2,0.8947656331578311,604.0,2.0,national,equal sd,0.7703834583225373,position logit,1,0.45864129066467285,1.00099,318.407,0.0,24.712,12.884711880867593,693.9489608025411,
redistrict,A,district 1 precinct 2,0.8947656331578311,604.0,2.0,national,equal sd,0.7703834583225373,odds-ratio logit,1,0.3007223606109619,1.01066,393.281,0.0,14.112,27.86855158730159,1306.478432282975,
redistrict,A,district 1 precinct 2,0.8947656331578311,604.0,2.0,national,equal sd,0.7703834583225373,adjusted row,1,0.3875267505645752,1.00895,461.671,0.0,12.884,35.83289351133188,1190.8952443760554,
redistrict,A,district 1 precinct 2,0.8947656331578311,604.0,2.0,national,equal sd,0.7703834583225373,adjusted table,1,0.8566920757293701,1.00174,410.412,0.0,13.02,31.521658986175115,478.92493034024847,
redistrict,A,district 1 precinct 2,0.8947656331578311,604.0,2.0,national,interactions only,0.030815338332901492,position logit,1,0.5820662975311279,1.007,292.971,0.0,25.032,11.703859060402685,503.0931051570332,
redistrict,A,district 1 precinct 2,0.8947656331578311,604.0,2.0,national,interactions only,0.030815338332901492,odds-ratio logit,1,0.38156986236572266,1.01122,299.32,0.0,14.312,20.913918390162102,783.9864622478616,
redistrict,A,district 1 precinct 2,0.8947656331578311,604.0,2.0,national,interactions only,0.030815338332901492,adjusted row,1,0.4601283073425293,1.01333,209.193,0.0,13.08,15.993348623853212,454.3559469014726,
redistrict,A,district 1 precinct 2,0.8947656331578311,604.0,2.0,national,interactions only,0.030815338332901492,adjusted table,1,0.8567917346954346,1.00526,482.056,0.0,12.344,39.05184705119896,562.5394478086749,
redistrict,A,district 2 precinct 78,2.1625870393747535,661.0,0.5,indep,equal sd,0.0,position logit,1,0.18024516105651855,1.00354,1220.8,0.0,6.668,183.0833833233353,6764.863449383812,
redistrict,A,district 2 precinct 78,2.1625870393747535,661.0,0.5,indep,equal sd,0.0,odds-ratio logit,1,0.1641218662261963,1.00335,1074.87,0.0,6.764,158.91040804257833,6539.253727709717,
redistrict,A,district 2 precinct 78,2.1625870393747535,661.0,0.5,indep,equal sd,0.0,adjusted row,1,0.2625141143798828,0.999852,1213.92,0.0,6.82,177.9941348973607,4619.802952943162,
redistrict,A,district 2 precinct 78,2.1625870393747535,661.0,0.5,indep,equal sd,0.0,adjusted table,1,0.5468473434448242,1.00094,488.178,0.0,9.516,51.30075662042875,892.444624743989,
redistrict,A,district 2 precinct 78,2.1625870393747535,661.0,0.5,national,equal sd,7.346990198409898,position logit,1,0.20917558670043945,1.00158,1285.77,0.0,6.672,192.7113309352518,6139.553652918756,
redistrict,A,district 2 precinct 78,2.1625870393747535,661.0,0.5,national,equal sd,7.346990198409898,odds-ratio logit,1,0.16920113563537598,0.999772,1403.78,0.0,6.68,210.14670658682635,8289.624761703632,
redistrict,A,district 2 precinct 78,2.1625870393747535,661.0,0.5,national,equal sd,7.346990198409898,adjusted row,1,0.3202075958251953,1.00139,818.355,0.0,7.34,111.4925068119891,2553.5358175015826,
redistrict,A,district 2 precinct 78,2.1625870393747535,661.0,0.5,national,equal sd,7.346990198409898,adjusted table,1,0.6718788146972656,1.00404,469.656,0.0,10.792,43.51890289103039,698.8782992254041,
redistrict,A,district 2 precinct 78,2.1625870393747535,661.0,0.5,national,interactions only,0.07346990198409897,position logit,1,0.16208672523498535,0.999505,1153.08,0.0,6.664,173.031212484994,7106.359614263946,
redistrict,A,district 2 precinct 78,2.1625870393747535,661.0,0.5,national,interactions only,0.07346990198409897,odds-ratio logit,1,0.16159629821777344,1.0024,968.348,0.0,6.58,147.16534954407294,5987.389827953121,
redistrict,A,district 2 precinct 78,2.1625870393747535,661.0,0.5,national,interactions only,0.07346990198409897,adjusted row,1,0.24905776977539062,1.00043,736.801,0.0,6.884,107.03094131319001,2956.420823264362,
redistrict,A,district 2 precinct 78,2.1625870393747535,661.0,0.5,national,interactions only,0.07346990198409897,adjusted table,1,0.5001547336578369,1.00338,843.554,0.0,7.512,112.29419595314164,1686.12309247385,
redistrict,A,district 2 precinct 78,2.1625870393747535,661.0,2.0,indep,equal sd,0.0,position logit,1,0.28194570541381836,1.00348,655.516,0.0,9.512,68.91463414634146,2323.5283168559818,
redistrict,A,district 2 precinct 78,2.1625870393747535,661.0,2.0,indep,equal sd,0.0,odds-ratio logit,1,0.18992948532104492,1.00619,402.702,0.0,7.396,54.44862087614927,2118.808248919932,
redistrict,A,district 2 precinct 78,2.1625870393747535,661.0,2.0,indep,equal sd,0.0,adjusted row,1,0.33538818359375,1.01103,404.402,0.0,9.312,43.42804982817869,1205.2862855421206,
redistrict,A,district 2 precinct 78,2.1625870393747535,661.0,2.0,indep,equal sd,0.0,adjusted table,1,0.6776418685913086,1.0004,398.749,0.0,10.468,38.092185708826904,588.2135079428498,
redistrict,A,district 2 precinct 78,2.1625870393747535,661.0,2.0,national,equal sd,1.8367475496024745,position logit,1,0.26111531257629395,1.00731,433.295,0.0,11.0,39.390454545454546,1658.4424150461296,
redistrict,A,district 2 precinct 78,2.1625870393747535,661.0,2.0,national,equal sd,1.8367475496024745,odds-ratio logit,1,0.23807549476623535,1.00408,349.222,0.0,10.28,33.97101167315175,1465.8748869006872,
redistrict,A,district 2 precinct 78,2.1625870393747535,661.0,2.0,national,equal sd,1.8367475496024745,adjusted row,1,0.33761096000671387,1.01445,304.977,0.0,9.404,32.43056146320714,903.0024997056269,
redistrict,A,district 2 precinct 78,2.1625870393747535,661.0,2.0,national,equal sd,1.8367475496024745,adjusted table,1,0.7201967239379883,1.00726,473.553,0.0,11.676,40.55781089414183,657.2352006861472,
redistrict,A,district 2 precinct 78,2.1625870393747535,661.0,2.0,national,interactions only,0.07346990198409897,position logit,1,0.2382209300994873,1.00382,578.115,0.0,12.912,44.773466542750924,2425.454631529039,
redistrict,A,district 2 precinct 78,2.1625870393747535,661.0,2.0,national,interactions only,0.07346990198409897,odds-ratio logit,1,0.29926252365112305,1.00601,371.272,1.0,12.053,30.803285489089852,1239.5802398941614,
redistrict,A,district 2 precinct 78,2.1625870393747535,661.0,2.0,national,interactions only,0.07346990198409897,adjusted row,1,0.3475615978240967,1.00053,367.201,0.0,9.184,39.98268728222997,1055.775495208351,
redistrict,A,district 2 precinct 78,2.1625870393747535,661.0,2.0,national,interactions only,0.07346990198409897,adjusted table,1,0.5931487083435059,1.00154,478.785,0.0,8.072,59.314296333002986,807.0121498263343,
redistrict,A,district 4 precinct 13,3.5048408535413333,523.0000000000001,0.5,indep,equal sd,4.1209734608675373e-16,position logit,1,0.17110157012939453,1.00072,1464.31,0.0,6.788,215.72038892162638,8546.973708531581,
redistrict,A,district 4 precinct 13,3.5048408535413333,523.0000000000001,0.5,indep,equal sd,4.1209734608675373e-16,odds-ratio logit,1,0.18951702117919922,0.999492,1500.52,0.0,6.78,221.31563421828906,7912.294733104944,
redistrict,A,district 4 precinct 13,3.5048408535413333,523.0000000000001,0.5,indep,equal sd,4.1209734608675373e-16,adjusted row,1,0.2547016143798828,1.00105,1290.97,0.0,6.756,191.08496151568974,5065.751168391824,
redistrict,A,district 4 precinct 13,3.5048408535413333,523.0000000000001,0.5,indep,equal sd,4.1209734608675373e-16,adjusted table,1,0.45352792739868164,1.0019,574.304,0.0,9.628,59.64935604486913,1265.6241882543327,
redistrict,A,district 4 precinct 13,3.5048408535413333,523.0000000000001,0.5,national,equal sd,9.14880027480817,position logit,1,0.16881918907165527,1.00041,1183.13,0.0,6.528,181.23927696078434,7002.9661967641105,
redistrict,A,district 4 precinct 13,3.5048408535413333,523.0000000000001,0.5,national,equal sd,9.14880027480817,odds-ratio logit,1,0.2395005226135254,1.0033,1343.83,0.0,6.724,199.85574063057703,5604.352232143212,
redistrict,A,district 4 precinct 13,3.5048408535413333,523.0000000000001,0.5,national,equal sd,9.14880027480817,adjusted row,1,0.34800052642822266,1.00212,804.668,0.0,6.928,116.14722863741339,2311.315517537462,
redistrict,A,district 4 precinct 13,3.5048408535413333,523.0000000000001,0.5,national,equal sd,9.14880027480817,adjusted table,1,0.5150091648101807,1.0027,518.273,0.0,8.104,63.952739387956576,1005.9555593053901,
redistrict,A,district 4 precinct 13,3.5048408535413333,523.0000000000001,0.5,national,interactions only,0.09148800274808169,position logit,1,1.2703039646148682,1.15779,9.19741,219.0,62.732,0.1466143276158898,7.239381960522323,
redistrict,A,district 4 precinct 13,3.5048408535413333,523.0000000000001,0.5,national,interactions only,0.09148800274808169,odds-ratio logit,1,1.4479517936706543,1.00372,93.7504,0.0,190.608,0.4918492403256946,64.73642867576328,
redistrict,A,district 4 precinct 13,3.5048408535413333,523.0000000000001,0.5,national,interactions only,0.09148800274808169,adjusted row,1,2.486234188079834,1.07226,13.6367,338.0,98.308,0.1387140415835944,5.484584905067667,
redistrict,A,district 4 precinct 13,3.5048408535413333,523.0000000000001,0.5,national,interactions only,0.09148800274808169,adjusted table,1,3.1753437519073486,2.74378,1.12747,859.0,45.506,0.024776293236056783,0.3550456395485071,
redistrict,A,district 4 precinct 13,3.5048408535413333,523.0000000000001,2.0,indep,equal sd,1.0302433652168843e-16,position logit,1,0.21334481239318848,1.00016,604.946,0.0,7.436,81.35368477676171,2831.1592950173786,
redistrict,A,district 4 precinct 13,3.5048408535413333,523.0000000000001,2.0,indep,equal sd,1.0302433652168843e-16,odds-ratio logit,1,0.21889233589172363,1.00256,1091.25,0.0,6.904,158.06054461181924,4977.596351167503,
redistrict,A,district 4 precinct 13,3.5048408535413333,523.0000000000001,2.0,indep,equal sd,1.0302433652168843e-16,adjusted row,1,0.341585636138916,1.00215,626.774,0.0,8.208,76.36135477582846,1834.1595416528,
redistrict,A,district 4 precinct 13,3.5048408535413333,523.0000000000001,2.0,indep,equal sd,1.0302433652168843e-16,adjusted table,1,0.7186193466186523,1.00239,417.91,0.0,11.248,37.15416073968706,581.3615120612737,
redistrict,A,district 4 precinct 13,3.5048408535413333,523.0000000000001,2.0,national,equal sd,2.2872000687020426,position logit,1,0.20067167282104492,0.999803,968.67,0.0,6.772,143.04046072061428,4818.465589349057,
redistrict,A,district 4 precinct 13,3.5048408535413333,523.0000000000001,2.0,national,equal sd,2.2872000687020426,odds-ratio logit,1,0.24565863609313965,1.00224,1137.31,0.0,6.692,169.95068738792588,4623.595788983952,
redistrict,A,district 4 precinct 13,3.5048408535413333,523.0000000000001,2.0,national,equal sd,2.2872000687020426,adjusted row,1,0.4035367965698242,1.00129,856.752,0.0,6.98,122.74383954154726,2122.4366207179646,
redistrict,A,district 4 precinct 13,3.5048408535413333,523.0000000000001,2.0,national,equal sd,2.2872000687020426,adjusted table,1,0.7293977737426758,1.00196,449.576,0.0,10.696,42.03216155572177,616.2298512885002,
redistrict,A,district 4 precinct 13,3.5048408535413333,523.0000000000001,2.0,national,interactions only,0.09148800274808169,position logit,1,0.6410865783691406,1.10688,11.6397,506.0,32.293,0.3604403431084136,18.147864083611754,
redistrict,A,district 4 precinct 13,3.5048408535413333,523.0000000000001,2.0,national,interactions only,0.09148800274808169,odds-ratio logit,1,0.6892063617706299,1.22122,4.08031,541.0,15.292,0.2668264452001046,5.918864924620682,
redistrict,A,district 4 precinct 13,3.5048408535413333,523.0000000000001,2.0,national,interactions only,0.09148800274808169,adjusted row,1,0.9746205806732178,1.31678,2.27568,226.0,27.864,0.08167097329888028,2.3346235812864076,
redistrict,A,district 4 precinct 13,3.5048408535413333,523.0000000000001,2.0,national,interactions only,0.09148800274808169,adjusted table,1,15.423585891723633,589393186348052.0,1.00604,725.0,331.06,0.0030388449223705673,0.06522637646948364,
redistrict,A,district 1 precinct 93,4.530953648111615,579.0,0.5,indep,equal sd,0.0,position logit,1,0.1944141387939453,1.00174,1145.38,0.0,6.768,169.23463356973997,5886.441311710829,
redistrict,A,district 1 precinct 93,4.530953648111615,579.0,0.5,indep,equal sd,0.0,odds-ratio logit,1,0.18509626388549805,0.999418,1278.18,0.0,6.804,187.85714285714286,6899.826492232174,
redistrict,A,district 1 precinct 93,4.530953648111615,579.0,0.5,indep,equal sd,0.0,adjusted row,1,0.25269436836242676,1.00204,807.969,0.0,7.612,106.14411455596428,3194.0768329203524,
redistrict,A,district 1 precinct 93,4.530953648111615,579.0,0.5,indep,equal sd,0.0,adjusted table,1,0.4106888771057129,1.00183,923.539,0.0,7.116,129.78344575604274,2248.0197652488105,
redistrict,A,district 1 precinct 93,4.530953648111615,579.0,0.5,national,equal sd,13.775301392894587,position logit,1,0.24546122550964355,1.00121,892.613,0.0,6.94,128.61858789625362,3632.319937162128,
redistrict,A,district 1 precinct 93,4.530953648111615,579.0,0.5,national,equal sd,13.775301392894587,odds-ratio logit,1,0.20879077911376953,1.0018,1094.2,0.0,6.856,159.59743290548425,5236.467217992953,
redistrict,A,district 1 precinct 93,4.530953648111615,579.0,0.5,national,equal sd,13.775301392894587,adjusted row,1,0.3072640895843506,1.00133,524.755,0.0,10.092,51.997126436781606,1706.9404997398076,
redistrict,A,district 1 precinct 93,4.530953648111615,579.0,0.5,national,equal sd,13.775301392894587,adjusted table,1,0.7374851703643799,1.01012,292.785,0.0,12.216,23.967337917485267,396.8655148059946,
redistrict,A,district 1 precinct 93,4.530953648111615,579.0,0.5,national,interactions only,0.13775301392894584,position logit,1,0.5198302268981934,1.02311,101.251,623.0,11.946,8.475724091746192,194.72962890460036,
redistrict,A,district 1 precinct 93,4.530953648111615,579.0,0.5,national,interactions only,0.13775301392894584,odds-ratio logit,1,0.2893242835998535,1.01732,84.624,767.0,5.519,15.33321253850335,292.3585557599215,
redistrict,A,district 1 precinct 93,4.530953648111615,579.0,0.5,national,interactions only,0.13775301392894584,adjusted row,1,0.45340704917907715,1.25306,7.97086,787.0,6.539,1.2189723199265943,17.57369239263436,
redistrict,A,district 1 precinct 93,4.530953648111615,579.0,0.5,national,interactions only,0.13775301392894584,adjusted table,1,150.021253824234,inf,0.0,,,,,TimeoutError
redistrict,A,district 1 precinct 93,4.530953648111615,579.0,2.0,indep,equal sd,0.0,position logit,1,0.26550722122192383,1.00328,591.914,0.0,9.068,65.27503308337009,2227.774240369844,
redistrict,A,district 1 precinct 93,4.530953648111615,579.0,2.0,indep,equal sd,0.0,odds-ratio logit,1,0.20641565322875977,1.00362,592.55,0.0,8.98,65.98552338530067,2867.6201442501288,
redistrict,A,district 1 precinct 93,4.530953648111615,579.0,2.0,indep,equal sd,0.0,adjusted row,1,0.36269640922546387,1.00224,503.932,0.0,10.388,48.510974201001154,1388.9178043569686,
redistrict,A,district 1 precinct 93,4.530953648111615,579.0,2.0,indep,equal sd,0.0,adjusted table,1,0.4871673583984375,1.00044,479.893,0.0,9.548,50.26110180142438,984.7933358083426,
redistrict,A,district 1 precinct 93,4.530953648111615,579.0,2.0,national,equal sd,3.4438253482236467,position logit,1,0.7990059852600098,1.00358,392.411,0.0,42.35,9.265903187721369,491.040169191544,
redistrict,A,district 1 precinct 93,4.530953648111615,579.0,2.0,national,equal sd,3.4438253482236467,odds-ratio logit,1,0.34593868255615234,1.05184,24.4518,0.0,12.248,1.9963912475506205,70.6435674408705,
redistrict,A,district 1 precinct 93,4.530953648111615,579.0,2.0,national,equal sd,3.4438253482236467,adjusted row,1,0.39240503311157227,1.00436,520.125,0.0,11.788,44.1232609433322,1324.6590037197475,
redistrict,A,district 1 precinct 93,4.530953648111615,579.0,2.0,national,equal sd,3.4438253482236467,adjusted table,1,0.7100937366485596,1.00497,490.251,0.0,13.016,37.66525814382299,690.2493310045978,
redistrict,A,district 1 precinct 93,4.530953648111615,579.0,2.0,national,interactions only,0.13775301392894584,position logit,1,0.5539951324462891,1.03884,79.6871,542.0,24.3,3.2793045267489713,143.78355641391082,
redistrict,A,district 1 precinct 93,4.530953648111615,579.0,2.0,national,interactions only,0.13775301392894584,odds-ratio logit,1,0.41008615493774414,1.02044,92.7274,662.0,18.04,5.1400997782705105,226.0355301236455,
redistrict,A,district 1 precinct 93,4.530953648111615,579.0,2.0,national,interactions only,0.13775301392894584,adjusted row,1,0.8424146175384521,1.01538,135.732,567.0,28.66,4.735938590369853,161.0979853113375,
redistrict,A,district 1 precinct 93,4.530953648111615,579.0,2.0,national,interactions only,0.13775301392894584,adjusted table,1,150.01970529556274,inf,0.0,,,,,TimeoutError
redistrict,A,district 1 precinct 92,6.0696875101617795,591.0,0.5,indep,equal sd,0.0,position logit,1,0.18256497383117676,1.00068,1228.94,0.0,6.856,179.2502917152859,6725.969946122279,
redistrict,A,district 1 precinct 92,6.0696875101617795,591.0,0.5,indep,equal sd,0.0,odds-ratio logit,1,0.23442673683166504,1.00461,807.879,0.0,8.144,99.19928781925344,3444.2805780187477,
redistrict,A,district 1 precinct 92,6.0696875101617795,591.0,0.5,indep,equal sd,0.0,adjusted row,1,0.26282167434692383,1.00121,860.534,0.0,7.836,109.81801939765185,3271.9507271547145,
redistrict,A,district 1 precinct 92,6.0696875101617795,591.0,0.5,indep,equal sd,0.0,adjusted table,1,0.5782063007354736,1.00095,628.383,0.0,10.444,60.166890080428956,1086.2590055260277,
redistrict,A,district 1 precinct 92,6.0696875101617795,591.0,0.5,national,equal sd,18.91474236666684,position logit,1,0.38038158416748047,1.07622,16.6258,0.0,30.152,0.5513995754842134,43.69101705395273,
redistrict,A,district 1 precinct 92,6.0696875101617795,591.0,0.5,national,equal sd,18.91474236666684,odds-ratio logit,1,0.39224863052368164,1.18008,6.18764,0.0,27.796,0.22260900849043028,15.768809735708462,
redistrict,A,district 1 precinct 92,6.0696875101617795,591.0,0.5,national,equal sd,18.91474236666684,adjusted row,1,0.5247728824615479,1.26349,6.50652,0.0,16.984,0.38309703250117755,12.395508265276183,
redistrict,A,district 1 precinct 92,6.0696875101617795,591.0,0.5,national,equal sd,18.91474236666684,adjusted table,1,1.2163949012756348,1.13942,10.7446,0.0,21.356,0.5031185615283761,8.832091682616234,
redistrict,A,district 1 precinct 92,6.0696875101617795,591.0,0.5,national,interactions only,0.18914742366666837,position logit,1,0.477902889251709,1.02255,196.823,391.0,27.07,7.270890284447728,411.72217962085284,
redistrict,A,district 1 precinct 92,6.0696875101617795,591.0,0.5,national,interactions only,0.18914742366666837,odds-ratio logit,1,0.359161376953125,1.01632,93.8814,463.0,19.205,4.8883832335329345,261.28737676604334,
redistrict,A,district 1 precinct 92,6.0696875101617795,591.0,0.5,national,interactions only,0.18914742366666837,adjusted row,1,0.4774749279022217,1.02361,106.173,724.0,7.979,13.306554706103523,222.2868105937707,
redistrict,A,district 1 precinct 92,6.0696875101617795,591.0,0.5,national,interactions only,0.18914742366666837,adjusted table,1,71.93670296669006,2.09944,1.23566,349.0,515.548,0.0023967894357072475,0.017177005656301123,
redistrict,A,district 1 precinct 92,6.0696875101617795,591.0,2.0,indep,equal sd,0.0,position logit,1,0.3351140022277832,1.00187,408.253,1.0,13.438,30.380488167882124,1217.7806413225678,
redistrict,A,district 1 precinct 92,6.0696875101617795,591.0,2.0,indep,equal sd,0.0,odds-ratio logit,1,0.24123549461364746,1.00444,314.388,0.0,13.072,24.05048959608323,1302.5317384740301,
redistrict,A,district 1 precinct 92,6.0696875101617795,591.0,2.0,indep,equal sd,0.0,adjusted row,1,0.33521175384521484,1.00777,423.954,0.0,10.308,41.12863795110594,1264.1073209476513,
redistrict,A,district 1 precinct 92,6.0696875101617795,591.0,2.0,indep,equal sd,0.0,adjusted table,1,0.7751984596252441,1.00336,493.871,0.0,13.788,35.818900493182475,636.9209018854465,
redistrict,A,district 1 precinct 92,6.0696875101617795,591.0,2.0,national,equal sd,4.72868559166671,position logit,1,1.0820982456207275,1.02969,76.0569,0.0,80.288,0.9473009665205261,70.27748971083427,
redistrict,A,district 1 precinct 92,6.0696875101617795,591.0,2.0,national,equal sd,4.72868559166671,odds-ratio logit,1,0.4006028175354004,1.02087,93.163,0.0,22.544,4.13249645138396,232.48314093423068,
redistrict,A,district 1 precinct 92,6.0696875101617795,591.0,2.0,national,equal sd,4.72868559166671,adjusted row,1,0.5068416595458984,1.00404,192.88,0.0,14.024,13.753565316600115,380.44647139211884,
redistrict,A,district 1 precinct 92,6.0696875101617795,591.0,2.0,national,equal sd,4.72868559166671,adjusted table,1,1.09196138381958,1.02578,93.2654,0.0,18.096,5.153923519009726,85.4000810116059,
redistrict,A,district 1 precinct 92,6.0696875101617795,591.0,2.0,national,interactions only,0.18914742366666837,position logit,1,0.8567600250244141,1.02463,134.409,318.0,27.815,4.832248786625921,156.85612484557905,
redistrict,A,district 1 precinct 92,6.0696875101617795,591.0,2.0,national,interactions only,0.18914742366666837,odds-ratio logit,1,0.4241330623626709,1.02705,113.113,648.0,12.836,8.812168899968837,266.598733485168,
redistrict,A,district 1 precinct 92,6.0696875101617795,591.0,2.0,national,interactions only,0.18914742366666837,adjusted row,1,0.5294053554534912,1.01784,92.4104,652.0,9.369,9.863421923364287,174.47926417568328,
redistrict,A,district 1 precinct 92,6.0696875101617795,591.0,2.0,national,interactions only,0.18914742366666837,adjusted table,1,150.01409578323364,inf,0.0,,,,,TimeoutError
redistrict,B,district 4 precinct 13,3.5048408535413333,5.23,1.0,indep,equal sd,1.1702778228589004e-16,position logit,1,0.1853325366973877,1.00164,388.711,0.0,8.104,47.9653257650543,2095.653221741489,
redistrict,B,district 4 precinct 13,3.5048408535413333,5.23,1.0,indep,equal sd,1.1702778228589004e-16,odds-ratio logit,1,0.2595505714416504,1.01309,346.405,0.0,10.476,33.06653302787323,1333.2218838360156,
redistrict,B,district 4 precinct 13,3.5048408535413333,5.23,1.0,indep,equal sd,1.1702778228589004e-16,adjusted row,1,0.3442807197570801,1.0074,318.81,0.0,11.592,27.502587991718425,925.0137890473407,
redistrict,B,district 4 precinct 13,3.5048408535413333,5.23,1.0,indep,equal sd,1.1702778228589004e-16,adjusted table,1,0.7497656345367432,1.00402,494.67,0.0,15.416,32.088090295796576,659.5667094595282,
redistrict,B,district 4 precinct 13,3.5048408535413333,523.0000000000001,1.0,indep,equal sd,2.0604867304337687e-16,position logit,1,0.1703174114227295,1.00066,1020.24,0.0,6.764,150.83382613837966,5984.530598803149,
redistrict,B,district 4 precinct 13,3.5048408535413333,523.0000000000001,1.0,indep,equal sd,2.0604867304337687e-16,odds-ratio logit,1,0.15660643577575684,1.00288,1075.39,0.0,6.712,160.21901072705603,6861.044765982821,
redistrict,B,district 4 precinct 13,3.5048408535413333,523.0000000000001,1.0,indep,equal sd,2.0604867304337687e-16,adjusted row,1,0.2321610450744629,1.00235,721.747,0.0,7.088,101.82660835214446,3106.925173642271,
redistrict,B,district 4 precinct 13,3.5048408535413333,523.0000000000001,1.0,indep,equal sd,2.0604867304337687e-16,adjusted table,1,0.45370030403137207,1.0024,509.063,0.0,9.62,52.91715176715177,1121.4737900847317,
redistrict,B,district 4 precinct 13,3.5048408535413333,52300.0,1.0,indep,equal sd,0.0,position logit,1,0.1721642017364502,1.00158,1031.73,0.0,6.844,150.74956165984804,5983.900463402897,
redistrict,B,district 4 precinct 13,3.5048408535413333,52300.0,1.0,indep,equal sd,0.0,odds-ratio logit,1,0.16258907318115234,1.00019,1164.79,0.0,6.656,174.99849759615384,7157.860789587039,
redistrict,B,district 4 precinct 13,3.5048408535413333,52300.0,1.0,indep,equal sd,0.0,adjusted row,1,0.29920363426208496,0.999875,967.749,0.0,6.96,139.04439655172413,3232.7647051717436,
redistrict,B,district 4 precinct 13,3.5048408535413333,52300.0,1.0,indep,equal sd,0.0,adjusted table,1,0.6229746341705322,1.00586,416.948,0.0,10.584,39.39417989417989,669.0844100605609,
