dataset,part,area,mismatch,N,sigma_b,centre,prior,conflict_sd,param,seed,seconds,max_rhat,min_ess,div,leapfrogs,ess_per_1000_grad,ess_per_s
Scotland 2007,A,East Lothian,0.8307651283822193,35540.0,0.5,indep,equal sd,0.0,position logit,1,0.3762986660003662,1.00235,727.838,0,7.088,102.6859480812641,1933.5389898565604
Scotland 2007,A,East Lothian,0.8307651283822193,35540.0,0.5,indep,equal sd,0.0,odds-ratio logit,1,0.2638278007507324,1.00308,897.256,0,7.048,127.30646992054483,3396.0141799632006
Scotland 2007,A,East Lothian,0.8307651283822193,35540.0,0.5,indep,equal sd,0.0,adjusted row,1,0.41050171852111816,1.00044,1244.15,0,7.008,177.5328196347032,3030.0871232673085
Scotland 2007,A,East Lothian,0.8307651283822193,35540.0,0.5,indep,equal sd,0.0,adjusted table,1,0.6570284366607666,1.00025,998.337,0,7.032,141.97056313993173,1519.2464637564635
Scotland 2007,A,East Lothian,0.8307651283822193,35540.0,0.5,raked,equal sd,0.0,position logit,1,0.3251221179962158,1.00238,807.202,0,7.832,103.06460674157303,2482.030238594202
Scotland 2007,A,East Lothian,0.8307651283822193,35540.0,0.5,raked,equal sd,0.0,odds-ratio logit,1,0.29236388206481934,1.00373,740.139,0,9.104,81.29822056239017,2530.6412330326925
Scotland 2007,A,East Lothian,0.8307651283822193,35540.0,0.5,raked,equal sd,0.0,adjusted row,1,0.47681570053100586,1.00198,1103.75,0,7.008,157.49857305936072,2314.1310030047202
Scotland 2007,A,East Lothian,0.8307651283822193,35540.0,0.5,raked,equal sd,0.0,adjusted table,1,0.891197681427002,1.00189,996.413,0,7.032,141.69695676905576,1117.869485004653
Scotland 2007,A,East Lothian,0.8307651283822193,35540.0,0.5,national,equal sd,3.464104420357982,position logit,1,0.4073634147644043,1.00404,709.478,0,7.944,89.30991943605235,1741.2243905891603
Scotland 2007,A,East Lothian,0.8307651283822193,35540.0,0.5,national,equal sd,3.464104420357982,odds-ratio logit,1,0.35294079780578613,1.00256,655.643,0,7.24,90.55842541436465,1856.9446586333124
Scotland 2007,A,East Lothian,0.8307651283822193,35540.0,0.5,national,equal sd,3.464104420357982,adjusted row,1,0.46328139305114746,1.0023,868.078,0,7.472,116.17746252676659,1872.985683610553
Scotland 2007,A,East Lothian,0.8307651283822193,35540.0,0.5,national,equal sd,3.464104420357982,adjusted table,1,0.7957572937011719,1.0028,1014.71,0,7.328,138.47025109170306,1274.9896682272501
Scotland 2007,A,East Lothian,0.8307651283822193,35540.0,0.5,national,interactions only,0.034641044203579816,position logit,1,0.3760867118835449,1.00455,663.115,0,8.792,75.4225432211101,1762.6529140527116
Scotland 2007,A,East Lothian,0.8307651283822193,35540.0,0.5,national,interactions only,0.034641044203579816,odds-ratio logit,1,0.30829644203186035,1.00508,566.385,0,9.864,57.41940389294403,1836.4255203831183
Scotland 2007,A,East Lothian,0.8307651283822193,35540.0,0.5,national,interactions only,0.034641044203579816,adjusted row,1,0.44282031059265137,1.00723,604.116,0,7.976,75.74172517552658,1363.9225193641387
Scotland 2007,A,East Lothian,0.8307651283822193,35540.0,0.5,national,interactions only,0.034641044203579816,adjusted table,1,0.8772549629211426,1.00296,1040.68,0,7.008,148.4988584474886,1186.098933069498
Scotland 2007,A,East Lothian,0.8307651283822193,35540.0,2.0,indep,equal sd,0.0,position logit,1,2.581495523452759,1.00727,411.531,0,98.464,4.179507231069223,159.40946076797357
Scotland 2007,A,East Lothian,0.8307651283822193,35540.0,2.0,indep,equal sd,0.0,odds-ratio logit,1,0.6980476379394531,1.00635,216.749,2,20.221,10.719004994807378,310.4443720983916
Scotland 2007,A,East Lothian,0.8307651283822193,35540.0,2.0,indep,equal sd,0.0,adjusted row,1,0.7935853004455566,1.00449,663.504,0,13.128,50.541133455210236,835.9820655487146
Scotland 2007,A,East Lothian,0.8307651283822193,35540.0,2.0,indep,equal sd,0.0,adjusted table,1,1.119072675704956,1.00305,615.165,0,12.512,49.16600063938618,549.6334916488457
Scotland 2007,A,East Lothian,0.8307651283822193,35540.0,2.0,raked,equal sd,0.0,position logit,1,2.8628146648406982,1.01211,242.507,1,134.24,1.8065181764004767,84.7057212947912
Scotland 2007,A,East Lothian,0.8307651283822193,35540.0,2.0,raked,equal sd,0.0,odds-ratio logit,1,0.9241368770599365,1.01043,292.36,0,40.2,7.272636815920398,316.3085697835967
Scotland 2007,A,East Lothian,0.8307651283822193,35540.0,2.0,raked,equal sd,0.0,adjusted row,1,0.8854990005493164,1.00963,353.257,0,15.192,23.252830437072145,398.84992583224783
Scotland 2007,A,East Lothian,0.8307651283822193,35540.0,2.0,raked,equal sd,0.0,adjusted table,1,1.1228461265563965,1.0123,417.062,0,12.944,32.22048825710754,371.36004656168944
Scotland 2007,A,East Lothian,0.8307651283822193,35540.0,2.0,national,equal sd,0.8660261050894955,position logit,1,2.815580368041992,1.0125,302.252,1,115.694,2.6125123169740867,107.34489528380331
Scotland 2007,A,East Lothian,0.8307651283822193,35540.0,2.0,national,equal sd,0.8660261050894955,odds-ratio logit,1,0.8847270011901855,1.01305,237.962,2,29.386,8.097801674266657,268.9348415165556
Scotland 2007,A,East Lothian,0.8307651283822193,35540.0,2.0,national,equal sd,0.8660261050894955,adjusted row,1,0.7151997089385986,1.00452,474.598,0,14.928,31.792470525187568,663.4788162595296
Scotland 2007,A,East Lothian,0.8307651283822193,35540.0,2.0,national,equal sd,0.8660261050894955,adjusted table,1,1.2476727962493896,1.00633,513.113,0,13.88,36.967795389048995,411.2240788241045
Scotland 2007,A,East Lothian,0.8307651283822193,35540.0,2.0,national,interactions only,0.034641044203579816,position logit,1,8.769135475158691,1.00536,355.063,0,540.984,0.6563280984280495,40.48962570129937
Scotland 2007,A,East Lothian,0.8307651283822193,35540.0,2.0,national,interactions only,0.034641044203579816,odds-ratio logit,1,1.4119970798492432,1.00767,219.033,1,61.453,3.5642360828600714,155.11184185629514
Scotland 2007,A,East Lothian,0.8307651283822193,35540.0,2.0,national,interactions only,0.034641044203579816,adjusted row,1,0.6929264068603516,1.01861,296.671,0,14.904,19.90546162104133,428.07675068976476
Scotland 2007,A,East Lothian,0.8307651283822193,35540.0,2.0,national,interactions only,0.034641044203579816,adjusted table,1,0.8612151145935059,1.00152,588.891,0,7.056,83.45960884353741,683.6250452838774
Scotland 2007,A,Aberdeen North,1.2941015370518785,26064.0,0.5,indep,equal sd,2.5618982671915017e-15,position logit,1,0.2676584720611572,1.00221,756.261,0,7.012,107.85239589275528,2824.3052623301137
Scotland 2007,A,Aberdeen North,1.2941015370518785,26064.0,0.5,indep,equal sd,2.5618982671915017e-15,odds-ratio logit,1,0.3787093162536621,1.00232,852.558,0,7.032,121.23976109215018,2250.422395196934
Scotland 2007,A,Aberdeen North,1.2941015370518785,26064.0,0.5,indep,equal sd,2.5618982671915017e-15,adjusted row,1,0.4762129783630371,1.00304,1156.38,0,7.0,165.19714285714286,2427.7520934178724
Scotland 2007,A,Aberdeen North,1.2941015370518785,26064.0,0.5,indep,equal sd,2.5618982671915017e-15,adjusted table,1,0.6675269603729248,1.00234,804.813,0,7.128,112.90867003367003,1205.4703438794968
Scotland 2007,A,Aberdeen North,1.2941015370518785,26064.0,0.5,raked,equal sd,0.0,position logit,1,0.3140435218811035,1.00257,803.385,0,11.744,68.40812329700273,2556.8395302501795
Scotland 2007,A,Aberdeen North,1.2941015370518785,26064.0,0.5,raked,equal sd,0.0,odds-ratio logit,1,0.26949238777160645,1.00417,663.747,0,7.656,86.69631661442006,2461.9289983206622
Scotland 2007,A,Aberdeen North,1.2941015370518785,26064.0,0.5,raked,equal sd,0.0,adjusted row,1,0.4327080249786377,1.00273,955.17,0,7.0,136.45285714285714,2206.9216104250377
Scotland 2007,A,Aberdeen North,1.2941015370518785,26064.0,0.5,raked,equal sd,0.0,adjusted table,1,0.8073644638061523,1.00544,1059.9,0,7.0,151.41428571428574,1312.6244913204632
Scotland 2007,A,Aberdeen North,1.2941015370518785,26064.0,0.5,national,equal sd,3.7839605237699288,position logit,1,0.3952145576477051,1.00353,627.85,0,7.144,87.88493840985443,1588.2455836125766
Scotland 2007,A,Aberdeen North,1.2941015370518785,26064.0,0.5,national,equal sd,3.7839605237699288,odds-ratio logit,1,0.29030680656433105,1.00216,542.658,0,7.336,73.97191930207197,1868.5924103022164
Scotland 2007,A,Aberdeen North,1.2941015370518785,26064.0,0.5,national,equal sd,3.7839605237699288,adjusted row,1,0.4296600818634033,1.00489,811.491,0,7.12,113.97345505617977,1888.19208521063
Scotland 2007,A,Aberdeen North,1.2941015370518785,26064.0,0.5,national,equal sd,3.7839605237699288,adjusted table,1,0.80419921875,1.00075,1218.6,0,7.0,174.08571428571426,1515.112459859521
Scotland 2007,A,Aberdeen North,1.2941015370518785,26064.0,0.5,national,interactions only,0.03783960523769929,position logit,1,0.4662816524505615,1.00335,679.601,0,10.464,64.94657874617737,1457.0626875434814
Scotland 2007,A,Aberdeen North,1.2941015370518785,26064.0,0.5,national,interactions only,0.03783960523769929,odds-ratio logit,1,0.26857733726501465,1.00365,563.126,0,7.848,71.75407747196738,2095.8791220654944
Scotland 2007,A,Aberdeen North,1.2941015370518785,26064.0,0.5,national,interactions only,0.03783960523769929,adjusted row,1,0.42778444290161133,1.00243,703.038,0,7.168,98.080078125,1643.0369318693174
Scotland 2007,A,Aberdeen North,1.2941015370518785,26064.0,0.5,national,interactions only,0.03783960523769929,adjusted table,1,0.7178025245666504,1.00055,1401.5,0,6.996,200.32875929102343,1952.1412639084224
Scotland 2007,A,Aberdeen North,1.2941015370518785,26064.0,2.0,indep,equal sd,6.404745667978754e-16,position logit,1,1.1417629718780518,1.00769,547.262,2,61.888,8.84278050672182,479.24809562482994
Scotland 2007,A,Aberdeen North,1.2941015370518785,26064.0,2.0,indep,equal sd,6.404745667978754e-16,odds-ratio logit,1,0.7701072692871094,1.01043,292.232,0,24.212,12.0697174954568,379.42164017918145
Scotland 2007,A,Aberdeen North,1.2941015370518785,26064.0,2.0,indep,equal sd,6.404745667978754e-16,adjusted row,1,0.5570018291473389,1.01279,402.531,0,11.624,34.62930144528561,722.4768572991098
Scotland 2007,A,Aberdeen North,1.2941015370518785,26064.0,2.0,indep,equal sd,6.404745667978754e-16,adjusted table,1,1.0194146633148193,1.00351,541.566,0,10.136,53.42995264404105,531.201234398382
Scotland 2007,A,Aberdeen North,1.2941015370518785,26064.0,2.0,raked,equal sd,0.0,position logit,1,3.027737617492676,1.00654,403.72,0,164.76,2.450352027191066,133.33608491747543
Scotland 2007,A,Aberdeen North,1.2941015370518785,26064.0,2.0,raked,equal sd,0.0,odds-ratio logit,1,0.8312313556671143,1.02104,140.196,0,29.884,4.691339847409985,168.62744548557652
Scotland 2007,A,Aberdeen North,1.2941015370518785,26064.0,2.0,raked,equal sd,0.0,adjusted row,1,0.6812071800231934,1.00595,542.011,0,14.408,37.61875347029428,795.3543334873877
Scotland 2007,A,Aberdeen North,1.2941015370518785,26064.0,2.0,raked,equal sd,0.0,adjusted table,1,1.0278940200805664,1.0028,472.409,0,11.184,42.23971745350501,459.5444412754075
Scotland 2007,A,Aberdeen North,1.2941015370518785,26064.0,2.0,national,equal sd,0.9459901309424822,position logit,1,2.1499099731445312,1.00515,281.58,1,110.855,2.5400748725813,130.96352940328495
Scotland 2007,A,Aberdeen North,1.2941015370518785,26064.0,2.0,national,equal sd,0.9459901309424822,odds-ratio logit,1,0.8203723430633545,1.00729,308.092,0,43.672,7.054680344385419,375.5073331312776
Scotland 2007,A,Aberdeen North,1.2941015370518785,26064.0,2.0,national,equal sd,0.9459901309424822,adjusted row,1,0.7475075721740723,1.00361,515.011,0,14.728,34.96815589353612,688.8771274250956
Scotland 2007,A,Aberdeen North,1.2941015370518785,26064.0,2.0,national,equal sd,0.9459901309424822,adjusted table,1,1.1780574321746826,1.00363,364.257,0,13.68,26.626973684210526,309.1753639352211
Scotland 2007,A,Aberdeen North,1.2941015370518785,26064.0,2.0,national,interactions only,0.03783960523769929,position logit,1,4.632375717163086,1.01861,256.874,3,202.843,1.2663685707665537,55.45024002598846
Scotland 2007,A,Aberdeen North,1.2941015370518785,26064.0,2.0,national,interactions only,0.03783960523769929,odds-ratio logit,1,1.784264087677002,1.02302,145.926,3,74.769,1.9516912089234841,81.77409528665116
Scotland 2007,A,Aberdeen North,1.2941015370518785,26064.0,2.0,national,interactions only,0.03783960523769929,adjusted row,1,0.749220609664917,1.00844,530.172,0,12.504,42.40019193857966,707.5385977623645
Scotland 2007,A,Aberdeen North,1.2941015370518785,26064.0,2.0,national,interactions only,0.03783960523769929,adjusted table,1,0.8474218845367432,1.00436,519.164,0,7.096,73.16290868094701,612.5599095579337
Scotland 2007,A,Argyll and Bute,1.494623524812459,29692.0,0.5,indep,equal sd,0.0,position logit,1,0.2812974452972412,1.00276,909.774,0,7.008,129.8193493150685,3233.088381151531
Scotland 2007,A,Argyll and Bute,1.494623524812459,29692.0,0.5,indep,equal sd,0.0,odds-ratio logit,1,0.3106954097747803,1.00108,1111.09,0,7.0,158.72714285714284,3574.342525927937
Scotland 2007,A,Argyll and Bute,1.494623524812459,29692.0,0.5,indep,equal sd,0.0,adjusted row,1,0.410294771194458,1.00176,1265.25,0,7.0,180.75,3083.0240067018685
Scotland 2007,A,Argyll and Bute,1.494623524812459,29692.0,0.5,indep,equal sd,0.0,adjusted table,1,0.7156515121459961,1.0009,1456.09,0,7.0,208.01285714285714,2034.3305579609007
Scotland 2007,A,Argyll and Bute,1.494623524812459,29692.0,0.5,raked,equal sd,0.0,position logit,1,0.3736095428466797,1.00656,627.569,0,7.688,81.62968262226846,1678.9966945706883
Scotland 2007,A,Argyll and Bute,1.494623524812459,29692.0,0.5,raked,equal sd,0.0,odds-ratio logit,1,0.3261115550994873,1.00504,661.561,0,7.832,84.46897344228806,2027.5237830595663
Scotland 2007,A,Argyll and Bute,1.494623524812459,29692.0,0.5,raked,equal sd,0.0,adjusted row,1,0.5299794673919678,1.00118,956.304,0,7.0,136.61485714285715,1804.0421274748048
Scotland 2007,A,Argyll and Bute,1.494623524812459,29692.0,0.5,raked,equal sd,0.0,adjusted table,1,0.8439178466796875,1.00218,781.709,0,7.256,107.73277287761852,926.1673923154713
Scotland 2007,A,Argyll and Bute,1.494623524812459,29692.0,0.5,national,equal sd,6.027070464531985,position logit,1,0.3095078468322754,1.00296,611.004,0,8.136,75.09882005899706,1973.037150662995
Scotland 2007,A,Argyll and Bute,1.494623524812459,29692.0,0.5,national,equal sd,6.027070464531985,odds-ratio logit,1,0.2913966178894043,1.00435,527.987,0,7.528,70.1364240170032,1811.277070376456
Scotland 2007,A,Argyll and Bute,1.494623524812459,29692.0,0.5,national,equal sd,6.027070464531985,adjusted row,1,0.46156907081604004,1.00602,433.616,0,8.112,53.45364891518737,939.163484390887
Scotland 2007,A,Argyll and Bute,1.494623524812459,29692.0,0.5,national,equal sd,6.027070464531985,adjusted table,1,0.7923786640167236,1.00151,598.862,0,8.344,71.77157238734421,755.6820449153508
Scotland 2007,A,Argyll and Bute,1.494623524812459,29692.0,0.5,national,interactions only,0.06027070464531985,position logit,1,0.31767821311950684,1.00318,672.834,0,10.068,66.82896305125149,2117.3393447185626
Scotland 2007,A,Argyll and Bute,1.494623524812459,29692.0,0.5,national,interactions only,0.06027070464531985,odds-ratio logit,1,0.36436915397644043,1.00285,738.814,0,11.2,65.96553571428572,2026.8593372085188
Scotland 2007,A,Argyll and Bute,1.494623524812459,29692.0,0.5,national,interactions only,0.06027070464531985,adjusted row,1,0.387082576751709,1.00805,770.547,0,7.096,108.58892333709132,1990.1599835265256
Scotland 2007,A,Argyll and Bute,1.494623524812459,29692.0,0.5,national,interactions only,0.06027070464531985,adjusted table,1,0.8406877517700195,1.0015,1111.06,0,7.0,158.72285714285712,1321.2367021444295
Scotland 2007,A,Argyll and Bute,1.494623524812459,29692.0,2.0,indep,equal sd,0.0,position logit,1,1.5569865703582764,1.00932,412.01,0,64.632,6.374706027973758,264.60295757750964
Scotland 2007,A,Argyll and Bute,1.494623524812459,29692.0,2.0,indep,equal sd,0.0,odds-ratio logit,1,0.5787568092346191,1.00769,398.698,0,29.512,13.509690973163458,688.7592470431626
Scotland 2007,A,Argyll and Bute,1.494623524812459,29692.0,2.0,indep,equal sd,0.0,adjusted row,1,0.5616912841796875,1.00512,615.223,0,11.128,55.28603522645578,1095.0981305783355
Scotland 2007,A,Argyll and Bute,1.494623524812459,29692.0,2.0,indep,equal sd,0.0,adjusted table,1,0.9588513374328613,1.00566,653.819,0,11.24,58.16895017793594,681.798509458679
Scotland 2007,A,Argyll and Bute,1.494623524812459,29692.0,2.0,raked,equal sd,0.0,position logit,1,2.19258451461792,1.01268,327.09,2,111.147,2.942859456395584,149.1733300858213
Scotland 2007,A,Argyll and Bute,1.494623524812459,29692.0,2.0,raked,equal sd,0.0,odds-ratio logit,1,0.7031397819519043,1.0088,207.766,1,30.709,6.765638737829301,295.44103557800827
Scotland 2007,A,Argyll and Bute,1.494623524812459,29692.0,2.0,raked,equal sd,0.0,adjusted row,1,0.6780664920806885,1.00666,303.791,0,14.488,20.96845665378244,447.9571820436288
Scotland 2007,A,Argyll and Bute,1.494623524812459,29692.0,2.0,raked,equal sd,0.0,adjusted table,1,1.0585546493530273,1.0062,386.967,0,10.552,36.67238438210766,365.52535851818584
Scotland 2007,A,Argyll and Bute,1.494623524812459,29692.0,2.0,national,equal sd,1.5067676161329961,position logit,1,3.7365386486053467,1.00706,282.922,1,240.85,1.1746813369317004,75.71564080009959
Scotland 2007,A,Argyll and Bute,1.494623524812459,29692.0,2.0,national,equal sd,1.5067676161329961,odds-ratio logit,1,0.8161053657531738,1.01454,180.276,0,34.44,5.234494773519164,220.86136274598292
Scotland 2007,A,Argyll and Bute,1.494623524812459,29692.0,2.0,national,equal sd,1.5067676161329961,adjusted row,1,0.7360868453979492,1.00811,279.611,0,14.36,19.471518105849583,379.77495227415136
Scotland 2007,A,Argyll and Bute,1.494623524812459,29692.0,2.0,national,equal sd,1.5067676161329961,adjusted table,1,1.1179735660552979,1.00993,348.343,0,12.36,28.183090614886734,311.5478142965283
Scotland 2007,A,Argyll and Bute,1.494623524812459,29692.0,2.0,national,interactions only,0.06027070464531985,position logit,1,6.625478267669678,1.0085,263.495,2,362.407,0.7270692895004788,39.76939242378804
Scotland 2007,A,Argyll and Bute,1.494623524812459,29692.0,2.0,national,interactions only,0.06027070464531985,odds-ratio logit,1,1.7055327892303467,1.02028,117.944,0,90.392,1.3048057350207984,69.14964869411966
Scotland 2007,A,Argyll and Bute,1.494623524812459,29692.0,2.0,national,interactions only,0.06027070464531985,adjusted row,1,0.677952766418457,1.00371,395.79,0,14.472,27.34867330016584,583.6479978511326
Scotland 2007,A,Argyll and Bute,1.494623524812459,29692.0,2.0,national,interactions only,0.06027070464531985,adjusted table,1,0.9961168766021729,1.00427,449.372,0,7.092,63.36322617033277,451.0517610539586
Scotland 2007,A,Tweeddale Ettrick and Lauderdale,1.8075139753584968,31141.0,0.5,indep,equal sd,1.6663704229186142e-15,position logit,1,0.2827281951904297,1.00217,1091.08,0,7.004,155.7795545402627,3857.3075155069564
Scotland 2007,A,Tweeddale Ettrick and Lauderdale,1.8075139753584968,31141.0,0.5,indep,equal sd,1.6663704229186142e-15,odds-ratio logit,1,0.3047525882720947,1.00099,1112.32,0,7.0,158.90285714285713,3648.7212411918267
Scotland 2007,A,Tweeddale Ettrick and Lauderdale,1.8075139753584968,31141.0,0.5,indep,equal sd,1.6663704229186142e-15,adjusted row,1,0.4525125026702881,1.0011,1364.79,0,7.0,194.97,3015.378959967509
Scotland 2007,A,Tweeddale Ettrick and Lauderdale,1.8075139753584968,31141.0,0.5,indep,equal sd,1.6663704229186142e-15,adjusted table,1,0.8256092071533203,1.00175,932.217,0,7.04,132.41718749999998,1128.9905880820218
Scotland 2007,A,Tweeddale Ettrick and Lauderdale,1.8075139753584968,31141.0,0.5,raked,equal sd,0.0,position logit,1,0.27396225929260254,1.00687,789.147,0,7.244,108.9380176697957,2879.5004503679065
Scotland 2007,A,Tweeddale Ettrick and Lauderdale,1.8075139753584968,31141.0,0.5,raked,equal sd,0.0,odds-ratio logit,1,0.3022446632385254,1.00298,1181.36,0,7.016,168.38084378563283,3907.3331736013192
Scotland 2007,A,Tweeddale Ettrick and Lauderdale,1.8075139753584968,31141.0,0.5,raked,equal sd,0.0,adjusted row,1,0.5590677261352539,1.00218,990.442,0,7.008,141.33019406392694,1771.0647719874164
Scotland 2007,A,Tweeddale Ettrick and Lauderdale,1.8075139753584968,31141.0,0.5,raked,equal sd,0.0,adjusted table,1,0.9282691478729248,1.0024,953.836,0,7.096,134.41882750845548,1027.3878674616958
Scotland 2007,A,Tweeddale Ettrick and Lauderdale,1.8075139753584968,31141.0,0.5,national,equal sd,6.719512695604821,position logit,1,0.27992939949035645,1.00483,485.973,0,7.456,65.1787821888412,1735.2841001063314
Scotland 2007,A,Tweeddale Ettrick and Lauderdale,1.8075139753584968,31141.0,0.5,national,equal sd,6.719512695604821,odds-ratio logit,1,0.3093738555908203,1.00356,779.682,0,7.264,107.33507709251101,2518.342082494328
Scotland 2007,A,Tweeddale Ettrick and Lauderdale,1.8075139753584968,31141.0,0.5,national,equal sd,6.719512695604821,adjusted row,1,0.4131944179534912,1.00149,643.808,0,7.048,91.34619750283768,1557.7317723471429
Scotland 2007,A,Tweeddale Ettrick and Lauderdale,1.8075139753584968,31141.0,0.5,national,equal sd,6.719512695604821,adjusted table,1,0.9257440567016602,1.00199,608.759,0,8.768,69.42963047445255,657.4573185893915
Scotland 2007,A,Tweeddale Ettrick and Lauderdale,1.8075139753584968,31141.0,0.5,national,interactions only,0.0671951269560482,position logit,1,0.2763357162475586,1.01203,612.108,0,8.112,75.45710059171597,2214.3278813904026
Scotland 2007,A,Tweeddale Ettrick and Lauderdale,1.8075139753584968,31141.0,0.5,national,interactions only,0.0671951269560482,odds-ratio logit,1,0.3120856285095215,1.00252,661.246,0,8.48,77.97712264150942,2117.9763577884196
Scotland 2007,A,Tweeddale Ettrick and Lauderdale,1.8075139753584968,31141.0,0.5,national,interactions only,0.0671951269560482,adjusted row,1,0.4598114490509033,1.00171,580.073,0,7.552,76.81051377118644,1261.2687241924882
Scotland 2007,A,Tweeddale Ettrick and Lauderdale,1.8075139753584968,31141.0,0.5,national,interactions only,0.0671951269560482,adjusted table,1,0.8135178089141846,1.0018,1294.39,0,7.0,184.91285714285715,1590.7479163796431
Scotland 2007,A,Tweeddale Ettrick and Lauderdale,1.8075139753584968,31141.0,2.0,indep,equal sd,4.1659260572965355e-16,position logit,1,1.6503734588623047,1.00759,398.495,2,70.676,5.638335502858113,241.3554839595656
Scotland 2007,A,Tweeddale Ettrick and Lauderdale,1.8075139753584968,31141.0,2.0,indep,equal sd,4.1659260572965355e-16,odds-ratio logit,1,0.6580100059509277,1.01587,99.6733,0,17.464,5.7073579935868075,151.4407152781345
Scotland 2007,A,Tweeddale Ettrick and Lauderdale,1.8075139753584968,31141.0,2.0,indep,equal sd,4.1659260572965355e-16,adjusted row,1,0.5559110641479492,1.00511,689.139,0,12.184,56.560981615233096,1239.417722258384
Scotland 2007,A,Tweeddale Ettrick and Lauderdale,1.8075139753584968,31141.0,2.0,indep,equal sd,4.1659260572965355e-16,adjusted table,1,1.079155683517456,1.00173,535.662,0,11.232,47.69070512820513,496.3017571791289
Scotland 2007,A,Tweeddale Ettrick and Lauderdale,1.8075139753584968,31141.0,2.0,raked,equal sd,0.0,position logit,1,1.65891695022583,1.01243,348.637,0,61.64,5.656018818948734,210.13980492023526
Scotland 2007,A,Tweeddale Ettrick and Lauderdale,1.8075139753584968,31141.0,2.0,raked,equal sd,0.0,odds-ratio logit,1,0.7482681274414062,1.00423,290.107,0,31.656,9.164360626737428,387.65606414309417
Scotland 2007,A,Tweeddale Ettrick and Lauderdale,1.8075139753584968,31141.0,2.0,raked,equal sd,0.0,adjusted row,1,0.6605782508850098,1.00498,419.007,0,14.096,29.725241203178207,634.1950858935622
Scotland 2007,A,Tweeddale Ettrick and Lauderdale,1.8075139753584968,31141.0,2.0,raked,equal sd,0.0,adjusted table,1,1.2006723880767822,1.00349,459.672,0,13.344,34.447841726618705,382.78330684920576
Scotland 2007,A,Tweeddale Ettrick and Lauderdale,1.8075139753584968,31141.0,2.0,national,equal sd,1.6798781739012052,position logit,1,2.558563232421875,1.00537,401.627,1,132.324,3.035178803542819,156.96516284313824
Scotland 2007,A,Tweeddale Ettrick and Lauderdale,1.8075139753584968,31141.0,2.0,national,equal sd,1.6798781739012052,odds-ratio logit,1,0.9846005439758301,1.01002,160.772,1,38.613,4.1636754460932845,163.26987923832996
Scotland 2007,A,Tweeddale Ettrick and Lauderdale,1.8075139753584968,31141.0,2.0,national,equal sd,1.6798781739012052,adjusted row,1,0.862438440322876,1.00489,494.13,0,14.616,33.80747126436782,572.8780918763664
Scotland 2007,A,Tweeddale Ettrick and Lauderdale,1.8075139753584968,31141.0,2.0,national,equal sd,1.6798781739012052,adjusted table,1,1.2823679447174072,1.00396,524.757,0,14.248,36.83022178551376,409.1743164803344
Scotland 2007,A,Tweeddale Ettrick and Lauderdale,1.8075139753584968,31141.0,2.0,national,interactions only,0.0671951269560482,position logit,1,5.017924785614014,1.01743,176.616,3,128.059,1.3791767857003414,35.196336222296736
Scotland 2007,A,Tweeddale Ettrick and Lauderdale,1.8075139753584968,31141.0,2.0,national,interactions only,0.0671951269560482,odds-ratio logit,1,1.356337308883667,1.01654,246.525,1,45.068,5.470067453625632,181.743284748973
Scotland 2007,A,Tweeddale Ettrick and Lauderdale,1.8075139753584968,31141.0,2.0,national,interactions only,0.0671951269560482,adjusted row,1,0.589989185333252,1.0042,476.483,0,12.224,38.979303010471206,807.482584940408
Scotland 2007,A,Tweeddale Ettrick and Lauderdale,1.8075139753584968,31141.0,2.0,national,interactions only,0.0671951269560482,adjusted table,1,0.8301870822906494,1.00234,604.855,0,7.024,86.1126138952164,728.4922202775566
Scotland 2007,A,West Aberdeenshire and Kincardine,2.388024616466966,35807.0,0.5,indep,equal sd,2.705666128784368e-15,position logit,1,0.30819249153137207,1.00038,968.125,0,7.0,138.30357142857142,3140.291585593333
Scotland 2007,A,West Aberdeenshire and Kincardine,2.388024616466966,35807.0,0.5,indep,equal sd,2.705666128784368e-15,odds-ratio logit,1,0.3179762363433838,1.00138,991.344,0,7.072,140.17873303167423,3116.648068641244
Scotland 2007,A,West Aberdeenshire and Kincardine,2.388024616466966,35807.0,0.5,indep,equal sd,2.705666128784368e-15,adjusted row,1,0.4070456027984619,1.00262,1254.29,0,7.008,178.97973744292236,3080.4686009265633
Scotland 2007,A,West Aberdeenshire and Kincardine,2.388024616466966,35807.0,0.5,indep,equal sd,2.705666128784368e-15,adjusted table,1,0.7260582447052002,1.00161,1211.94,0,7.008,172.93664383561645,1668.9747478386948
Scotland 2007,A,West Aberdeenshire and Kincardine,2.388024616466966,35807.0,0.5,raked,equal sd,1.945901422236198e-15,position logit,1,0.3521616458892822,1.00246,695.74,0,7.112,97.82620922384702,1974.8580615681137
Scotland 2007,A,West Aberdeenshire and Kincardine,2.388024616466966,35807.0,0.5,raked,equal sd,1.945901422236198e-15,odds-ratio logit,1,0.31531763076782227,1.00665,840.974,0,7.016,119.865165336374,2665.529570797898
Scotland 2007,A,West Aberdeenshire and Kincardine,2.388024616466966,35807.0,0.5,raked,equal sd,1.945901422236198e-15,adjusted row,1,0.4992704391479492,1.00157,906.098,0,7.0,129.44257142857143,1814.254081846577
Scotland 2007,A,West Aberdeenshire and Kincardine,2.388024616466966,35807.0,0.5,raked,equal sd,1.945901422236198e-15,adjusted table,1,0.9289329051971436,1.00113,705.855,0,7.144,98.80389137737961,759.7225622146779
Scotland 2007,A,West Aberdeenshire and Kincardine,2.388024616466966,35807.0,0.5,national,equal sd,8.68212382767835,position logit,1,0.3877079486846924,1.00366,568.719,0,7.16,79.4300279329609,1466.5041022220912
Scotland 2007,A,West Aberdeenshire and Kincardine,2.388024616466966,35807.0,0.5,national,equal sd,8.68212382767835,odds-ratio logit,1,0.35338592529296875,1.00287,542.119,0,7.216,75.12735587583148,1533.5347799768806
Scotland 2007,A,West Aberdeenshire and Kincardine,2.388024616466966,35807.0,0.5,national,equal sd,8.68212382767835,adjusted row,1,0.4053928852081299,1.00322,743.25,0,7.008,106.05736301369863,1832.629526730948
Scotland 2007,A,West Aberdeenshire and Kincardine,2.388024616466966,35807.0,0.5,national,equal sd,8.68212382767835,adjusted table,1,0.8586306571960449,1.00799,614.373,0,7.728,79.49961180124224,715.3332471091635
Scotland 2007,A,West Aberdeenshire and Kincardine,2.388024616466966,35807.0,0.5,national,interactions only,0.08682123827678351,position logit,1,0.3584740161895752,1.00403,660.307,0,9.192,71.83496518711924,1840.1728936418174
Scotland 2007,A,West Aberdeenshire and Kincardine,2.388024616466966,35807.0,0.5,national,interactions only,0.08682123827678351,odds-ratio logit,1,0.3494701385498047,1.00258,671.885,0,9.984,67.29617387820512,1922.048316378971
Scotland 2007,A,West Aberdeenshire and Kincardine,2.388024616466966,35807.0,0.5,national,interactions only,0.08682123827678351,adjusted row,1,0.470447301864624,1.00171,713.694,0,7.624,93.61149003147953,1516.7358539774514
Scotland 2007,A,West Aberdeenshire and Kincardine,2.388024616466966,35807.0,0.5,national,interactions only,0.08682123827678351,adjusted table,1,0.8103270530700684,1.00043,1360.57,0,7.008,194.14526255707761,1678.834595880759
Scotland 2007,A,West Aberdeenshire and Kincardine,2.388024616466966,35807.0,2.0,indep,equal sd,6.76416532196092e-16,position logit,1,1.4591903686523438,1.00555,452.208,0,62.744,7.207191125844703,309.88229838136266
Scotland 2007,A,West Aberdeenshire and Kincardine,2.388024616466966,35807.0,2.0,indep,equal sd,6.76416532196092e-16,odds-ratio logit,1,0.5630784034729004,1.01262,215.974,0,19.64,10.996639511201629,383.4898766361154
Scotland 2007,A,West Aberdeenshire and Kincardine,2.388024616466966,35807.0,2.0,indep,equal sd,6.76416532196092e-16,adjusted row,1,0.6206190586090088,1.0037,888.344,0,14.728,60.31667571971755,1431.151679488317
Scotland 2007,A,West Aberdeenshire and Kincardine,2.388024616466966,35807.0,2.0,indep,equal sd,6.76416532196092e-16,adjusted table,1,1.0642755031585693,1.00257,729.886,0,14.088,51.80905735377626,685.7429827426549
Scotland 2007,A,West Aberdeenshire and Kincardine,2.388024616466966,35807.0,2.0,raked,equal sd,4.864753555590495e-16,position logit,1,1.3391385078430176,1.00418,474.362,0,45.78,10.361773700305811,354.20230077115195
Scotland 2007,A,West Aberdeenshire and Kincardine,2.388024616466966,35807.0,2.0,raked,equal sd,4.864753555590495e-16,odds-ratio logit,1,0.6498746871948242,1.00581,349.911,0,22.608,15.477308917197451,538.3417156426997
Scotland 2007,A,West Aberdeenshire and Kincardine,2.388024616466966,35807.0,2.0,raked,equal sd,4.864753555590495e-16,adjusted row,1,0.645270824432373,1.00725,103.99,0,14.128,7.360560588901472,161.13350306018893
Scotland 2007,A,West Aberdeenshire and Kincardine,2.388024616466966,35807.0,2.0,raked,equal sd,4.864753555590495e-16,adjusted table,1,1.0393755435943604,1.00743,468.495,0,11.832,39.595588235294116,450.65212397752396
Scotland 2007,A,West Aberdeenshire and Kincardine,2.388024616466966,35807.0,2.0,national,equal sd,2.1705309569195874,position logit,1,1.5081572532653809,1.01245,261.83,0,44.624,5.8674704195051985,173.59826715769302
Scotland 2007,A,West Aberdeenshire and Kincardine,2.388024616466966,35807.0,2.0,national,equal sd,2.1705309569195874,odds-ratio logit,1,0.6403515338897705,1.014,92.6327,0,22.704,4.08001673713883,144.63662654283095
Scotland 2007,A,West Aberdeenshire and Kincardine,2.388024616466966,35807.0,2.0,national,equal sd,2.1705309569195874,adjusted row,1,0.6994819641113281,1.02503,97.659,1,13.453,7.259273024604179,139.59605336535955
Scotland 2007,A,West Aberdeenshire and Kincardine,2.388024616466966,35807.0,2.0,national,equal sd,2.1705309569195874,adjusted table,1,1.2483699321746826,1.00329,421.753,0,12.376,34.0782967032967,337.8152876425196
Scotland 2007,A,West Aberdeenshire and Kincardine,2.388024616466966,35807.0,2.0,national,interactions only,0.08682123827678351,position logit,1,3.6750266551971436,1.01046,282.931,1,166.731,1.696930984639929,76.98358821290181
Scotland 2007,A,West Aberdeenshire and Kincardine,2.388024616466966,35807.0,2.0,national,interactions only,0.08682123827678351,odds-ratio logit,1,0.9239072799682617,1.01032,307.22,3,23.193,13.246238089078602,332.4872811586664
Scotland 2007,A,West Aberdeenshire and Kincardine,2.388024616466966,35807.0,2.0,national,interactions only,0.08682123827678351,adjusted row,1,0.8359198570251465,1.01695,349.233,1,15.634,22.338045285915314,417.72961644967745
Scotland 2007,A,West Aberdeenshire and Kincardine,2.388024616466966,35807.0,2.0,national,interactions only,0.08682123827678351,adjusted table,1,0.855851411819458,1.00198,676.183,0,7.008,96.4873002283105,789.9768062890254
Scotland 2007,B,Argyll and Bute,1.494623524812459,296.92,1.0,raked,equal sd,0.0,position logit,1,0.5804367065429688,1.00105,611.363,0,29.212,20.928488292482545,1053.1084818362112
Scotland 2007,B,Argyll and Bute,1.494623524812459,296.92,1.0,raked,equal sd,0.0,odds-ratio logit,1,0.4540119171142578,1.01303,194.704,0,14.888,13.077915099408921,428.76121508630376
Scotland 2007,B,Argyll and Bute,1.494623524812459,296.92,1.0,raked,equal sd,0.0,adjusted row,1,0.6173253059387207,1.00331,572.378,0,12.524,45.70249121686363,926.8201227788151
Scotland 2007,B,Argyll and Bute,1.494623524812459,296.92,1.0,raked,equal sd,0.0,adjusted table,1,1.1507222652435303,1.00235,866.795,0,13.44,64.49367559523809,753.1944319823655
Scotland 2007,B,Argyll and Bute,1.494623524812459,29692.0,1.0,raked,equal sd,0.0,position logit,1,0.3854811191558838,1.00394,648.451,0,13.136,49.364418392204634,1681.712890225564
Scotland 2007,B,Argyll and Bute,1.494623524812459,29692.0,1.0,raked,equal sd,0.0,odds-ratio logit,1,0.37403011322021484,1.0055,466.645,0,12.56,37.15326433121019,1247.2612457885637
Scotland 2007,B,Argyll and Bute,1.494623524812459,29692.0,1.0,raked,equal sd,0.0,adjusted row,1,0.47675323486328125,1.00678,501.599,0,7.056,71.08829365079364,1051.8152240961856
Scotland 2007,B,Argyll and Bute,1.494623524812459,29692.0,1.0,raked,equal sd,0.0,adjusted table,1,0.8890295028686523,1.00073,795.041,0,7.776,102.24292695473252,894.1837379169058
Scotland 2007,B,Argyll and Bute,1.494623524812459,2969200.0,1.0,raked,equal sd,0.0,position logit,1,0.41416311264038086,1.005,528.243,0,10.264,51.46560795011692,1274.9983040425566
Scotland 2007,B,Argyll and Bute,1.494623524812459,2969200.0,1.0,raked,equal sd,0.0,odds-ratio logit,1,0.42259979248046875,1.00806,513.604,0,9.984,51.442708333333336,1214.9920681411713
Scotland 2007,B,Argyll and Bute,1.494623524812459,2969200.0,1.0,raked,equal sd,0.0,adjusted row,1,0.5688052177429199,1.00548,605.274,0,7.232,83.69386061946902,1063.9055637980046
Scotland 2007,B,Argyll and Bute,1.494623524812459,2969200.0,1.0,raked,equal sd,0.0,adjusted table,1,1.173346757888794,1.00242,543.335,0,7.712,70.4531898340249,463.02450646877685
Scotland 2007,A,East Lothian,0.8307651283822193,35540.0,0.5,indep,equal sd,0.0,position logit,2,0.3216066360473633,1.00325,618.077,0,8.16,75.74473039215687,1921.1949527616591
Scotland 2007,A,East Lothian,0.8307651283822193,35540.0,0.5,indep,equal sd,0.0,odds-ratio logit,2,0.2960693836212158,1.00155,769.181,0,7.096,108.39642051860203,2596.4846746880125
Scotland 2007,A,East Lothian,0.8307651283822193,35540.0,0.5,indep,equal sd,0.0,adjusted row,2,0.4332129955291748,1.00252,964.38,0,7.056,136.6751700680272,2225.6119845452436
Scotland 2007,A,East Lothian,0.8307651283822193,35540.0,0.5,indep,equal sd,0.0,adjusted table,2,0.6443722248077393,1.00105,1256.6,0,7.0,179.5142857142857,1949.7284197528213
Scotland 2007,A,East Lothian,0.8307651283822193,35540.0,0.5,raked,equal sd,0.0,position logit,2,0.2811572551727295,1.01509,607.614,0,8.232,73.81122448979593,2160.3961763806815
Scotland 2007,A,East Lothian,0.8307651283822193,35540.0,0.5,raked,equal sd,0.0,odds-ratio logit,2,0.30488061904907227,1.00566,783.632,0,7.496,104.54002134471718,2569.4433577405593
Scotland 2007,A,East Lothian,0.8307651283822193,35540.0,0.5,raked,equal sd,0.0,adjusted row,2,0.4523463249206543,1.00758,737.086,0,7.056,104.46230158730158,1629.09921476219
Scotland 2007,A,East Lothian,0.8307651283822193,35540.0,0.5,raked,equal sd,0.0,adjusted table,2,0.7575826644897461,1.00443,912.758,0,7.08,128.92062146892656,1204.6786840591203
Scotland 2007,A,East Lothian,0.8307651283822193,35540.0,0.5,national,equal sd,3.464104420357982,position logit,2,0.29575443267822266,1.00294,789.396,0,7.92,99.67121212121212,2666.665700491216
Scotland 2007,A,East Lothian,0.8307651283822193,35540.0,0.5,national,equal sd,3.464104420357982,odds-ratio logit,2,0.28847455978393555,1.00323,551.774,0,9.192,60.02763272410792,1912.080689394321
Scotland 2007,A,East Lothian,0.8307651283822193,35540.0,0.5,national,equal sd,3.464104420357982,adjusted row,2,0.4658167362213135,1.00272,869.48,0,7.112,122.25534308211473,1866.13447617839
Scotland 2007,A,East Lothian,0.8307651283822193,35540.0,0.5,national,equal sd,3.464104420357982,adjusted table,2,1.0513858795166016,1.00179,657.097,0,9.648,68.1070688225539,624.9188430583482
Scotland 2007,A,East Lothian,0.8307651283822193,35540.0,0.5,national,interactions only,0.034641044203579816,position logit,2,0.29146432876586914,1.00339,599.884,0,8.32,72.10144230769231,2057.4946955588102
Scotland 2007,A,East Lothian,0.8307651283822193,35540.0,0.5,national,interactions only,0.034641044203579816,odds-ratio logit,2,0.31343603134155273,1.00367,690.938,0,9.32,74.13497854077252,2203.6746239781974
Scotland 2007,A,East Lothian,0.8307651283822193,35540.0,0.5,national,interactions only,0.034641044203579816,adjusted row,2,0.42316603660583496,1.00361,639.792,0,7.248,88.27152317880795,1511.5637478964143
Scotland 2007,A,East Lothian,0.8307651283822193,35540.0,0.5,national,interactions only,0.034641044203579816,adjusted table,2,0.7280731201171875,1.00367,1136.23,0,7.008,162.13327625570776,1560.242122798873
Scotland 2007,A,East Lothian,0.8307651283822193,35540.0,2.0,indep,equal sd,0.0,position logit,2,1.4783837795257568,1.00671,474.126,1,61.512,7.707861880608661,320.68354608788144
Scotland 2007,A,East Lothian,0.8307651283822193,35540.0,2.0,indep,equal sd,0.0,odds-ratio logit,2,0.6450941562652588,1.0142,352.125,0,27.416,12.843777356288298,545.7206607386661
Scotland 2007,A,East Lothian,0.8307651283822193,35540.0,2.0,indep,equal sd,0.0,adjusted row,2,0.5905783176422119,1.0009,803.407,0,14.504,55.39209873138445,1360.1531539597315
Scotland 2007,A,East Lothian,0.8307651283822193,35540.0,2.0,indep,equal sd,0.0,adjusted table,2,0.9977695941925049,1.00691,684.904,0,13.744,49.83294528521537,686.2628459337902
Scotland 2007,A,East Lothian,0.8307651283822193,35540.0,2.0,raked,equal sd,0.0,position logit,2,2.862701892852783,1.00674,288.007,0,134.16,2.146742695289207,100.60160915149926
Scotland 2007,A,East Lothian,0.8307651283822193,35540.0,2.0,raked,equal sd,0.0,odds-ratio logit,2,1.0093235969543457,1.00355,243.254,0,46.588,5.221387481754958,240.9833248223533
Scotland 2007,A,East Lothian,0.8307651283822193,35540.0,2.0,raked,equal sd,0.0,adjusted row,2,0.8155040740966797,1.0094,399.227,0,15.728,25.383201932858594,489.4847625006504
Scotland 2007,A,East Lothian,0.8307651283822193,35540.0,2.0,raked,equal sd,0.0,adjusted table,2,1.1530020236968994,1.00375,645.935,0,12.464,51.82405327342747,560.1711817228454
Scotland 2007,A,East Lothian,0.8307651283822193,35540.0,2.0,national,equal sd,0.8660261050894955,position logit,2,3.0012381076812744,1.00704,227.849,0,131.832,1.7283284786698223,75.91446329773726
Scotland 2007,A,East Lothian,0.8307651283822193,35540.0,2.0,national,equal sd,0.8660261050894955,odds-ratio logit,2,1.0214769840240479,1.00691,174.062,1,42.508,4.094805683636022,170.38560990140974
Scotland 2007,A,East Lothian,0.8307651283822193,35540.0,2.0,national,equal sd,0.8660261050894955,adjusted row,2,0.756281852722168,1.00845,433.849,0,14.96,29.00060160427807,573.5832546402635
Scotland 2007,A,East Lothian,0.8307651283822193,35540.0,2.0,national,equal sd,0.8660261050894955,adjusted table,2,1.3539271354675293,1.00484,407.297,0,12.968,31.407850092535472,300.7870264305554
Scotland 2007,A,East Lothian,0.8307651283822193,35540.0,2.0,national,interactions only,0.034641044203579816,position logit,2,8.395504236221313,1.01604,192.324,3,417.604,0.4605415656938152,22.90770553822061
Scotland 2007,A,East Lothian,0.8307651283822193,35540.0,2.0,national,interactions only,0.034641044203579816,odds-ratio logit,2,2.547867774963379,1.02596,194.72,1,157.944,1.2328420199564403,76.42181329836977
Scotland 2007,A,East Lothian,0.8307651283822193,35540.0,2.0,national,interactions only,0.034641044203579816,adjusted row,2,0.848397970199585,1.00628,419.033,0,15.32,27.352023498694518,493.8537151546946
Scotland 2007,A,East Lothian,0.8307651283822193,35540.0,2.0,national,interactions only,0.034641044203579816,adjusted table,2,0.8215987682342529,1.00137,674.593,0,7.08,95.28149717514124,820.913683462413
Scotland 2007,A,Aberdeen North,1.2941015370518785,26064.0,0.5,indep,equal sd,2.5618982671915017e-15,position logit,2,0.29365062713623047,1.00408,714.411,0,7.608,93.9026025236593,2432.0232345716686
Scotland 2007,A,Aberdeen North,1.2941015370518785,26064.0,0.5,indep,equal sd,2.5618982671915017e-15,odds-ratio logit,2,0.3079969882965088,1.00175,786.228,0,7.448,105.56229860365198,2551.707864723115
Scotland 2007,A,Aberdeen North,1.2941015370518785,26064.0,0.5,indep,equal sd,2.5618982671915017e-15,adjusted row,2,0.3739161491394043,1.00416,908.088,0,7.0,129.72685714285714,2427.968016400653
Scotland 2007,A,Aberdeen North,1.2941015370518785,26064.0,0.5,indep,equal sd,2.5618982671915017e-15,adjusted table,2,0.714489221572876,1.00055,1169.43,0,7.0,167.0614285714286,1636.4053148639316
Scotland 2007,A,Aberdeen North,1.2941015370518785,26064.0,0.5,raked,equal sd,0.0,position logit,2,0.38302063941955566,1.00574,785.935,0,11.056,71.08674023154848,2051.4001658071584
Scotland 2007,A,Aberdeen North,1.2941015370518785,26064.0,0.5,raked,equal sd,0.0,odds-ratio logit,2,0.26441264152526855,1.00308,787.268,0,7.52,104.68989361702128,2976.292103345087
Scotland 2007,A,Aberdeen North,1.2941015370518785,26064.0,0.5,raked,equal sd,0.0,adjusted row,2,0.41420722007751465,1.00114,1224.17,0,7.008,174.68179223744292,2954.5466265556634
Scotland 2007,A,Aberdeen North,1.2941015370518785,26064.0,0.5,raked,equal sd,0.0,adjusted table,2,0.7650697231292725,1.00455,942.772,0,7.712,122.24740663900415,1232.0014066056774
Scotland 2007,A,Aberdeen North,1.2941015370518785,26064.0,0.5,national,equal sd,3.7839605237699288,position logit,2,0.3261427879333496,1.01446,637.37,0,10.864,58.66807805596465,1953.6240642155171
Scotland 2007,A,Aberdeen North,1.2941015370518785,26064.0,0.5,national,equal sd,3.7839605237699288,odds-ratio logit,2,0.26959228515625,1.00438,609.865,0,8.04,75.85385572139305,2261.361319637646
Scotland 2007,A,Aberdeen North,1.2941015370518785,26064.0,0.5,national,equal sd,3.7839605237699288,adjusted row,2,0.3949921131134033,1.00128,792.56,0,7.104,111.5653153153153,2006.0427890450374
Scotland 2007,A,Aberdeen North,1.2941015370518785,26064.0,0.5,national,equal sd,3.7839605237699288,adjusted table,2,0.7833881378173828,0.999308,1452.23,0,6.996,207.5800457404231,1853.3178617466315
Scotland 2007,A,Aberdeen North,1.2941015370518785,26064.0,0.5,national,interactions only,0.03783960523769929,position logit,2,0.37869882583618164,1.00544,712.985,0,13.328,53.4952731092437,1882.2549460747382
Scotland 2007,A,Aberdeen North,1.2941015370518785,26064.0,0.5,national,interactions only,0.03783960523769929,odds-ratio logit,2,0.2942171096801758,1.00283,497.477,0,10.432,47.687595858895705,1690.2856750612418
Scotland 2007,A,Aberdeen North,1.2941015370518785,26064.0,0.5,national,interactions only,0.03783960523769929,adjusted row,2,0.3969264030456543,1.00172,675.208,0,7.016,96.23831242873432,1700.502829479418
Scotland 2007,A,Aberdeen North,1.2941015370518785,26064.0,0.5,national,interactions only,0.03783960523769929,adjusted table,2,0.8010199069976807,1.00087,1557.59,0,7.0,222.51285714285714,1944.1520202765375
Scotland 2007,A,Aberdeen North,1.2941015370518785,26064.0,2.0,indep,equal sd,6.404745667978754e-16,position logit,2,1.1791250705718994,1.0106,391.823,0,62.2,6.299405144694533,332.27310605607835
Scotland 2007,A,Aberdeen North,1.2941015370518785,26064.0,2.0,indep,equal sd,6.404745667978754e-16,odds-ratio logit,2,0.6836228370666504,1.0041,433.072,0,22.656,19.115112994350284,633.3969909309261
Scotland 2007,A,Aberdeen North,1.2941015370518785,26064.0,2.0,indep,equal sd,6.404745667978754e-16,adjusted row,2,0.6680920124053955,1.00112,664.257,0,13.984,47.5012156750572,994.1004671069674
Scotland 2007,A,Aberdeen North,1.2941015370518785,26064.0,2.0,indep,equal sd,6.404745667978754e-16,adjusted table,2,1.0359196662902832,1.0029,580.537,0,12.392,46.84772433828277,560.3476440734796
Scotland 2007,A,Aberdeen North,1.2941015370518785,26064.0,2.0,raked,equal sd,0.0,position logit,2,2.3055386543273926,1.00527,445.07,0,113.624,3.917042174188552,193.03498161691144
Scotland 2007,A,Aberdeen North,1.2941015370518785,26064.0,2.0,raked,equal sd,0.0,odds-ratio logit,2,0.8244102001190186,1.01217,256.777,0,30.984,8.287406403304932,311.41726505522087
Scotland 2007,A,Aberdeen North,1.2941015370518785,26064.0,2.0,raked,equal sd,0.0,adjusted row,2,0.635704755783081,1.00622,345.044,0,13.584,25.400765606595996,542.6884954268459
Scotland 2007,A,Aberdeen North,1.2941015370518785,26064.0,2.0,raked,equal sd,0.0,adjusted table,2,1.128126859664917,1.00289,594.286,0,13.128,45.26858622790981,526.7446262282298
Scotland 2007,A,Aberdeen North,1.2941015370518785,26064.0,2.0,national,equal sd,0.9459901309424822,position logit,2,1.5627501010894775,1.0112,297.394,2,68.941,4.3137465368938654,190.2886934817288
Scotland 2007,A,Aberdeen North,1.2941015370518785,26064.0,2.0,national,equal sd,0.9459901309424822,odds-ratio logit,2,0.7315680980682373,1.0081,353.871,0,30.68,11.534256844850065,483.5721642130367
Scotland 2007,A,Aberdeen North,1.2941015370518785,26064.0,2.0,national,equal sd,0.9459901309424822,adjusted row,2,0.8055417537689209,1.01094,403.908,0,13.88,29.099999999999998,501.274388903815
Scotland 2007,A,Aberdeen North,1.2941015370518785,26064.0,2.0,national,equal sd,0.9459901309424822,adjusted table,2,1.1569161415100098,1.00678,626.286,0,13.168,47.56120899149453,541.2431691171471
Scotland 2007,A,Aberdeen North,1.2941015370518785,26064.0,2.0,national,interactions only,0.03783960523769929,position logit,2,7.611022472381592,1.01564,222.637,1,324.813,0.6854313097074317,29.251544367979687
Scotland 2007,A,Aberdeen North,1.2941015370518785,26064.0,2.0,national,interactions only,0.03783960523769929,odds-ratio logit,2,1.663696527481079,1.03714,66.0032,1,42.346,1.5586643366551742,39.66988545908666
Scotland 2007,A,Aberdeen North,1.2941015370518785,26064.0,2.0,national,interactions only,0.03783960523769929,adjusted row,2,0.7843196392059326,1.00351,560.368,0,14.688,38.151416122004356,714.3762986385126
Scotland 2007,A,Aberdeen North,1.2941015370518785,26064.0,2.0,national,interactions only,0.03783960523769929,adjusted table,2,0.8890573978424072,1.00642,575.475,0,7.0,82.21071428571429,647.2080436956854
Scotland 2007,A,Argyll and Bute,1.494623524812459,29692.0,0.5,indep,equal sd,0.0,position logit,2,0.34945082664489746,1.00477,864.263,0,7.2,120.03652777777778,2472.0144447875355
Scotland 2007,A,Argyll and Bute,1.494623524812459,29692.0,0.5,indep,equal sd,0.0,odds-ratio logit,2,0.2735636234283447,1.00279,1099.02,0,7.024,156.46640091116174,4015.222490285592
Scotland 2007,A,Argyll and Bute,1.494623524812459,29692.0,0.5,indep,equal sd,0.0,adjusted row,2,0.38541126251220703,1.0038,1060.64,0,7.04,150.65909090909093,2751.0010782010527
Scotland 2007,A,Argyll and Bute,1.494623524812459,29692.0,0.5,indep,equal sd,0.0,adjusted table,2,0.6697454452514648,1.00286,1291.59,0,7.016,184.09207525655643,1928.1968471418854
Scotland 2007,A,Argyll and Bute,1.494623524812459,29692.0,0.5,raked,equal sd,0.0,position logit,2,0.2887895107269287,1.00201,753.507,0,8.928,84.39818548387096,2608.237112163431
Scotland 2007,A,Argyll and Bute,1.494623524812459,29692.0,0.5,raked,equal sd,0.0,odds-ratio logit,2,0.2950906753540039,1.00469,810.472,0,7.072,114.60294117647058,2745.613429109577
Scotland 2007,A,Argyll and Bute,1.494623524812459,29692.0,0.5,raked,equal sd,0.0,adjusted row,2,0.47533679008483887,1.00104,710.05,0,7.0,101.43571428571428,1493.4024441697609
Scotland 2007,A,Argyll and Bute,1.494623524812459,29692.0,0.5,raked,equal sd,0.0,adjusted table,2,0.872704267501831,1.00354,736.083,0,8.52,86.39471830985916,843.3539029050152
Scotland 2007,A,Argyll and Bute,1.494623524812459,29692.0,0.5,national,equal sd,6.027070464531985,position logit,2,0.3185732364654541,1.00294,818.005,0,12.608,64.87983819796953,2566.8707942949145
Scotland 2007,A,Argyll and Bute,1.494623524812459,29692.0,0.5,national,equal sd,6.027070464531985,odds-ratio logit,2,0.29080915451049805,1.00253,539.732,0,7.632,70.71960167714884,1854.9717358365644
Scotland 2007,A,Argyll and Bute,1.494623524812459,29692.0,0.5,national,equal sd,6.027070464531985,adjusted row,2,0.4428737163543701,1.0034,423.437,0,7.352,57.59480413492927,955.8987228199501
Scotland 2007,A,Argyll and Bute,1.494623524812459,29692.0,0.5,national,equal sd,6.027070464531985,adjusted table,2,0.8770437240600586,1.00576,639.134,0,8.08,79.10074257425742,728.6531683077785
Scotland 2007,A,Argyll and Bute,1.494623524812459,29692.0,0.5,national,interactions only,0.06027070464531985,position logit,2,0.35132765769958496,1.0087,559.356,0,11.6,48.22034482758621,1591.2329638652277
Scotland 2007,A,Argyll and Bute,1.494623524812459,29692.0,0.5,national,interactions only,0.06027070464531985,odds-ratio logit,2,0.3073253631591797,1.0037,708.105,0,8.872,79.81345807033364,2302.8634784779742
Scotland 2007,A,Argyll and Bute,1.494623524812459,29692.0,0.5,national,interactions only,0.06027070464531985,adjusted row,2,0.43670010566711426,1.00298,373.063,0,8.128,45.89849901574803,854.071697823365
Scotland 2007,A,Argyll and Bute,1.494623524812459,29692.0,0.5,national,interactions only,0.06027070464531985,adjusted table,2,0.7576532363891602,1.00156,1339.5,0,7.0,191.35714285714286,1767.4558410536524
Scotland 2007,A,Argyll and Bute,1.494623524812459,29692.0,2.0,indep,equal sd,0.0,position logit,2,2.1269357204437256,1.00867,458.15,0,96.152,4.764851485148514,215.38084688742893
Scotland 2007,A,Argyll and Bute,1.494623524812459,29692.0,2.0,indep,equal sd,0.0,odds-ratio logit,2,0.758739709854126,1.0061,472.35,0,29.096,16.234190266703326,622.4088005217582
Scotland 2007,A,Argyll and Bute,1.494623524812459,29692.0,2.0,indep,equal sd,0.0,adjusted row,2,0.8448796272277832,1.00555,633.672,0,12.664,50.03727100442199,749.8981455751203
Scotland 2007,A,Argyll and Bute,1.494623524812459,29692.0,2.0,indep,equal sd,0.0,adjusted table,2,0.8998851776123047,1.00482,590.062,0,9.56,61.72196652719665,655.6052706045906
Scotland 2007,A,Argyll and Bute,1.494623524812459,29692.0,2.0,raked,equal sd,0.0,position logit,2,2.6067562103271484,1.00673,277.624,0,123.16,2.2541734329327707,106.4978550880727
Scotland 2007,A,Argyll and Bute,1.494623524812459,29692.0,2.0,raked,equal sd,0.0,odds-ratio logit,2,0.7511410713195801,1.01455,120.052,1,25.115,4.780091578737807,159.806031908867
Scotland 2007,A,Argyll and Bute,1.494623524812459,29692.0,2.0,raked,equal sd,0.0,adjusted row,2,0.7293179035186768,1.00552,361.944,0,14.832,24.402912621359224,496.20571165739426
Scotland 2007,A,Argyll and Bute,1.494623524812459,29692.0,2.0,raked,equal sd,0.0,adjusted table,2,1.1657650470733643,1.00466,500.688,0,12.992,38.53817733990147,429.45626110472165
Scotland 2007,A,Argyll and Bute,1.494623524812459,29692.0,2.0,national,equal sd,1.5067676161329961,position logit,2,3.543642520904541,1.00648,190.122,1,158.067,1.20279375201655,53.64926418238623
Scotland 2007,A,Argyll and Bute,1.494623524812459,29692.0,2.0,national,equal sd,1.5067676161329961,odds-ratio logit,2,1.1069128513336182,1.04271,22.958,0,44.46,0.5163742690058479,20.738748818040218
Scotland 2007,A,Argyll and Bute,1.494623524812459,29692.0,2.0,national,equal sd,1.5067676161329961,adjusted row,2,0.7453017234802246,1.00689,237.622,0,14.8,16.05554054054054,318.784463802382
Scotland 2007,A,Argyll and Bute,1.494623524812459,29692.0,2.0,national,equal sd,1.5067676161329961,adjusted table,2,1.1717755794525146,1.00084,537.679,0,13.768,39.05280360255665,458.7889842136935
Scotland 2007,A,Argyll and Bute,1.494623524812459,29692.0,2.0,national,interactions only,0.06027070464531985,position logit,2,5.369374752044678,1.01034,302.093,0,259.736,1.1630771244648412,56.261216245886764
Scotland 2007,A,Argyll and Bute,1.494623524812459,29692.0,2.0,national,interactions only,0.06027070464531985,odds-ratio logit,2,1.3395545482635498,1.03,104.375,2,43.669,2.39013945819689,77.91154989675992
Scotland 2007,A,Argyll and Bute,1.494623524812459,29692.0,2.0,national,interactions only,0.06027070464531985,adjusted row,2,0.7825620174407959,1.00491,471.966,0,14.456,32.648450470392916,602.8968135641124
Scotland 2007,A,Argyll and Bute,1.494623524812459,29692.0,2.0,national,interactions only,0.06027070464531985,adjusted table,2,0.9425716400146484,1.00349,456.169,0,7.0,65.167,483.909764477245
Scotland 2007,A,Tweeddale Ettrick and Lauderdale,1.8075139753584968,31141.0,0.5,indep,equal sd,1.6663704229186142e-15,position logit,2,0.3087592124938965,1.00251,866.662,0,7.288,118.91630076838639,2804.2985043263593
Scotland 2007,A,Tweeddale Ettrick and Lauderdale,1.8075139753584968,31141.0,0.5,indep,equal sd,1.6663704229186142e-15,odds-ratio logit,2,0.3345189094543457,1.0029,880.664,0,7.784,113.13771839671121,2631.82750696722
Scotland 2007,A,Tweeddale Ettrick and Lauderdale,1.8075139753584968,31141.0,0.5,indep,equal sd,1.6663704229186142e-15,adjusted row,2,0.39368724822998047,1.0026,1290.96,0,7.0,184.42285714285714,3278.3470893876365
Scotland 2007,A,Tweeddale Ettrick and Lauderdale,1.8075139753584968,31141.0,0.5,indep,equal sd,1.6663704229186142e-15,adjusted table,2,0.6846897602081299,1.0009,1370.65,0,7.008,195.5836187214612,2001.578158028964
Scotland 2007,A,Tweeddale Ettrick and Lauderdale,1.8075139753584968,31141.0,0.5,raked,equal sd,0.0,position logit,2,0.2816169261932373,1.00378,772.595,0,7.192,107.4242213570634,2742.3666021632594
Scotland 2007,A,Tweeddale Ettrick and Lauderdale,1.8075139753584968,31141.0,0.5,raked,equal sd,0.0,odds-ratio logit,2,0.3126943111419678,1.00592,717.102,0,7.544,95.05593849416755,2292.4998738621316
Scotland 2007,A,Tweeddale Ettrick and Lauderdale,1.8075139753584968,31141.0,0.5,raked,equal sd,0.0,adjusted row,2,0.39804911613464355,1.00137,1245.83,0,7.08,175.96468926553672,3129.050846918489
Scotland 2007,A,Tweeddale Ettrick and Lauderdale,1.8075139753584968,31141.0,0.5,raked,equal sd,0.0,adjusted table,2,0.84637451171875,1.0042,751.457,0,8.656,86.81342421441774,887.7519747090436
Scotland 2007,A,Tweeddale Ettrick and Lauderdale,1.8075139753584968,31141.0,0.5,national,equal sd,6.719512695604821,position logit,2,0.276125431060791,1.00227,640.875,0,7.352,87.17015778019586,2319.692243168491
Scotland 2007,A,Tweeddale Ettrick and Lauderdale,1.8075139753584968,31141.0,0.5,national,equal sd,6.719512695604821,odds-ratio logit,2,0.34589529037475586,1.00411,646.073,0,7.24,89.23660220994475,1867.2773960852194
Scotland 2007,A,Tweeddale Ettrick and Lauderdale,1.8075139753584968,31141.0,0.5,national,equal sd,6.719512695604821,adjusted row,2,0.5163681507110596,1.00181,544.97,0,7.784,70.01156217882837,1055.175566800816
Scotland 2007,A,Tweeddale Ettrick and Lauderdale,1.8075139753584968,31141.0,0.5,national,equal sd,6.719512695604821,adjusted table,2,0.898432731628418,1.00485,593.005,0,7.968,74.42331827309236,659.9722195372474
Scotland 2007,A,Tweeddale Ettrick and Lauderdale,1.8075139753584968,31141.0,0.5,national,interactions only,0.0671951269560482,position logit,2,0.37349724769592285,1.00658,654.276,0,10.024,65.27094972067039,1751.248356846616
Scotland 2007,A,Tweeddale Ettrick and Lauderdale,1.8075139753584968,31141.0,0.5,national,interactions only,0.0671951269560482,odds-ratio logit,2,0.31447553634643555,1.00169,693.342,0,7.536,92.00398089171975,2203.046236803709
Scotland 2007,A,Tweeddale Ettrick and Lauderdale,1.8075139753584968,31141.0,0.5,national,interactions only,0.0671951269560482,adjusted row,2,0.39447546005249023,1.00326,759.166,0,7.1,106.92478873239438,1923.8169926308037
Scotland 2007,A,Tweeddale Ettrick and Lauderdale,1.8075139753584968,31141.0,0.5,national,interactions only,0.0671951269560482,adjusted table,2,0.8236637115478516,1.00257,1200.36,0,7.016,171.08893956670465,1456.968259607713
Scotland 2007,A,Tweeddale Ettrick and Lauderdale,1.8075139753584968,31141.0,2.0,indep,equal sd,4.1659260572965355e-16,position logit,2,1.189772605895996,1.00713,432.081,0,68.568,6.301496324816242,363.12025075964
Scotland 2007,A,Tweeddale Ettrick and Lauderdale,1.8075139753584968,31141.0,2.0,indep,equal sd,4.1659260572965355e-16,odds-ratio logit,2,0.5952496528625488,1.00637,385.847,0,28.296,13.636096974837432,648.0286829072963
Scotland 2007,A,Tweeddale Ettrick and Lauderdale,1.8075139753584968,31141.0,2.0,indep,equal sd,4.1659260572965355e-16,adjusted row,2,0.5776340961456299,1.0092,489.633,0,11.008,44.479742005813954,847.4650366222384
Scotland 2007,A,Tweeddale Ettrick and Lauderdale,1.8075139753584968,31141.0,2.0,indep,equal sd,4.1659260572965355e-16,adjusted table,2,0.9223337173461914,1.00358,685.561,0,11.92,57.5135067114094,743.1681246527688
Scotland 2007,A,Tweeddale Ettrick and Lauderdale,1.8075139753584968,31141.0,2.0,raked,equal sd,0.0,position logit,2,1.7358546257019043,1.01781,217.575,0,74.896,2.905028305917539,125.33383318042729
Scotland 2007,A,Tweeddale Ettrick and Lauderdale,1.8075139753584968,31141.0,2.0,raked,equal sd,0.0,odds-ratio logit,2,0.5942602157592773,1.02097,123.67,1,19.674,6.285961167022466,208.05106068384845
Scotland 2007,A,Tweeddale Ettrick and Lauderdale,1.8075139753584968,31141.0,2.0,raked,equal sd,0.0,adjusted row,2,0.7491481304168701,1.00865,364.01,0,11.04,32.97192028985508,485.62516111712625
Scotland 2007,A,Tweeddale Ettrick and Lauderdale,1.8075139753584968,31141.0,2.0,raked,equal sd,0.0,adjusted table,2,1.4218637943267822,1.00217,425.968,0,13.184,32.30946601941748,299.56440983990274
Scotland 2007,A,Tweeddale Ettrick and Lauderdale,1.8075139753584968,31141.0,2.0,national,equal sd,1.6798781739012052,position logit,2,2.825815200805664,1.00861,279.026,1,124.788,2.236000256434914,98.73833965007248
Scotland 2007,A,Tweeddale Ettrick and Lauderdale,1.8075139753584968,31141.0,2.0,national,equal sd,1.6798781739012052,odds-ratio logit,2,1.1487886905670166,1.01628,273.657,0,45.496,6.014968348865834,238.19266071676483
Scotland 2007,A,Tweeddale Ettrick and Lauderdale,1.8075139753584968,31141.0,2.0,national,equal sd,1.6798781739012052,adjusted row,2,0.7627766132354736,1.00259,273.363,0,14.832,18.430622977346278,358.31444447250095
Scotland 2007,A,Tweeddale Ettrick and Lauderdale,1.8075139753584968,31141.0,2.0,national,equal sd,1.6798781739012052,adjusted table,2,1.1307880878448486,1.00378,522.576,0,14.544,35.93069306930693,462.0599036864783
Scotland 2007,A,Tweeddale Ettrick and Lauderdale,1.8075139753584968,31141.0,2.0,national,interactions only,0.0671951269560482,position logit,2,2.6895594596862793,1.00823,215.468,1,120.777,1.7840151684509467,80.10972309040766
Scotland 2007,A,Tweeddale Ettrick and Lauderdale,1.8075139753584968,31141.0,2.0,national,interactions only,0.0671951269560482,odds-ratio logit,2,1.2361695766448975,1.00848,245.54,1,49.584,4.952000645369473,198.61354105929982
Scotland 2007,A,Tweeddale Ettrick and Lauderdale,1.8075139753584968,31141.0,2.0,national,interactions only,0.0671951269560482,adjusted row,2,0.6979076862335205,1.00471,484.304,0,10.976,44.123906705539355,693.8038452830949
Scotland 2007,A,Tweeddale Ettrick and Lauderdale,1.8075139753584968,31141.0,2.0,national,interactions only,0.0671951269560482,adjusted table,2,0.8599858283996582,1.00684,488.444,0,7.088,68.91139954853273,567.868788122192
Scotland 2007,A,West Aberdeenshire and Kincardine,2.388024616466966,35807.0,0.5,indep,equal sd,2.705666128784368e-15,position logit,2,0.2817203998565674,1.00173,921.762,0,7.192,128.16490545050056,3270.7853418057994
Scotland 2007,A,West Aberdeenshire and Kincardine,2.388024616466966,35807.0,0.5,indep,equal sd,2.705666128784368e-15,odds-ratio logit,2,0.2685432434082031,1.00198,715.473,0,8.448,84.69140624999999,2663.262807106977
Scotland 2007,A,West Aberdeenshire and Kincardine,2.388024616466966,35807.0,0.5,indep,equal sd,2.705666128784368e-15,adjusted row,2,0.49486494064331055,1.00208,972.529,0,7.008,138.77411529680364,1964.858818572864
Scotland 2007,A,West Aberdeenshire and Kincardine,2.388024616466966,35807.0,0.5,indep,equal sd,2.705666128784368e-15,adjusted table,2,0.6380538940429688,1.00423,1102.35,0,7.016,157.11944127708094,1727.213913072064
Scotland 2007,A,West Aberdeenshire and Kincardine,2.388024616466966,35807.0,0.5,raked,equal sd,1.945901422236198e-15,position logit,2,0.29991960525512695,1.00269,623.706,0,7.448,83.74140708915145,2077.9848811630304
Scotland 2007,A,West Aberdeenshire and Kincardine,2.388024616466966,35807.0,0.5,raked,equal sd,1.945901422236198e-15,odds-ratio logit,2,0.26575279235839844,1.00165,707.036,0,7.0,101.00514285714284,2659.5052875291685
Scotland 2007,A,West Aberdeenshire and Kincardine,2.388024616466966,35807.0,0.5,raked,equal sd,1.945901422236198e-15,adjusted row,2,0.4196786880493164,1.00222,775.916,0,7.056,109.9654195011338,1848.3493878155598
Scotland 2007,A,West Aberdeenshire and Kincardine,2.388024616466966,35807.0,0.5,raked,equal sd,1.945901422236198e-15,adjusted table,2,0.8306252956390381,1.00207,953.228,0,7.848,121.46126401630988,1147.4668752911625
Scotland 2007,A,West Aberdeenshire and Kincardine,2.388024616466966,35807.0,0.5,national,equal sd,8.68212382767835,position logit,2,0.2946465015411377,1.00227,679.855,0,7.744,87.79119318181819,2306.1713000769123
Scotland 2007,A,West Aberdeenshire and Kincardine,2.388024616466966,35807.0,0.5,national,equal sd,8.68212382767835,odds-ratio logit,2,0.28099632263183594,1.00443,353.399,0,8.792,40.1955186533212,1257.0370050306485
Scotland 2007,A,West Aberdeenshire and Kincardine,2.388024616466966,35807.0,0.5,national,equal sd,8.68212382767835,adjusted row,2,0.4146456718444824,1.00248,643.491,0,7.008,91.82234589041096,1551.5372971625632
Scotland 2007,A,West Aberdeenshire and Kincardine,2.388024616466966,35807.0,0.5,national,equal sd,8.68212382767835,adjusted table,2,0.7918376922607422,1.00174,593.05,0,7.68,77.22005208333333,748.862897653308
Scotland 2007,A,West Aberdeenshire and Kincardine,2.388024616466966,35807.0,0.5,national,interactions only,0.08682123827678351,position logit,2,0.30840301513671875,1.00435,575.864,0,7.956,72.38109602815486,1866.6317444312465
Scotland 2007,A,West Aberdeenshire and Kincardine,2.388024616466966,35807.0,0.5,national,interactions only,0.08682123827678351,odds-ratio logit,2,0.2850334644317627,1.00537,596.825,0,8.168,73.06868266405486,2093.155601043206
Scotland 2007,A,West Aberdeenshire and Kincardine,2.388024616466966,35807.0,0.5,national,interactions only,0.08682123827678351,adjusted row,2,0.4252970218658447,1.00665,663.785,0,7.696,86.2506496881497,1560.3958894698405
Scotland 2007,A,West Aberdeenshire and Kincardine,2.388024616466966,35807.0,0.5,national,interactions only,0.08682123827678351,adjusted table,2,0.729999303817749,1.00059,1454.88,0,7.0,207.84,1992.716808627365
Scotland 2007,A,West Aberdeenshire and Kincardine,2.388024616466966,35807.0,2.0,indep,equal sd,6.76416532196092e-16,position logit,2,1.2033753395080566,1.00506,524.258,0,51.704,10.139602351848987,435.62078787289266
Scotland 2007,A,West Aberdeenshire and Kincardine,2.388024616466966,35807.0,2.0,indep,equal sd,6.76416532196092e-16,odds-ratio logit,2,0.5604672431945801,1.0073,256.494,0,18.624,13.772229381443301,457.56530160558367
Scotland 2007,A,West Aberdeenshire and Kincardine,2.388024616466966,35807.0,2.0,indep,equal sd,6.76416532196092e-16,adjusted row,2,0.5482666492462158,1.00591,471.873,0,12.128,38.90773416886543,860.3326049604409
Scotland 2007,A,West Aberdeenshire and Kincardine,2.388024616466966,35807.0,2.0,indep,equal sd,6.76416532196092e-16,adjusted table,2,1.1177735328674316,1.00714,579.849,0,12.272,47.249755541069106,518.692046962595
Scotland 2007,A,West Aberdeenshire and Kincardine,2.388024616466966,35807.0,2.0,raked,equal sd,4.864753555590495e-16,position logit,2,1.603407859802246,1.00482,430.94,0,74.48,5.785982814178302,268.73828077640746
Scotland 2007,A,West Aberdeenshire and Kincardine,2.388024616466966,35807.0,2.0,raked,equal sd,4.864753555590495e-16,odds-ratio logit,2,0.5785732269287109,1.02008,174.511,0,26.088,6.689320760502913,301.56845838763223
Scotland 2007,A,West Aberdeenshire and Kincardine,2.388024616466966,35807.0,2.0,raked,equal sd,4.864753555590495e-16,adjusted row,2,0.6009974479675293,1.0054,231.855,0,12.168,19.05448717948718,385.65332017775887
Scotland 2007,A,West Aberdeenshire and Kincardine,2.388024616466966,35807.0,2.0,raked,equal sd,4.864753555590495e-16,adjusted table,2,1.5580978393554688,1.00607,438.146,0,13.144,33.33429701765064,281.18638505719076
Scotland 2007,A,West Aberdeenshire and Kincardine,2.388024616466966,35807.0,2.0,national,equal sd,2.1705309569195874,position logit,2,1.8817017078399658,1.00316,289.39,1,86.197,3.357309419121315,153.78359715803256
Scotland 2007,A,West Aberdeenshire and Kincardine,2.388024616466966,35807.0,2.0,national,equal sd,2.1705309569195874,odds-ratio logit,2,0.6633617877960205,1.0183,200.493,1,15.27,13.129862475442044,302.1932583518971
Scotland 2007,A,West Aberdeenshire and Kincardine,2.388024616466966,35807.0,2.0,national,equal sd,2.1705309569195874,adjusted row,2,0.5552453994750977,1.01193,104.492,1,12.108,8.629996696399076,188.14251414402628
Scotland 2007,A,West Aberdeenshire and Kincardine,2.388024616466966,35807.0,2.0,national,equal sd,2.1705309569195874,adjusted table,2,1.1764860153198242,1.00989,455.8,0,13.824,32.97164351851852,387.3686341359731
Scotland 2007,A,West Aberdeenshire and Kincardine,2.388024616466966,35807.0,2.0,national,interactions only,0.08682123827678351,position logit,2,2.9197678565979004,1.00544,260.427,2,78.79,3.305330625713923,89.18891397655781
Scotland 2007,A,West Aberdeenshire and Kincardine,2.388024616466966,35807.0,2.0,national,interactions only,0.08682123827678351,odds-ratio logit,2,1.2735135555267334,1.01246,266.814,0,47.172,5.656194352582041,209.49441013091962
Scotland 2007,A,West Aberdeenshire and Kincardine,2.388024616466966,35807.0,2.0,national,interactions only,0.08682123827678351,adjusted row,2,0.6787467002868652,1.00647,407.928,0,12.84,31.770093457943926,600.8654708567046
Scotland 2007,A,West Aberdeenshire and Kincardine,2.388024616466966,35807.0,2.0,national,interactions only,0.08682123827678351,adjusted table,2,0.8837804794311523,1.00168,574.551,0,7.088,81.05967832957111,650.0004470743472
Scotland 2007,B,Argyll and Bute,1.494623524812459,296.92,1.0,raked,equal sd,0.0,position logit,2,0.6312770843505859,1.00631,560.76,0,25.024,22.408887468030688,888.1177931612604
Scotland 2007,B,Argyll and Bute,1.494623524812459,296.92,1.0,raked,equal sd,0.0,odds-ratio logit,2,0.39862775802612305,1.00576,684.814,0,14.824,46.19630329195898,1717.325609087425
Scotland 2007,B,Argyll and Bute,1.494623524812459,296.92,1.0,raked,equal sd,0.0,adjusted row,2,0.5562303066253662,1.00378,685.593,0,12.808,53.52849781386633,1232.353277937439
Scotland 2007,B,Argyll and Bute,1.494623524812459,296.92,1.0,raked,equal sd,0.0,adjusted table,2,1.0655536651611328,1.0015,709.314,0,13.216,53.67085351089588,665.6133207424244
Scotland 2007,B,Argyll and Bute,1.494623524812459,29692.0,1.0,raked,equal sd,0.0,position logit,2,0.3868443965911865,1.0057,463.248,2,14.482,31.987846982460987,1197.16976642101
Scotland 2007,B,Argyll and Bute,1.494623524812459,29692.0,1.0,raked,equal sd,0.0,odds-ratio logit,2,0.30798816680908203,1.00421,449.775,0,12.024,37.4064371257485,1459.7340060076417
Scotland 2007,B,Argyll and Bute,1.494623524812459,29692.0,1.0,raked,equal sd,0.0,adjusted row,2,0.4286081790924072,1.00791,421.956,0,7.36,57.330978260869564,984.2299242307037
Scotland 2007,B,Argyll and Bute,1.494623524812459,29692.0,1.0,raked,equal sd,0.0,adjusted table,2,0.7500555515289307,1.00271,632.238,0,7.112,88.89735658042746,842.8052969674819
Scotland 2007,B,Argyll and Bute,1.494623524812459,2969200.0,1.0,raked,equal sd,0.0,position logit,2,0.34203338623046875,1.00548,400.062,1,9.821,40.73536299765808,1169.2192671381688
Scotland 2007,B,Argyll and Bute,1.494623524812459,2969200.0,1.0,raked,equal sd,0.0,odds-ratio logit,2,0.3646719455718994,1.00328,564.015,0,12.672,44.50875946969697,1546.2039987372325
Scotland 2007,B,Argyll and Bute,1.494623524812459,2969200.0,1.0,raked,equal sd,0.0,adjusted row,2,0.43013930320739746,1.00284,499.329,0,7.648,65.28883368200837,1160.5981281672323
Scotland 2007,B,Argyll and Bute,1.494623524812459,2969200.0,1.0,raked,equal sd,0.0,adjusted table,2,0.8704385757446289,1.00293,592.547,0,7.76,76.35914948453609,680.6677764872785
New Zealand 2017,A,East Coast,0.5705341122621032,37932.0,0.5,indep,equal sd,2.9724135207732003e-15,position logit,1,0.2872626781463623,1.00351,858.086,0,7.032,122.02588168373151,2985.990062509541
New Zealand 2017,A,East Coast,0.5705341122621032,37932.0,0.5,indep,equal sd,2.9724135207732003e-15,odds-ratio logit,1,0.3104531764984131,1.00408,606.819,0,10.552,57.50748673237301,1953.68552839817
New Zealand 2017,A,East Coast,0.5705341122621032,37932.0,0.5,indep,equal sd,2.9724135207732003e-15,adjusted row,1,0.4597952365875244,1.0003,943.172,0,7.0,134.73885714285714,2049.994425296297
New Zealand 2017,A,East Coast,0.5705341122621032,37932.0,0.5,indep,equal sd,2.9724135207732003e-15,adjusted table,1,0.6382448673248291,1.00166,1099.86,0,7.0,157.12285714285713,1722.9854906467617
New Zealand 2017,A,East Coast,0.5705341122621032,37932.0,0.5,raked,equal sd,0.0,position logit,1,0.3410978317260742,1.01006,534.518,0,11.12,48.0681654676259,1566.5689933275523
New Zealand 2017,A,East Coast,0.5705341122621032,37932.0,0.5,raked,equal sd,0.0,odds-ratio logit,1,0.44864869117736816,1.00387,539.276,0,9.408,57.32100340136054,1201.732389204272
New Zealand 2017,A,East Coast,0.5705341122621032,37932.0,0.5,raked,equal sd,0.0,adjusted row,1,0.49663662910461426,1.00135,706.695,0,7.88,89.68210659898477,1422.0300542023883
New Zealand 2017,A,East Coast,0.5705341122621032,37932.0,0.5,raked,equal sd,0.0,adjusted table,1,0.7474722862243652,1.00142,1144.63,0,7.008,163.33190639269407,1531.0906717225434
New Zealand 2017,A,East Coast,0.5705341122621032,37932.0,0.5,national,equal sd,2.6104722889847296,position logit,1,0.35546374320983887,1.00245,553.346,0,13.472,41.07378266033254,1556.2523242077596
New Zealand 2017,A,East Coast,0.5705341122621032,37932.0,0.5,national,equal sd,2.6104722889847296,odds-ratio logit,1,0.2890152931213379,1.00891,545.225,0,7.208,75.64164816870145,1885.847807413956
New Zealand 2017,A,East Coast,0.5705341122621032,37932.0,0.5,national,equal sd,2.6104722889847296,adjusted row,1,0.49648046493530273,1.00125,834.46,0,7.012,119.00456360524817,1680.409578699576
New Zealand 2017,A,East Coast,0.5705341122621032,37932.0,0.5,national,equal sd,2.6104722889847296,adjusted table,1,0.804755687713623,1.00098,1055.93,0,7.0,150.84714285714287,1311.8672611100465
New Zealand 2017,A,East Coast,0.5705341122621032,37932.0,0.5,national,interactions only,0.026104722889847297,position logit,1,0.3734619617462158,1.0043,666.699,0,13.608,48.99316578483245,1784.726657435206
New Zealand 2017,A,East Coast,0.5705341122621032,37932.0,0.5,national,interactions only,0.026104722889847297,odds-ratio logit,1,0.3161909580230713,1.00452,490.739,0,9.368,52.3846071733561,1551.5598080032805
New Zealand 2017,A,East Coast,0.5705341122621032,37932.0,0.5,national,interactions only,0.026104722889847297,adjusted row,1,0.4002208709716797,1.00283,677.355,0,7.08,95.67161016949153,1691.8160080034302
New Zealand 2017,A,East Coast,0.5705341122621032,37932.0,0.5,national,interactions only,0.026104722889847297,adjusted table,1,0.6768956184387207,1.00053,1436.82,0,7.0,205.26,2122.3247131875546
New Zealand 2017,A,East Coast,0.5705341122621032,37932.0,2.0,indep,equal sd,7.431033801933001e-16,position logit,1,2.00141978263855,1.00833,282.847,1,86.078,3.285938334998489,141.31290724896317
New Zealand 2017,A,East Coast,0.5705341122621032,37932.0,2.0,indep,equal sd,7.431033801933001e-16,odds-ratio logit,1,0.8701798915863037,1.00978,254.642,1,37.381,6.8120703030951555,292.59753493568337
New Zealand 2017,A,East Coast,0.5705341122621032,37932.0,2.0,indep,equal sd,7.431033801933001e-16,adjusted row,1,0.5581815242767334,1.00253,572.546,0,14.12,40.5485835694051,1025.5552538546426
New Zealand 2017,A,East Coast,0.5705341122621032,37932.0,2.0,indep,equal sd,7.431033801933001e-16,adjusted table,1,1.064359426498413,1.00642,570.904,0,11.352,50.29105003523608,536.3336989792044
New Zealand 2017,A,East Coast,0.5705341122621032,37932.0,2.0,raked,equal sd,0.0,position logit,1,2.7143919467926025,1.01096,314.774,0,116.72,2.696830020562029,115.96032782046734
New Zealand 2017,A,East Coast,0.5705341122621032,37932.0,2.0,raked,equal sd,0.0,odds-ratio logit,1,0.8572423458099365,1.02811,70.9694,0,32.272,2.1991013882002974,82.7784006903316
New Zealand 2017,A,East Coast,0.5705341122621032,37932.0,2.0,raked,equal sd,0.0,adjusted row,1,0.6537468433380127,1.00269,498.566,0,14.6,34.148356164383564,762.5097971383148
New Zealand 2017,A,East Coast,0.5705341122621032,37932.0,2.0,raked,equal sd,0.0,adjusted table,1,0.9832463264465332,1.00615,361.469,0,12.216,29.58980026195154,367.59148747916385
New Zealand 2017,A,East Coast,0.5705341122621032,37932.0,2.0,national,equal sd,0.6526180722461824,position logit,1,3.1635119915008545,1.01056,328.51,3,135.46,2.425143953934741,103.84030418867607
New Zealand 2017,A,East Coast,0.5705341122621032,37932.0,2.0,national,equal sd,0.6526180722461824,odds-ratio logit,1,1.0638306140899658,1.01151,209.465,0,44.536,4.7032737560625115,196.8756358212594
New Zealand 2017,A,East Coast,0.5705341122621032,37932.0,2.0,national,equal sd,0.6526180722461824,adjusted row,1,0.6331954002380371,1.00501,383.385,0,14.32,26.772695530726256,605.3742566304617
New Zealand 2017,A,East Coast,0.5705341122621032,37932.0,2.0,national,equal sd,0.6526180722461824,adjusted table,1,1.0256757736206055,1.0056,540.679,0,10.968,49.296043034281546,527.0625701986352
New Zealand 2017,A,East Coast,0.5705341122621032,37932.0,2.0,national,interactions only,0.026104722889847297,position logit,1,8.650432109832764,1.00864,348.726,1,482.184,0.7232218406251555,40.31226626185256
New Zealand 2017,A,East Coast,0.5705341122621032,37932.0,2.0,national,interactions only,0.026104722889847297,odds-ratio logit,1,1.6973819732666016,1.01802,204.191,2,61.747,3.3068975010931707,120.29077013672267
New Zealand 2017,A,East Coast,0.5705341122621032,37932.0,2.0,national,interactions only,0.026104722889847297,adjusted row,1,0.7241175174713135,1.00513,454.404,0,15.016,30.26132125732552,627.4358385825722
New Zealand 2017,A,East Coast,0.5705341122621032,37932.0,2.0,national,interactions only,0.026104722889847297,adjusted table,1,0.8909366130828857,1.0069,544.154,0,6.996,77.78073184676958,610.6949809463797
New Zealand 2017,A,Tukituki,0.9193945134131708,38547.0,0.5,indep,equal sd,2.190039795013723e-15,position logit,1,0.4216501712799072,1.00331,672.555,0,9.304,72.28665090283748,1594.6703713322272
New Zealand 2017,A,Tukituki,0.9193945134131708,38547.0,0.5,indep,equal sd,2.190039795013723e-15,odds-ratio logit,1,0.3401756286621094,1.00381,451.157,0,8.6,52.460116279069766,1325.87556735426
New Zealand 2017,A,Tukituki,0.9193945134131708,38547.0,0.5,indep,equal sd,2.190039795013723e-15,adjusted row,1,0.42638111114501953,1.00401,953.114,0,7.04,135.38551136363637,2234.8034104454628
New Zealand 2017,A,Tukituki,0.9193945134131708,38547.0,0.5,indep,equal sd,2.190039795013723e-15,adjusted table,1,0.6319630146026611,1.001,1064.66,0,6.988,152.35546651402404,1684.424110002833
New Zealand 2017,A,Tukituki,0.9193945134131708,38547.0,0.5,raked,equal sd,0.0,position logit,1,0.3073141574859619,1.00689,361.286,0,9.072,39.82429453262787,1175.2185992582677
New Zealand 2017,A,Tukituki,0.9193945134131708,38547.0,0.5,raked,equal sd,0.0,odds-ratio logit,1,0.3111860752105713,1.00863,590.61,0,10.712,55.13536221060493,1897.0831406202974
New Zealand 2017,A,Tukituki,0.9193945134131708,38547.0,0.5,raked,equal sd,0.0,adjusted row,1,0.46770715713500977,1.00604,753.065,0,7.08,106.36511299435028,1609.7941504425862
New Zealand 2017,A,Tukituki,0.9193945134131708,38547.0,0.5,raked,equal sd,0.0,adjusted table,1,0.7486412525177002,1.00266,1109.98,0,7.04,157.66761363636363,1482.4597076853906
New Zealand 2017,A,Tukituki,0.9193945134131708,38547.0,0.5,national,equal sd,4.1474189737374045,position logit,1,0.4168984889984131,1.00396,673.276,0,12.276,54.84490061909416,1614.1321634204057
New Zealand 2017,A,Tukituki,0.9193945134131708,38547.0,0.5,national,equal sd,4.1474189737374045,odds-ratio logit,1,0.37381863594055176,1.00355,772.201,0,13.696,56.38149824766355,2065.1755183773666
New Zealand 2017,A,Tukituki,0.9193945134131708,38547.0,0.5,national,equal sd,4.1474189737374045,adjusted row,1,0.4143497943878174,1.00262,867.161,0,7.04,123.1762784090909,2092.3202889582913
New Zealand 2017,A,Tukituki,0.9193945134131708,38547.0,0.5,national,equal sd,4.1474189737374045,adjusted table,1,0.8290891647338867,1.00261,807.022,0,7.396,109.11600865332613,973.2576218163647
New Zealand 2017,A,Tukituki,0.9193945134131708,38547.0,0.5,national,interactions only,0.041474189737374045,position logit,1,0.39737749099731445,1.00429,640.418,0,12.696,50.44250157529931,1611.2186821119915
New Zealand 2017,A,Tukituki,0.9193945134131708,38547.0,0.5,national,interactions only,0.041474189737374045,odds-ratio logit,1,0.35962462425231934,1.00423,499.285,0,12.792,39.031035021888684,1387.974992189069
New Zealand 2017,A,Tukituki,0.9193945134131708,38547.0,0.5,national,interactions only,0.041474189737374045,adjusted row,1,0.3963348865509033,1.00266,812.621,0,6.996,116.15508862206974,2049.4652085399307
New Zealand 2017,A,Tukituki,0.9193945134131708,38547.0,0.5,national,interactions only,0.041474189737374045,adjusted table,1,0.6728641986846924,1.00703,1517.31,0,6.976,217.5043004587156,2254.4266807136023
New Zealand 2017,A,Tukituki,0.9193945134131708,38547.0,2.0,indep,equal sd,5.475099487534308e-16,position logit,1,1.4148211479187012,1.01308,363.349,2,62.467,5.816655193942402,256.7941801422448
New Zealand 2017,A,Tukituki,0.9193945134131708,38547.0,2.0,indep,equal sd,5.475099487534308e-16,odds-ratio logit,1,0.7059662342071533,1.00611,257.842,0,28.984,8.896011592602814,365.16185508702694
New Zealand 2017,A,Tukituki,0.9193945134131708,38547.0,2.0,indep,equal sd,5.475099487534308e-16,adjusted row,1,0.6256647109985352,1.00642,714.435,0,13.752,51.95135253054101,1141.609239310072
New Zealand 2017,A,Tukituki,0.9193945134131708,38547.0,2.0,indep,equal sd,5.475099487534308e-16,adjusted table,1,1.145472764968872,1.00512,525.999,0,13.552,38.81338547815821,458.8930051767431
New Zealand 2017,A,Tukituki,0.9193945134131708,38547.0,2.0,raked,equal sd,0.0,position logit,1,4.038143157958984,1.00739,342.042,3,188.64,1.8131997455470739,84.70074164938264
New Zealand 2017,A,Tukituki,0.9193945134131708,38547.0,2.0,raked,equal sd,0.0,odds-ratio logit,1,0.9371705055236816,1.01545,188.379,1,47.567,3.960287594340614,200.986669010989
New Zealand 2017,A,Tukituki,0.9193945134131708,38547.0,2.0,raked,equal sd,0.0,adjusted row,1,0.7331123352050781,1.01605,427.286,0,14.392,29.689132851584215,582.7411505084365
New Zealand 2017,A,Tukituki,0.9193945134131708,38547.0,2.0,raked,equal sd,0.0,adjusted table,1,1.162097454071045,1.00174,551.827,0,14.352,38.44948439241917,474.799870394968
New Zealand 2017,A,Tukituki,0.9193945134131708,38547.0,2.0,national,equal sd,1.0368547434343511,position logit,1,5.533923387527466,1.00638,447.802,1,325.687,1.3749458836244615,80.9172121938874
New Zealand 2017,A,Tukituki,0.9193945134131708,38547.0,2.0,national,equal sd,1.0368547434343511,odds-ratio logit,1,0.9600155353546143,1.05422,71.3601,2,30.72,2.322919921875,74.31870566117006
New Zealand 2017,A,Tukituki,0.9193945134131708,38547.0,2.0,national,equal sd,1.0368547434343511,adjusted row,1,0.7444415092468262,1.01051,112.587,1,14.903,7.554653425484802,151.21705727413945
New Zealand 2017,A,Tukituki,0.9193945134131708,38547.0,2.0,national,equal sd,1.0368547434343511,adjusted table,1,1.1428704261779785,1.00409,485.433,0,10.488,46.28461098398169,424.6939194300073
New Zealand 2017,A,Tukituki,0.9193945134131708,38547.0,2.0,national,interactions only,0.041474189737374045,position logit,1,12.252074241638184,1.00553,240.822,3,701.314,0.34338684241295625,19.655457196372982
New Zealand 2017,A,Tukituki,0.9193945134131708,38547.0,2.0,national,interactions only,0.041474189737374045,odds-ratio logit,1,1.5378222465515137,1.00764,311.758,9,41.265,7.555022416091118,202.71430699778745
New Zealand 2017,A,Tukituki,0.9193945134131708,38547.0,2.0,national,interactions only,0.041474189737374045,adjusted row,1,0.6429221630096436,1.0085,441.92,0,13.856,31.89376443418014,687.2509816039407
New Zealand 2017,A,Tukituki,0.9193945134131708,38547.0,2.0,national,interactions only,0.041474189737374045,adjusted table,1,0.9601902961730957,1.00426,583.327,0,7.0,83.33242857142857,607.447160917026
New Zealand 2017,A,Pakuranga,1.190502369445735,35422.0,0.5,indep,equal sd,3.1875583852294587e-15,position logit,1,0.35154223442077637,1.00475,729.544,0,9.752,74.80968006562756,2074.7027664535867
New Zealand 2017,A,Pakuranga,1.190502369445735,35422.0,0.5,indep,equal sd,3.1875583852294587e-15,odds-ratio logit,1,0.3088235855102539,1.00765,567.751,0,10.488,54.13339054157132,1837.2442807388416
New Zealand 2017,A,Pakuranga,1.190502369445735,35422.0,0.5,indep,equal sd,3.1875583852294587e-15,adjusted row,1,0.4307363033294678,1.0008,959.926,0,7.072,135.73614253393666,2228.0495575434365
New Zealand 2017,A,Pakuranga,1.190502369445735,35422.0,0.5,indep,equal sd,3.1875583852294587e-15,adjusted table,1,0.7327609062194824,1.00424,1106.19,0,7.0,158.02714285714288,1509.4248071161012
New Zealand 2017,A,Pakuranga,1.190502369445735,35422.0,0.5,raked,equal sd,0.0,position logit,1,0.47655153274536133,1.00463,937.149,0,14.432,64.93549057649668,1965.814712271589
New Zealand 2017,A,Pakuranga,1.190502369445735,35422.0,0.5,raked,equal sd,0.0,odds-ratio logit,1,0.35886454582214355,1.00209,556.293,0,9.136,60.89021453590193,1549.4125809545249
New Zealand 2017,A,Pakuranga,1.190502369445735,35422.0,0.5,raked,equal sd,0.0,adjusted row,1,0.45134544372558594,1.00201,871.958,0,7.048,123.71708286038591,1931.4920016562028
New Zealand 2017,A,Pakuranga,1.190502369445735,35422.0,0.5,raked,equal sd,0.0,adjusted table,1,0.7007451057434082,1.0025,904.271,0,7.008,129.03410388127853,1290.2314084292584
New Zealand 2017,A,Pakuranga,1.190502369445735,35422.0,0.5,national,equal sd,3.3187297085238043,position logit,1,0.38393402099609375,1.00275,824.307,0,14.256,57.82175925925926,2146.45254709489
New Zealand 2017,A,Pakuranga,1.190502369445735,35422.0,0.5,national,equal sd,3.3187297085238043,odds-ratio logit,1,0.2789614200592041,1.00765,543.465,0,9.432,57.61927480916031,1947.04604096945
New Zealand 2017,A,Pakuranga,1.190502369445735,35422.0,0.5,national,equal sd,3.3187297085238043,adjusted row,1,0.4468085765838623,1.00208,971.465,0,7.0,138.78071428571428,2173.5338267369093
New Zealand 2017,A,Pakuranga,1.190502369445735,35422.0,0.5,national,equal sd,3.3187297085238043,adjusted table,1,0.7867231369018555,1.00204,862.495,0,7.08,121.82132768361582,1096.043870183517
New Zealand 2017,A,Pakuranga,1.190502369445735,35422.0,0.5,national,interactions only,0.03318729708523804,position logit,1,0.3694298267364502,1.00385,769.476,0,14.752,52.160791757049886,2080.6737397681704
New Zealand 2017,A,Pakuranga,1.190502369445735,35422.0,0.5,national,interactions only,0.03318729708523804,odds-ratio logit,1,0.2979440689086914,1.00238,516.61,0,10.192,50.68779434850863,1733.056215399972
New Zealand 2017,A,Pakuranga,1.190502369445735,35422.0,0.5,national,interactions only,0.03318729708523804,adjusted row,1,0.4201526641845703,1.00859,763.263,0,7.232,105.53968473451327,1816.1811314959102
New Zealand 2017,A,Pakuranga,1.190502369445735,35422.0,0.5,national,interactions only,0.03318729708523804,adjusted table,1,0.7135152816772461,1.00129,1267.98,0,6.996,181.2435677530017,1776.8239791577157
New Zealand 2017,A,Pakuranga,1.190502369445735,35422.0,2.0,indep,equal sd,7.968895963073647e-16,position logit,1,1.413353443145752,1.00387,443.684,1,65.784,6.7445579472212085,313.8963632560152
New Zealand 2017,A,Pakuranga,1.190502369445735,35422.0,2.0,indep,equal sd,7.968895963073647e-16,odds-ratio logit,1,0.6304507255554199,1.00867,208.359,0,20.224,10.30256131329114,330.40303632909456
New Zealand 2017,A,Pakuranga,1.190502369445735,35422.0,2.0,indep,equal sd,7.968895963073647e-16,adjusted row,1,0.580228328704834,1.00363,597.509,0,12.636,47.286245647356765,1029.609500138657
New Zealand 2017,A,Pakuranga,1.190502369445735,35422.0,2.0,indep,equal sd,7.968895963073647e-16,adjusted table,1,1.0090594291687012,1.00604,674.277,0,11.48,58.734930313588855,668.1516057641877
New Zealand 2017,A,Pakuranga,1.190502369445735,35422.0,2.0,raked,equal sd,0.0,position logit,1,4.025995969772339,1.00863,327.653,3,244.391,1.3406917603348734,81.38239641165127
New Zealand 2017,A,Pakuranga,1.190502369445735,35422.0,2.0,raked,equal sd,0.0,odds-ratio logit,1,0.794104814529419,1.00466,263.658,1,30.387,8.676670944811926,331.9547596680398
New Zealand 2017,A,Pakuranga,1.190502369445735,35422.0,2.0,raked,equal sd,0.0,adjusted row,1,0.5670921802520752,1.00143,507.634,0,14.544,34.903327832783276,895.0027708535891
New Zealand 2017,A,Pakuranga,1.190502369445735,35422.0,2.0,raked,equal sd,0.0,adjusted table,1,0.9619259834289551,1.0058,576.911,0,9.496,60.75305391743891,599.6871663433294
New Zealand 2017,A,Pakuranga,1.190502369445735,35422.0,2.0,national,equal sd,0.8296824271309511,position logit,1,3.589496374130249,1.0049,388.316,1,179.369,2.1649002893476577,108.17818952876611
New Zealand 2017,A,Pakuranga,1.190502369445735,35422.0,2.0,national,equal sd,0.8296824271309511,odds-ratio logit,1,0.8847529888153076,1.01921,90.3506,0,41.258,2.189892869261719,102.10790933383485
New Zealand 2017,A,Pakuranga,1.190502369445735,35422.0,2.0,national,equal sd,0.8296824271309511,adjusted row,1,0.6618673801422119,1.00413,513.766,0,14.728,34.88362303096143,776.1235683266467
New Zealand 2017,A,Pakuranga,1.190502369445735,35422.0,2.0,national,equal sd,0.8296824271309511,adjusted table,1,1.0957152843475342,1.00626,470.253,0,12.456,37.753131021194605,429.13588141794395
New Zealand 2017,A,Pakuranga,1.190502369445735,35422.0,2.0,national,interactions only,0.03318729708523804,position logit,1,14.385130167007446,1.01226,275.277,0,881.688,0.3122158858916079,19.136068264025884
New Zealand 2017,A,Pakuranga,1.190502369445735,35422.0,2.0,national,interactions only,0.03318729708523804,odds-ratio logit,1,2.3245112895965576,1.01071,310.739,1,92.714,3.351586599650538,133.67257752110828
New Zealand 2017,A,Pakuranga,1.190502369445735,35422.0,2.0,national,interactions only,0.03318729708523804,adjusted row,1,0.7474932670593262,1.00553,565.517,0,14.816,38.1693439524838,756.370358578096
New Zealand 2017,A,Pakuranga,1.190502369445735,35422.0,2.0,national,interactions only,0.03318729708523804,adjusted table,1,0.8537712097167969,1.00218,722.036,0,7.0,103.148,845.601854845591
New Zealand 2017,A,Helensville,1.5373180579824293,38676.0,0.5,indep,equal sd,3.5438207645306368e-15,position logit,1,0.3817265033721924,1.00495,766.122,0,9.772,78.3997134670487,2006.4968785517324
New Zealand 2017,A,Helensville,1.5373180579824293,38676.0,0.5,indep,equal sd,3.5438207645306368e-15,odds-ratio logit,1,0.35948753356933594,1.00397,500.813,0,9.928,50.44450040290088,1392.6639301414502
New Zealand 2017,A,Helensville,1.5373180579824293,38676.0,0.5,indep,equal sd,3.5438207645306368e-15,adjusted row,1,0.4736671447753906,1.00341,965.619,0,7.0,137.94557142857144,2038.1756683924475
New Zealand 2017,A,Helensville,1.5373180579824293,38676.0,0.5,indep,equal sd,3.5438207645306368e-15,adjusted table,1,0.7001693248748779,1.00309,972.436,0,7.048,137.9733257661748,1388.6649304641398
New Zealand 2017,A,Helensville,1.5373180579824293,38676.0,0.5,raked,equal sd,0.0,position logit,1,0.38649654388427734,1.00412,777.658,0,11.896,65.37138533960994,2011.4170855088462
New Zealand 2017,A,Helensville,1.5373180579824293,38676.0,0.5,raked,equal sd,0.0,odds-ratio logit,1,0.32214808464050293,1.00819,611.865,0,10.632,57.54937923250564,1898.4432189860017
New Zealand 2017,A,Helensville,1.5373180579824293,38676.0,0.5,raked,equal sd,0.0,adjusted row,1,0.41953372955322266,1.00114,698.565,0,7.32,95.43237704918033,1664.6482379463314
New Zealand 2017,A,Helensville,1.5373180579824293,38676.0,0.5,raked,equal sd,0.0,adjusted table,1,0.7594208717346191,1.00288,1020.88,0,7.224,141.31782945736433,1344.0398299845974
New Zealand 2017,A,Helensville,1.5373180579824293,38676.0,0.5,national,equal sd,6.590804685711675,position logit,1,0.4471461772918701,1.00289,989.884,0,12.84,77.093769470405,2213.2883522902525
New Zealand 2017,A,Helensville,1.5373180579824293,38676.0,0.5,national,equal sd,6.590804685711675,odds-ratio logit,1,0.3530154228210449,1.00175,612.327,0,11.288,54.245836286321754,1734.0697260285442
New Zealand 2017,A,Helensville,1.5373180579824293,38676.0,0.5,national,equal sd,6.590804685711675,adjusted row,1,0.4856560230255127,1.00321,893.981,0,7.232,123.61462942477876,1840.3814258255175
New Zealand 2017,A,Helensville,1.5373180579824293,38676.0,0.5,national,equal sd,6.590804685711675,adjusted table,1,0.8052618503570557,1.00203,954.466,0,7.136,133.75364349775785,1185.0766779611445
New Zealand 2017,A,Helensville,1.5373180579824293,38676.0,0.5,national,interactions only,0.06590804685711675,position logit,1,0.41757750511169434,1.00655,688.691,0,14.288,48.20065789473684,1648.8520663678246
New Zealand 2017,A,Helensville,1.5373180579824293,38676.0,0.5,national,interactions only,0.06590804685711675,odds-ratio logit,1,0.3515818119049072,1.00462,444.205,0,11.528,38.532702984038856,1263.0556127931839
New Zealand 2017,A,Helensville,1.5373180579824293,38676.0,0.5,national,interactions only,0.06590804685711675,adjusted row,1,0.3923928737640381,1.00371,941.373,0,6.996,134.55874785591766,2398.4161259294583
New Zealand 2017,A,Helensville,1.5373180579824293,38676.0,0.5,national,interactions only,0.06590804685711675,adjusted table,1,0.7093462944030762,1.00101,1289.37,0,6.992,184.40646453089244,1817.2692515707017
New Zealand 2017,A,Helensville,1.5373180579824293,38676.0,2.0,indep,equal sd,8.859551911326592e-16,position logit,1,2.3963561058044434,1.00432,517.453,2,94.232,5.491266236522625,215.9231474922641
New Zealand 2017,A,Helensville,1.5373180579824293,38676.0,2.0,indep,equal sd,8.859551911326592e-16,odds-ratio logit,1,0.6793656349182129,1.0188,101.997,0,30.468,3.3476762504923196,150.0896648040812
New Zealand 2017,A,Helensville,1.5373180579824293,38676.0,2.0,indep,equal sd,8.859551911326592e-16,adjusted row,1,0.5239489078521729,1.0029,682.827,0,10.696,63.83947270007479,1302.9581123962325
New Zealand 2017,A,Helensville,1.5373180579824293,38676.0,2.0,indep,equal sd,8.859551911326592e-16,adjusted table,1,1.1119329929351807,1.00254,812.743,0,13.72,59.237827988338196,730.864726080354
New Zealand 2017,A,Helensville,1.5373180579824293,38676.0,2.0,raked,equal sd,0.0,position logit,1,5.932190895080566,1.01064,240.262,1,324.543,0.7403086802057046,40.50057349474213
New Zealand 2017,A,Helensville,1.5373180579824293,38676.0,2.0,raked,equal sd,0.0,odds-ratio logit,1,1.4223732948303223,1.0045,300.046,0,78.968,3.799589707223179,210.93230370209713
New Zealand 2017,A,Helensville,1.5373180579824293,38676.0,2.0,raked,equal sd,0.0,adjusted row,1,0.6799471378326416,1.00267,437.67,0,13.992,31.28001715265866,643.5445170789577
New Zealand 2017,A,Helensville,1.5373180579824293,38676.0,2.0,raked,equal sd,0.0,adjusted table,1,1.0350868701934814,1.00801,691.417,0,10.408,66.43130284396618,667.8769206885919
New Zealand 2017,A,Helensville,1.5373180579824293,38676.0,2.0,national,equal sd,1.6477011714279188,position logit,1,2.560999870300293,1.00867,371.931,1,94.686,3.9280463848932254,145.22322707317966
New Zealand 2017,A,Helensville,1.5373180579824293,38676.0,2.0,national,equal sd,1.6477011714279188,odds-ratio logit,1,0.8298115730285645,1.02027,168.555,1,35.904,4.6946022727272725,203.10044311043174
New Zealand 2017,A,Helensville,1.5373180579824293,38676.0,2.0,national,equal sd,1.6477011714279188,adjusted row,1,0.6702265739440918,1.00466,478.019,0,14.528,32.90329019823788,713.1076274190606
New Zealand 2017,A,Helensville,1.5373180579824293,38676.0,2.0,national,equal sd,1.6477011714279188,adjusted table,1,1.0671496391296387,1.00215,507.315,0,10.944,46.35553728070175,475.3325597613322
New Zealand 2017,A,Helensville,1.5373180579824293,38676.0,2.0,national,interactions only,0.06590804685711675,position logit,1,9.576814413070679,1.01296,328.554,2,504.206,0.6516265177328313,34.306878193417596
New Zealand 2017,A,Helensville,1.5373180579824293,38676.0,2.0,national,interactions only,0.06590804685711675,odds-ratio logit,1,2.0699236392974854,1.01805,73.495,1,84.408,0.8707113069851199,35.5038220153376
New Zealand 2017,A,Helensville,1.5373180579824293,38676.0,2.0,national,interactions only,0.06590804685711675,adjusted row,1,0.6305062770843506,1.00328,473.12,0,13.36,35.41317365269461,750.2656423014191
New Zealand 2017,A,Helensville,1.5373180579824293,38676.0,2.0,national,interactions only,0.06590804685711675,adjusted table,1,0.9631898403167725,1.00711,527.406,0,7.016,75.1718928164196,547.5020729441395
New Zealand 2017,A,Mangere,2.1277620161787745,27383.0,0.5,indep,equal sd,2.961778733473797e-15,position logit,1,0.3332362174987793,1.01234,609.302,0,7.012,86.89418140330862,1827.9077432286676
New Zealand 2017,A,Mangere,2.1277620161787745,27383.0,0.5,indep,equal sd,2.961778733473797e-15,odds-ratio logit,1,0.2783036231994629,1.00295,375.934,0,8.216,45.75632911392406,1350.318255061398
New Zealand 2017,A,Mangere,2.1277620161787745,27383.0,0.5,indep,equal sd,2.961778733473797e-15,adjusted row,1,0.49742794036865234,1.00081,967.522,0,7.0,138.21742857142857,1944.086079745214
New Zealand 2017,A,Mangere,2.1277620161787745,27383.0,0.5,indep,equal sd,2.961778733473797e-15,adjusted table,1,0.735192060470581,1.00591,759.207,0,9.36,81.11185897435898,1032.527900825803
New Zealand 2017,A,Mangere,2.1277620161787745,27383.0,0.5,raked,equal sd,0.0,position logit,1,0.37618303298950195,1.00345,425.033,0,7.912,53.72004550050556,1129.5669721555337
New Zealand 2017,A,Mangere,2.1277620161787745,27383.0,0.5,raked,equal sd,0.0,odds-ratio logit,1,0.30884480476379395,1.0023,733.302,0,7.676,95.53178738926525,2373.621688718764
New Zealand 2017,A,Mangere,2.1277620161787745,27383.0,0.5,raked,equal sd,0.0,adjusted row,1,0.6028368473052979,1.00224,1040.39,0,6.996,148.71212121212122,1725.2714945933446
New Zealand 2017,A,Mangere,2.1277620161787745,27383.0,0.5,raked,equal sd,0.0,adjusted table,1,1.0078260898590088,1.00267,831.468,0,10.28,80.88210116731517,824.8993740269834
New Zealand 2017,A,Mangere,2.1277620161787745,27383.0,0.5,national,equal sd,6.799553912994101,position logit,1,0.4340975284576416,1.00569,570.258,0,9.32,61.18648068669528,1313.365406711144
New Zealand 2017,A,Mangere,2.1277620161787745,27383.0,0.5,national,equal sd,6.799553912994101,odds-ratio logit,1,0.3083009719848633,1.00198,555.41,0,7.76,71.57345360824742,1800.8684340992984
New Zealand 2017,A,Mangere,2.1277620161787745,27383.0,0.5,national,equal sd,6.799553912994101,adjusted row,1,0.5148584842681885,1.0019,864.273,0,7.0,123.46757142857143,1678.3278597788233
New Zealand 2017,A,Mangere,2.1277620161787745,27383.0,0.5,national,equal sd,6.799553912994101,adjusted table,1,0.8969345092773438,1.00024,725.96,0,7.164,101.33445002791737,809.265898384656
New Zealand 2017,A,Mangere,2.1277620161787745,27383.0,0.5,national,interactions only,0.06799553912994101,position logit,1,0.3467528820037842,1.00526,437.85,0,10.608,41.27545248868778,1262.1116929492634
New Zealand 2017,A,Mangere,2.1277620161787745,27383.0,0.5,national,interactions only,0.06799553912994101,odds-ratio logit,1,0.4632296562194824,1.0068,486.758,0,11.032,44.1223712835388,1050.3432665581481
New Zealand 2017,A,Mangere,2.1277620161787745,27383.0,0.5,national,interactions only,0.06799553912994101,adjusted row,1,0.5649416446685791,1.00275,753.964,0,7.152,105.42002237136465,1334.3638350502588
New Zealand 2017,A,Mangere,2.1277620161787745,27383.0,0.5,national,interactions only,0.06799553912994101,adjusted table,1,0.8051297664642334,1.00071,1552.58,0,6.988,222.17801946193472,1928.0042658683044
New Zealand 2017,A,Mangere,2.1277620161787745,27383.0,2.0,indep,equal sd,7.404446833684493e-16,position logit,1,1.0875632762908936,1.01109,529.458,0,45.26,11.698144056562086,486.78617197014097
New Zealand 2017,A,Mangere,2.1277620161787745,27383.0,2.0,indep,equal sd,7.404446833684493e-16,odds-ratio logit,1,0.5255486965179443,1.01209,317.939,0,20.44,15.554745596868885,604.8464627925395
New Zealand 2017,A,Mangere,2.1277620161787745,27383.0,2.0,indep,equal sd,7.404446833684493e-16,adjusted row,1,0.4573061466217041,1.00847,571.872,0,8.136,70.28908554572271,1250.2586762839674
New Zealand 2017,A,Mangere,2.1277620161787745,27383.0,2.0,indep,equal sd,7.404446833684493e-16,adjusted table,1,1.1438956260681152,1.00544,722.504,0,14.152,51.05313736574336,631.5648076214565
New Zealand 2017,A,Mangere,2.1277620161787745,27383.0,2.0,raked,equal sd,0.0,position logit,1,2.042046070098877,1.00556,424.952,1,76.789,5.5340217999973955,208.09053935252965
New Zealand 2017,A,Mangere,2.1277620161787745,27383.0,2.0,raked,equal sd,0.0,odds-ratio logit,1,0.8910188674926758,1.00985,296.764,0,44.104,6.7287320877924905,333.0219339215287
New Zealand 2017,A,Mangere,2.1277620161787745,27383.0,2.0,raked,equal sd,0.0,adjusted row,1,0.5544238090515137,1.00246,754.769,0,12.304,61.34338426527958,1361.1052099062151
New Zealand 2017,A,Mangere,2.1277620161787745,27383.0,2.0,raked,equal sd,0.0,adjusted table,1,1.076939582824707,1.00183,371.537,0,12.128,30.63464709762533,344.9592946404814
New Zealand 2017,A,Mangere,2.1277620161787745,27383.0,2.0,national,equal sd,1.6998884782485253,position logit,1,2.0348048210144043,1.00901,383.096,1,61.071,6.272960979843134,188.26242148178673
New Zealand 2017,A,Mangere,2.1277620161787745,27383.0,2.0,national,equal sd,1.6998884782485253,odds-ratio logit,1,0.7459526062011719,1.01349,360.764,0,30.28,11.914266842800528,483.5670671767093
New Zealand 2017,A,Mangere,2.1277620161787745,27383.0,2.0,national,equal sd,1.6998884782485253,adjusted row,1,0.647871732711792,1.0015,659.278,0,12.84,51.34563862928349,1017.456353007061
New Zealand 2017,A,Mangere,2.1277620161787745,27383.0,2.0,national,equal sd,1.6998884782485253,adjusted table,1,0.9954562187194824,1.00454,596.081,0,12.752,46.744118569636136,598.7089046379051
New Zealand 2017,A,Mangere,2.1277620161787745,27383.0,2.0,national,interactions only,0.06799553912994101,position logit,1,4.16687273979187,1.01124,244.464,2,194.517,1.2567744721541048,58.66716267854295
New Zealand 2017,A,Mangere,2.1277620161787745,27383.0,2.0,national,interactions only,0.06799553912994101,odds-ratio logit,1,1.0101773738861084,1.01588,319.548,2,40.171,7.954693684498768,316.29829694786685
New Zealand 2017,A,Mangere,2.1277620161787745,27383.0,2.0,national,interactions only,0.06799553912994101,adjusted row,1,0.6533679962158203,1.01293,428.153,0,13.336,32.10505398920216,655.1647067387183
New Zealand 2017,A,Mangere,2.1277620161787745,27383.0,2.0,national,interactions only,0.06799553912994101,adjusted table,1,0.8568480014801025,1.00244,848.692,0,7.0,121.24171428571428,990.3171588990555
New Zealand 2017,B,Pakuranga,1.190502369445735,354.22,1.0,raked,equal sd,0.0,position logit,1,0.7501225471496582,1.00443,483.504,0,30.928,15.633212622866012,644.3944316740296
New Zealand 2017,B,Pakuranga,1.190502369445735,354.22,1.0,raked,equal sd,0.0,odds-ratio logit,1,0.46865367889404297,1.0074,340.814,0,15.112,22.552541026998412,727.0628404042727
New Zealand 2017,B,Pakuranga,1.190502369445735,354.22,1.0,raked,equal sd,0.0,adjusted row,1,0.7017066478729248,1.00175,913.215,0,14.472,63.102197346600335,1301.0220634488774
New Zealand 2017,B,Pakuranga,1.190502369445735,354.22,1.0,raked,equal sd,0.0,adjusted table,1,0.9588048458099365,1.00421,913.627,0,12.576,72.64845737913485,952.7822870896006
New Zealand 2017,B,Pakuranga,1.190502369445735,35422.0,1.0,raked,equal sd,0.0,position logit,1,0.4413621425628662,1.0062,538.102,0,14.98,35.92136181575434,1218.7430116929947
New Zealand 2017,B,Pakuranga,1.190502369445735,35422.0,1.0,raked,equal sd,0.0,odds-ratio logit,1,0.34021592140197754,1.00356,212.623,0,13.192,16.117571255306245,624.777479140001
New Zealand 2017,B,Pakuranga,1.190502369445735,35422.0,1.0,raked,equal sd,0.0,adjusted row,1,0.44094204902648926,1.0061,683.563,0,7.304,93.58748630887185,1549.7681217037837
New Zealand 2017,B,Pakuranga,1.190502369445735,35422.0,1.0,raked,equal sd,0.0,adjusted table,1,0.7728886604309082,1.00361,560.741,0,8.392,66.81851763584366,725.3709850350021
New Zealand 2017,B,Pakuranga,1.190502369445735,3542200.0,1.0,raked,equal sd,0.0,position logit,1,0.5792322158813477,1.01101,326.835,0,20.088,16.27016129032258,564.161283486194
New Zealand 2017,B,Pakuranga,1.190502369445735,3542200.0,1.0,raked,equal sd,0.0,odds-ratio logit,1,0.37118983268737793,1.00536,512.774,0,13.832,37.07157316367842,1380.8754213746026
New Zealand 2017,B,Pakuranga,1.190502369445735,3542200.0,1.0,raked,equal sd,0.0,adjusted row,1,0.44294309616088867,1.00448,452.22,0,7.168,63.08872767857143,1020.7223685625278
New Zealand 2017,B,Pakuranga,1.190502369445735,3542200.0,1.0,raked,equal sd,0.0,adjusted table,1,0.7584333419799805,1.00436,759.831,0,7.384,102.90235644637053,1001.7143450916986
New Zealand 2017,A,East Coast,0.5705341122621032,37932.0,0.5,indep,equal sd,2.9724135207732003e-15,position logit,2,0.2887604236602783,1.00155,651.663,0,7.456,87.4011534334764,2255.9330794681055
New Zealand 2017,A,East Coast,0.5705341122621032,37932.0,0.5,indep,equal sd,2.9724135207732003e-15,odds-ratio logit,2,0.27613210678100586,1.00232,593.338,0,8.872,66.87759242560865,2147.7862662915336
New Zealand 2017,A,East Coast,0.5705341122621032,37932.0,0.5,indep,equal sd,2.9724135207732003e-15,adjusted row,2,0.38620972633361816,1.0004,1453.93,0,7.0,207.70428571428573,3763.4532731334625
New Zealand 2017,A,East Coast,0.5705341122621032,37932.0,0.5,indep,equal sd,2.9724135207732003e-15,adjusted table,2,0.6120562553405762,1.0003,1214.23,0,7.064,171.88986409966026,1983.4881312092937
New Zealand 2017,A,East Coast,0.5705341122621032,37932.0,0.5,raked,equal sd,0.0,position logit,2,0.4775362014770508,1.00556,867.13,0,13.6,63.75955882352941,1815.4498271507325
New Zealand 2017,A,East Coast,0.5705341122621032,37932.0,0.5,raked,equal sd,0.0,odds-ratio logit,2,0.2884337902069092,1.00538,449.38,0,8.248,54.48351115421921,1557.2333628173087
New Zealand 2017,A,East Coast,0.5705341122621032,37932.0,0.5,raked,equal sd,0.0,adjusted row,2,0.4217190742492676,1.00149,1261.3,0,6.996,180.2887364208119,2990.1503335341736
New Zealand 2017,A,East Coast,0.5705341122621032,37932.0,0.5,raked,equal sd,0.0,adjusted table,2,0.8138000965118408,1.00274,945.34,0,8.16,115.85049019607844,1161.496091193876
New Zealand 2017,A,East Coast,0.5705341122621032,37932.0,0.5,national,equal sd,2.6104722889847296,position logit,2,0.39219021797180176,1.0053,706.301,0,12.592,56.09124841168996,1800.4470117175727
New Zealand 2017,A,East Coast,0.5705341122621032,37932.0,0.5,national,equal sd,2.6104722889847296,odds-ratio logit,2,0.31188416481018066,1.00304,854.109,0,10.616,80.45487942727958,2737.5954711105305
New Zealand 2017,A,East Coast,0.5705341122621032,37932.0,0.5,national,equal sd,2.6104722889847296,adjusted row,2,0.3897402286529541,1.00241,857.86,0,7.0,122.55142857142857,2200.5511762813576
New Zealand 2017,A,East Coast,0.5705341122621032,37932.0,0.5,national,equal sd,2.6104722889847296,adjusted table,2,0.7516677379608154,1.00356,941.619,0,7.008,134.36344178082192,1252.4346962431428
New Zealand 2017,A,East Coast,0.5705341122621032,37932.0,0.5,national,interactions only,0.026104722889847297,position logit,2,0.42337608337402344,1.00939,656.255,0,13.096,50.111102626756264,1549.1840901234436
New Zealand 2017,A,East Coast,0.5705341122621032,37932.0,0.5,national,interactions only,0.026104722889847297,odds-ratio logit,2,0.35250043869018555,1.0077,548.999,0,11.264,48.73925781250001,1557.00815447094
New Zealand 2017,A,East Coast,0.5705341122621032,37932.0,0.5,national,interactions only,0.026104722889847297,adjusted row,2,0.4478425979614258,1.00095,628.074,0,7.016,89.52023945267959,1402.0077417311168
New Zealand 2017,A,East Coast,0.5705341122621032,37932.0,0.5,national,interactions only,0.026104722889847297,adjusted table,2,0.7415530681610107,1.00091,1245.88,0,7.0,177.98285714285717,1679.6332768762727
New Zealand 2017,A,East Coast,0.5705341122621032,37932.0,2.0,indep,equal sd,7.431033801933001e-16,position logit,2,1.7036890983581543,1.00624,481.897,3,75.879,6.350861239605161,282.8386251901009
New Zealand 2017,A,East Coast,0.5705341122621032,37932.0,2.0,indep,equal sd,7.431033801933001e-16,odds-ratio logit,2,0.5386581420898438,1.01117,192.128,0,18.576,10.342807924203273,356.6056744574645
New Zealand 2017,A,East Coast,0.5705341122621032,37932.0,2.0,indep,equal sd,7.431033801933001e-16,adjusted row,2,0.5452477931976318,1.00393,543.729,0,12.056,45.10028201725283,996.9394192849519
New Zealand 2017,A,East Coast,0.5705341122621032,37932.0,2.0,indep,equal sd,7.431033801933001e-16,adjusted table,2,1.4464824199676514,1.00346,731.6,0,14.792,49.459167117360735,505.72135231369515
New Zealand 2017,A,East Coast,0.5705341122621032,37932.0,2.0,raked,equal sd,0.0,position logit,2,4.473343133926392,1.00445,444.27,0,229.408,1.9365933184544568,99.31276578027584
New Zealand 2017,A,East Coast,0.5705341122621032,37932.0,2.0,raked,equal sd,0.0,odds-ratio logit,2,1.111175775527954,1.0296,74.3093,0,52.136,1.425297299370876,66.86869594568732
New Zealand 2017,A,East Coast,0.5705341122621032,37932.0,2.0,raked,equal sd,0.0,adjusted row,2,0.6951017379760742,1.00345,543.4,0,14.572,37.290694482569315,781.6402460989746
New Zealand 2017,A,East Coast,0.5705341122621032,37932.0,2.0,raked,equal sd,0.0,adjusted table,2,1.0642149448394775,1.00317,623.794,0,11.664,53.48028120713306,586.0997835770393
New Zealand 2017,A,East Coast,0.5705341122621032,37932.0,2.0,national,equal sd,0.6526180722461824,position logit,2,3.752042770385742,1.0096,382.521,0,184.918,2.068597973155669,101.94633897188696
New Zealand 2017,A,East Coast,0.5705341122621032,37932.0,2.0,national,equal sd,0.6526180722461824,odds-ratio logit,2,0.8369078636169434,1.00817,254.178,0,35.832,7.093603482920295,303.63473202385785
New Zealand 2017,A,East Coast,0.5705341122621032,37932.0,2.0,national,equal sd,0.6526180722461824,adjusted row,2,0.6516811847686768,1.00307,624.336,0,13.744,45.42607683352736,957.8333150973542
New Zealand 2017,A,East Coast,0.5705341122621032,37932.0,2.0,national,equal sd,0.6526180722461824,adjusted table,2,1.1794514656066895,1.0034,478.068,0,12.208,39.16022280471822,405.2950742897198
New Zealand 2017,A,East Coast,0.5705341122621032,37932.0,2.0,national,interactions only,0.026104722889847297,position logit,2,7.410629510879517,1.01672,375.099,0,361.808,1.0367349533454209,50.615650730992876
New Zealand 2017,A,East Coast,0.5705341122621032,37932.0,2.0,national,interactions only,0.026104722889847297,odds-ratio logit,2,1.5493857860565186,1.00944,224.9,0,56.328,3.9926856980542533,145.1440424406383
New Zealand 2017,A,East Coast,0.5705341122621032,37932.0,2.0,national,interactions only,0.026104722889847297,adjusted row,2,0.7381956577301025,1.01276,240.535,0,14.528,16.55664922907489,325.79865532400254
New Zealand 2017,A,East Coast,0.5705341122621032,37932.0,2.0,national,interactions only,0.026104722889847297,adjusted table,2,0.7886602878570557,1.00163,698.831,0,7.0,99.833,885.7788877088348
New Zealand 2017,A,Tukituki,0.9193945134131708,38547.0,0.5,indep,equal sd,2.190039795013723e-15,position logit,2,0.29463863372802734,1.00415,846.99,0,9.272,91.34922346850733,2873.618245511859
New Zealand 2017,A,Tukituki,0.9193945134131708,38547.0,0.5,indep,equal sd,2.190039795013723e-15,odds-ratio logit,2,0.3253953456878662,1.00351,542.327,0,10.128,53.54729462875197,1666.159526267446
New Zealand 2017,A,Tukituki,0.9193945134131708,38547.0,0.5,indep,equal sd,2.190039795013723e-15,adjusted row,2,0.41024088859558105,1.00158,1092.14,0,7.0,156.02,2661.2407964724134
New Zealand 2017,A,Tukituki,0.9193945134131708,38547.0,0.5,indep,equal sd,2.190039795013723e-15,adjusted table,2,0.6843934059143066,1.00202,986.837,0,7.048,140.01660045402951,1441.6968571265363
New Zealand 2017,A,Tukituki,0.9193945134131708,38547.0,0.5,raked,equal sd,0.0,position logit,2,0.3872826099395752,1.00354,519.004,0,13.4,38.73164179104478,1339.6246307433087
New Zealand 2017,A,Tukituki,0.9193945134131708,38547.0,0.5,raked,equal sd,0.0,odds-ratio logit,2,0.3640155792236328,1.00732,612.807,0,12.144,50.46170948616601,1682.6866771771074
New Zealand 2017,A,Tukituki,0.9193945134131708,38547.0,0.5,raked,equal sd,0.0,adjusted row,2,0.40095996856689453,1.00142,1024.51,0,7.024,145.85848519362187,2554.524637170772
New Zealand 2017,A,Tukituki,0.9193945134131708,38547.0,0.5,raked,equal sd,0.0,adjusted table,2,0.8696293830871582,1.00076,1030.34,0,7.024,146.6884965831435,1184.5606518434377
New Zealand 2017,A,Tukituki,0.9193945134131708,38547.0,0.5,national,equal sd,4.1474189737374045,position logit,2,0.3800952434539795,1.00295,748.234,0,11.968,62.51955213903744,1968.0089267082553
New Zealand 2017,A,Tukituki,0.9193945134131708,38547.0,0.5,national,equal sd,4.1474189737374045,odds-ratio logit,2,0.3433537483215332,1.00401,578.537,0,12.664,45.68359128237524,1684.1135447183024
New Zealand 2017,A,Tukituki,0.9193945134131708,38547.0,0.5,national,equal sd,4.1474189737374045,adjusted row,2,0.6043179035186768,1.00286,795.985,0,9.312,85.47948883161513,1316.8800666131017
New Zealand 2017,A,Tukituki,0.9193945134131708,38547.0,0.5,national,equal sd,4.1474189737374045,adjusted table,2,0.8414244651794434,1.00289,858.488,0,7.104,120.84572072072072,1020.1573579056283
New Zealand 2017,A,Tukituki,0.9193945134131708,38547.0,0.5,national,interactions only,0.041474189737374045,position logit,2,0.31473541259765625,1.00432,464.021,0,9.944,46.66341512469831,1473.8464109120566
New Zealand 2017,A,Tukituki,0.9193945134131708,38547.0,0.5,national,interactions only,0.041474189737374045,odds-ratio logit,2,0.3095431327819824,1.00306,455.152,0,10.544,43.16691957511381,1469.4926748111604
New Zealand 2017,A,Tukituki,0.9193945134131708,38547.0,0.5,national,interactions only,0.041474189737374045,adjusted row,2,0.4949791431427002,1.01141,571.065,0,7.776,73.43942901234568,1153.4541517690532
New Zealand 2017,A,Tukituki,0.9193945134131708,38547.0,0.5,national,interactions only,0.041474189737374045,adjusted table,2,0.7120177745819092,1.00372,997.761,0,7.0,142.5372857142857,1401.1087749548187
New Zealand 2017,A,Tukituki,0.9193945134131708,38547.0,2.0,indep,equal sd,5.475099487534308e-16,position logit,2,1.3108737468719482,1.00498,395.608,1,61.831,6.398214487878248,301.76704867791204
New Zealand 2017,A,Tukituki,0.9193945134131708,38547.0,2.0,indep,equal sd,5.475099487534308e-16,odds-ratio logit,2,0.6968867778778076,1.00726,202.138,0,30.868,6.548464429182325,290.008391407308
New Zealand 2017,A,Tukituki,0.9193945134131708,38547.0,2.0,indep,equal sd,5.475099487534308e-16,adjusted row,2,0.6043851375579834,1.00453,489.575,0,12.384,39.5328649870801,809.8311069113981
New Zealand 2017,A,Tukituki,0.9193945134131708,38547.0,2.0,indep,equal sd,5.475099487534308e-16,adjusted table,2,1.0399880409240723,1.01178,493.206,0,13.768,35.822632190586866,474.19470308708776
New Zealand 2017,A,Tukituki,0.9193945134131708,38547.0,2.0,raked,equal sd,0.0,position logit,2,3.0377094745635986,1.01072,263.42,8,108.314,2.4320032498107356,86.71361811927821
New Zealand 2017,A,Tukituki,0.9193945134131708,38547.0,2.0,raked,equal sd,0.0,odds-ratio logit,2,1.1177341938018799,1.0078,285.274,0,53.212,5.361083966022702,255.20304984957957
New Zealand 2017,A,Tukituki,0.9193945134131708,38547.0,2.0,raked,equal sd,0.0,adjusted row,2,0.7436008453369141,1.00665,583.559,0,14.776,39.49370600974553,784.6258455133052
New Zealand 2017,A,Tukituki,0.9193945134131708,38547.0,2.0,raked,equal sd,0.0,adjusted table,2,1.090674877166748,1.00254,386.542,0,11.544,33.48423423423423,354.3744180135968
New Zealand 2017,A,Tukituki,0.9193945134131708,38547.0,2.0,national,equal sd,1.0368547434343511,position logit,2,3.6570286750793457,1.00664,429.426,3,176.743,2.4296634095834064,117.42133197384887
New Zealand 2017,A,Tukituki,0.9193945134131708,38547.0,2.0,national,equal sd,1.0368547434343511,odds-ratio logit,2,0.8233416080474854,1.00889,268.645,1,30.935,8.68417649911104,326.17351381863506
New Zealand 2017,A,Tukituki,0.9193945134131708,38547.0,2.0,national,equal sd,1.0368547434343511,adjusted row,2,0.740750789642334,1.01928,346.91,0,15.0,23.127333333333336,468.2588468002037
New Zealand 2017,A,Tukituki,0.9193945134131708,38547.0,2.0,national,equal sd,1.0368547434343511,adjusted table,2,1.066763162612915,1.00901,463.548,0,11.096,41.776135544340306,434.4575118073216
New Zealand 2017,A,Tukituki,0.9193945134131708,38547.0,2.0,national,interactions only,0.041474189737374045,position logit,2,13.144348859786987,1.01003,257.7,2,714.455,0.3606945153998502,19.60524159253733
New Zealand 2017,A,Tukituki,0.9193945134131708,38547.0,2.0,national,interactions only,0.041474189737374045,odds-ratio logit,2,3.0699222087860107,1.01313,272.728,3,145.506,1.8743419515346447,88.83426945722839
New Zealand 2017,A,Tukituki,0.9193945134131708,38547.0,2.0,national,interactions only,0.041474189737374045,adjusted row,2,0.7101297378540039,1.00926,445.354,0,13.728,32.441287878787875,627.0066725685639
New Zealand 2017,A,Tukituki,0.9193945134131708,38547.0,2.0,national,interactions only,0.041474189737374045,adjusted table,2,0.8466753959655762,1.00575,295.936,0,7.072,41.84615384615384,349.3948722424799
New Zealand 2017,A,Pakuranga,1.190502369445735,35422.0,0.5,indep,equal sd,3.1875583852294587e-15,position logit,2,0.33234548568725586,1.00363,729.796,0,7.696,94.8279625779626,2195.175956931043
New Zealand 2017,A,Pakuranga,1.190502369445735,35422.0,0.5,indep,equal sd,3.1875583852294587e-15,odds-ratio logit,2,0.3914072513580322,1.00344,850.389,0,13.0,65.41453846153846,2171.6422858054393
New Zealand 2017,A,Pakuranga,1.190502369445735,35422.0,0.5,indep,equal sd,3.1875583852294587e-15,adjusted row,2,0.44084715843200684,1.00185,883.622,0,7.464,118.38451232583064,2003.9066660942524
New Zealand 2017,A,Pakuranga,1.190502369445735,35422.0,0.5,indep,equal sd,3.1875583852294587e-15,adjusted table,2,0.6571226119995117,1.00266,969.05,0,7.384,131.23645720476705,1474.4476081750868
New Zealand 2017,A,Pakuranga,1.190502369445735,35422.0,0.5,raked,equal sd,0.0,position logit,2,0.41907167434692383,1.0008,873.267,0,14.824,58.90899892066919,2083.3187465370897
New Zealand 2017,A,Pakuranga,1.190502369445735,35422.0,0.5,raked,equal sd,0.0,odds-ratio logit,2,0.34488868713378906,1.0038,519.215,0,9.072,57.23269400352734,1504.7587519131257
New Zealand 2017,A,Pakuranga,1.190502369445735,35422.0,0.5,raked,equal sd,0.0,adjusted row,2,0.46245813369750977,1.00377,952.193,0,7.0,136.02757142857143,2058.3358073534027
New Zealand 2017,A,Pakuranga,1.190502369445735,35422.0,0.5,raked,equal sd,0.0,adjusted table,2,0.8644204139709473,1.00391,929.746,0,7.144,130.14361702127658,1075.4520053623162
New Zealand 2017,A,Pakuranga,1.190502369445735,35422.0,0.5,national,equal sd,3.3187297085238043,position logit,2,0.39034056663513184,1.00141,850.852,0,14.672,57.991548527808064,2179.15870889834
New Zealand 2017,A,Pakuranga,1.190502369445735,35422.0,0.5,national,equal sd,3.3187297085238043,odds-ratio logit,2,0.3323078155517578,1.00179,636.024,0,10.216,62.25763508222396,1913.220534816856
New Zealand 2017,A,Pakuranga,1.190502369445735,35422.0,0.5,national,equal sd,3.3187297085238043,adjusted row,2,0.41647768020629883,1.00003,986.382,0,7.008,140.75085616438355,2367.4138828981063
New Zealand 2017,A,Pakuranga,1.190502369445735,35422.0,0.5,national,equal sd,3.3187297085238043,adjusted table,2,0.8887500762939453,1.00273,684.358,0,8.088,84.61399604352127,769.9383162223739
New Zealand 2017,A,Pakuranga,1.190502369445735,35422.0,0.5,national,interactions only,0.03318729708523804,position logit,2,0.4215574264526367,1.00327,620.76,0,14.52,42.75206611570248,1472.203208424557
New Zealand 2017,A,Pakuranga,1.190502369445735,35422.0,0.5,national,interactions only,0.03318729708523804,odds-ratio logit,2,0.3768045902252197,1.00384,331.922,0,9.288,35.73664944013781,880.6372224887405
New Zealand 2017,A,Pakuranga,1.190502369445735,35422.0,0.5,national,interactions only,0.03318729708523804,adjusted row,2,0.4035475254058838,1.00195,678.131,0,7.112,95.35025309336332,1680.0132106472772
New Zealand 2017,A,Pakuranga,1.190502369445735,35422.0,0.5,national,interactions only,0.03318729708523804,adjusted table,2,0.7561047077178955,1.00086,1554.81,0,6.988,222.49713795077272,2056.0199639451043
New Zealand 2017,A,Pakuranga,1.190502369445735,35422.0,2.0,indep,equal sd,7.968895963073647e-16,position logit,2,1.5358645915985107,1.01406,382.183,1,56.047,6.818973361642907,248.82277124065726
New Zealand 2017,A,Pakuranga,1.190502369445735,35422.0,2.0,indep,equal sd,7.968895963073647e-16,odds-ratio logit,2,0.7150876522064209,1.01146,362.919,3,28.009,12.957228033846263,507.43018246707203
New Zealand 2017,A,Pakuranga,1.190502369445735,35422.0,2.0,indep,equal sd,7.968895963073647e-16,adjusted row,2,0.5835044384002686,1.00436,567.502,0,12.176,46.60824572930354,972.4104030165739
New Zealand 2017,A,Pakuranga,1.190502369445735,35422.0,2.0,indep,equal sd,7.968895963073647e-16,adjusted table,2,0.9778554439544678,1.00286,735.989,0,14.136,52.064869835880025,752.5272521263365
New Zealand 2017,A,Pakuranga,1.190502369445735,35422.0,2.0,raked,equal sd,0.0,position logit,2,3.264364242553711,1.01868,335.489,1,92.476,3.6278493879493054,102.76898545729125
New Zealand 2017,A,Pakuranga,1.190502369445735,35422.0,2.0,raked,equal sd,0.0,odds-ratio logit,2,0.9686713218688965,1.01503,166.819,0,26.024,6.410198278512142,172.1760624164114
New Zealand 2017,A,Pakuranga,1.190502369445735,35422.0,2.0,raked,equal sd,0.0,adjusted row,2,0.8085553646087646,1.00319,612.066,0,14.536,42.106906989543205,756.8306841995409
New Zealand 2017,A,Pakuranga,1.190502369445735,35422.0,2.0,raked,equal sd,0.0,adjusted table,2,1.0942065715789795,1.0018,561.636,0,13.128,42.78153564899451,513.2340931048209
New Zealand 2017,A,Pakuranga,1.190502369445735,35422.0,2.0,national,equal sd,0.8296824271309511,position logit,2,2.8973941802978516,1.01231,304.619,1,111.392,2.734657785119219,105.13183685839584
New Zealand 2017,A,Pakuranga,1.190502369445735,35422.0,2.0,national,equal sd,0.8296824271309511,odds-ratio logit,2,1.1053540706634521,1.01159,322.743,0,49.608,6.505865989356556,291.9546022375356
New Zealand 2017,A,Pakuranga,1.190502369445735,35422.0,2.0,national,equal sd,0.8296824271309511,adjusted row,2,0.8123447895050049,1.00099,635.331,1,14.448,43.97362956810631,781.97131624665
New Zealand 2017,A,Pakuranga,1.190502369445735,35422.0,2.0,national,equal sd,0.8296824271309511,adjusted table,2,1.2239811420440674,1.00524,717.644,0,13.416,53.49165175909362,586.2707277226181
New Zealand 2017,A,Pakuranga,1.190502369445735,35422.0,2.0,national,interactions only,0.03318729708523804,position logit,2,13.02418565750122,1.00905,363.505,0,736.788,0.49336444133183494,27.909790392624444
New Zealand 2017,A,Pakuranga,1.190502369445735,35422.0,2.0,national,interactions only,0.03318729708523804,odds-ratio logit,2,2.0055599212646484,1.01028,232.251,2,86.84,2.674470290188853,115.79783024875941
New Zealand 2017,A,Pakuranga,1.190502369445735,35422.0,2.0,national,interactions only,0.03318729708523804,adjusted row,2,0.8335287570953369,1.00561,422.619,0,14.872,28.417092522861754,506.9400870078255
New Zealand 2017,A,Pakuranga,1.190502369445735,35422.0,2.0,national,interactions only,0.03318729708523804,adjusted table,2,0.9618866443634033,1.00438,644.474,0,7.0,92.06771428571429,669.9412634279099
New Zealand 2017,A,Helensville,1.5373180579824293,38676.0,0.5,indep,equal sd,3.5438207645306368e-15,position logit,2,0.2890946865081787,1.00363,745.262,0,7.44,100.16962365591397,2576.6650078704847
New Zealand 2017,A,Helensville,1.5373180579824293,38676.0,0.5,indep,equal sd,3.5438207645306368e-15,odds-ratio logit,2,0.3070225715637207,1.0042,597.738,0,9.6,62.26437500000001,1946.254424399378
New Zealand 2017,A,Helensville,1.5373180579824293,38676.0,0.5,indep,equal sd,3.5438207645306368e-15,adjusted row,2,0.37187623977661133,1.00751,794.954,0,7.0,113.56485714285714,2136.8828485048516
New Zealand 2017,A,Helensville,1.5373180579824293,38676.0,0.5,indep,equal sd,3.5438207645306368e-15,adjusted table,2,0.7851753234863281,1.00045,818.411,0,7.496,109.17969583778013,1042.2024016244522
New Zealand 2017,A,Helensville,1.5373180579824293,38676.0,0.5,raked,equal sd,0.0,position logit,2,0.4073026180267334,1.00321,948.473,0,13.728,69.09039918414918,2328.1116703293615
New Zealand 2017,A,Helensville,1.5373180579824293,38676.0,0.5,raked,equal sd,0.0,odds-ratio logit,2,0.30979132652282715,1.00321,561.559,0,11.064,50.755513376717275,1812.131835887509
New Zealand 2017,A,Helensville,1.5373180579824293,38676.0,0.5,raked,equal sd,0.0,adjusted row,2,0.4036140441894531,1.00112,828.628,0,7.0,118.37542857142857,2051.854739055945
New Zealand 2017,A,Helensville,1.5373180579824293,38676.0,0.5,raked,equal sd,0.0,adjusted table,2,0.7949416637420654,1.00291,1157.09,0,7.04,164.359375,1455.2665138071068
New Zealand 2017,A,Helensville,1.5373180579824293,38676.0,0.5,national,equal sd,6.590804685711675,position logit,2,0.2838301658630371,1.00385,680.074,0,7.68,88.55130208333333,2395.1562604140163
New Zealand 2017,A,Helensville,1.5373180579824293,38676.0,0.5,national,equal sd,6.590804685711675,odds-ratio logit,2,0.37135744094848633,1.01092,591.553,0,11.176,52.930654974946314,1592.5449069384715
New Zealand 2017,A,Helensville,1.5373180579824293,38676.0,0.5,national,equal sd,6.590804685711675,adjusted row,2,0.4828305244445801,1.00252,821.09,0,7.032,116.76478953356087,1700.0236308887963
New Zealand 2017,A,Helensville,1.5373180579824293,38676.0,0.5,national,equal sd,6.590804685711675,adjusted table,2,0.8633277416229248,1.00303,941.364,0,7.312,128.74234135667396,1090.2527783692738
New Zealand 2017,A,Helensville,1.5373180579824293,38676.0,0.5,national,interactions only,0.06590804685711675,position logit,2,0.40628933906555176,1.00264,718.14,0,13.28,54.07680722891566,1767.1277210422195
New Zealand 2017,A,Helensville,1.5373180579824293,38676.0,0.5,national,interactions only,0.06590804685711675,odds-ratio logit,2,0.304750919342041,1.01149,442.15,0,11.2,39.47767857142857,1450.4031020992977
New Zealand 2017,A,Helensville,1.5373180579824293,38676.0,0.5,national,interactions only,0.06590804685711675,adjusted row,2,0.3923494815826416,0.999768,816.328,0,7.024,116.21981776765375,2080.0785122945317
New Zealand 2017,A,Helensville,1.5373180579824293,38676.0,0.5,national,interactions only,0.06590804685711675,adjusted table,2,0.7831249237060547,1.0002,1134.32,0,7.0,162.04571428571427,1448.183186160558
New Zealand 2017,A,Helensville,1.5373180579824293,38676.0,2.0,indep,equal sd,8.859551911326592e-16,position logit,2,3.380352735519409,1.00506,531.291,0,143.11,3.712465935294529,157.1659499158522
New Zealand 2017,A,Helensville,1.5373180579824293,38676.0,2.0,indep,equal sd,8.859551911326592e-16,odds-ratio logit,2,0.7145872116088867,1.01939,173.924,0,31.66,5.493493367024637,243.34280105731293
New Zealand 2017,A,Helensville,1.5373180579824293,38676.0,2.0,indep,equal sd,8.859551911326592e-16,adjusted row,2,0.6446890830993652,1.00367,696.897,0,10.856,64.19463890935889,1080.6941864999274
New Zealand 2017,A,Helensville,1.5373180579824293,38676.0,2.0,indep,equal sd,8.859551911326592e-16,adjusted table,2,0.9620804786682129,1.00262,745.681,0,12.224,61.00139070680628,774.9682035445309
New Zealand 2017,A,Helensville,1.5373180579824293,38676.0,2.0,raked,equal sd,0.0,position logit,2,3.375264883041382,1.01115,300.383,2,174.17,1.7246540736062468,88.99104200111064
New Zealand 2017,A,Helensville,1.5373180579824293,38676.0,2.0,raked,equal sd,0.0,odds-ratio logit,2,1.9082450866699219,1.00508,316.065,1,89.214,3.5427735557199544,165.62279724263658
New Zealand 2017,A,Helensville,1.5373180579824293,38676.0,2.0,raked,equal sd,0.0,adjusted row,2,0.6529214382171631,1.00425,619.597,0,14.544,42.60155390539054,948.736884112795
New Zealand 2017,A,Helensville,1.5373180579824293,38676.0,2.0,raked,equal sd,0.0,adjusted table,2,1.1641740798950195,1.00364,662.22,0,12.584,52.62396694214876,568.7694383693794
New Zealand 2017,A,Helensville,1.5373180579824293,38676.0,2.0,national,equal sd,1.6477011714279188,position logit,2,2.3241629600524902,1.02085,88.2476,5,105.197,0.8388794357253534,37.96780392474331
New Zealand 2017,A,Helensville,1.5373180579824293,38676.0,2.0,national,equal sd,1.6477011714279188,odds-ratio logit,2,1.0748505592346191,1.00899,286.06,1,43.126,6.63312155080462,266.1112257076611
New Zealand 2017,A,Helensville,1.5373180579824293,38676.0,2.0,national,equal sd,1.6477011714279188,adjusted row,2,0.5943417549133301,1.00851,399.763,0,13.68,29.222441520467836,672.5038212814462
New Zealand 2017,A,Helensville,1.5373180579824293,38676.0,2.0,national,equal sd,1.6477011714279188,adjusted table,2,1.044893741607666,1.00622,338.789,0,11.664,29.045696159122084,324.2036007436917
New Zealand 2017,A,Helensville,1.5373180579824293,38676.0,2.0,national,interactions only,0.06590804685711675,position logit,2,9.252903461456299,1.01326,234.658,1,421.659,0.5565113041580994,25.36017999802473
New Zealand 2017,A,Helensville,1.5373180579824293,38676.0,2.0,national,interactions only,0.06590804685711675,odds-ratio logit,2,1.6527612209320068,1.01268,241.328,0,74.8,3.2263101604278077,145.99667761354843
New Zealand 2017,A,Helensville,1.5373180579824293,38676.0,2.0,national,interactions only,0.06590804685711675,adjusted row,2,0.673952579498291,1.00907,312.281,0,11.184,27.922120886981403,463.2857411658178
New Zealand 2017,A,Helensville,1.5373180579824293,38676.0,2.0,national,interactions only,0.06590804685711675,adjusted table,2,0.8404221534729004,1.00463,667.614,0,7.0,95.37342857142858,794.2867344177124
New Zealand 2017,A,Mangere,2.1277620161787745,27383.0,0.5,indep,equal sd,2.961778733473797e-15,position logit,2,0.3190186023712158,1.00581,688.119,0,7.528,91.40794367693944,2155.603228106235
New Zealand 2017,A,Mangere,2.1277620161787745,27383.0,0.5,indep,equal sd,2.961778733473797e-15,odds-ratio logit,2,0.31322503089904785,1.00143,576.559,0,7.464,77.24531082529474,1839.813482381028
New Zealand 2017,A,Mangere,2.1277620161787745,27383.0,0.5,indep,equal sd,2.961778733473797e-15,adjusted row,2,0.48742246627807617,1.00148,637.481,0,7.6,83.87907894736843,1307.3216314861518
New Zealand 2017,A,Mangere,2.1277620161787745,27383.0,0.5,indep,equal sd,2.961778733473797e-15,adjusted table,2,0.6955151557922363,1.00231,842.229,0,8.26,101.96476997578694,1210.66007911078
New Zealand 2017,A,Mangere,2.1277620161787745,27383.0,0.5,raked,equal sd,0.0,position logit,2,0.2848672866821289,1.00584,578.242,0,7.896,73.23226950354609,2029.1546399696126
New Zealand 2017,A,Mangere,2.1277620161787745,27383.0,0.5,raked,equal sd,0.0,odds-ratio logit,2,0.31446075439453125,1.00187,569.221,0,8.136,69.96324975417896,1809.2140630633226
New Zealand 2017,A,Mangere,2.1277620161787745,27383.0,0.5,raked,equal sd,0.0,adjusted row,2,0.518455982208252,1.00031,802.708,0,6.996,114.73813607775871,1547.8621393810945
New Zealand 2017,A,Mangere,2.1277620161787745,27383.0,0.5,raked,equal sd,0.0,adjusted table,2,0.9095449447631836,1.00169,756.584,0,7.232,104.61615044247786,831.5937087519897
New Zealand 2017,A,Mangere,2.1277620161787745,27383.0,0.5,national,equal sd,6.799553912994101,position logit,2,0.2586793899536133,1.00251,644.474,0,7.624,84.53226652675762,2489.8722752130993
New Zealand 2017,A,Mangere,2.1277620161787745,27383.0,0.5,national,equal sd,6.799553912994101,odds-ratio logit,2,0.4202697277069092,1.00701,527.471,0,8.856,59.56086269196025,1254.387047514074
New Zealand 2017,A,Mangere,2.1277620161787745,27383.0,0.5,national,equal sd,6.799553912994101,adjusted row,2,0.4974222183227539,1.00205,1092.36,0,6.996,156.14065180102912,2195.6093072148997
New Zealand 2017,A,Mangere,2.1277620161787745,27383.0,0.5,national,equal sd,6.799553912994101,adjusted table,2,0.9095158576965332,1.00101,1008.95,0,7.16,140.91480446927375,1109.1784569214176
New Zealand 2017,A,Mangere,2.1277620161787745,27383.0,0.5,national,interactions only,0.06799553912994101,position logit,2,0.31841111183166504,1.00418,490.464,0,8.784,55.83606557377049,1539.7786965607215
New Zealand 2017,A,Mangere,2.1277620161787745,27383.0,0.5,national,interactions only,0.06799553912994101,odds-ratio logit,2,0.3309288024902344,1.00326,483.392,0,9.624,50.22776392352452,1460.1323083694856
New Zealand 2017,A,Mangere,2.1277620161787745,27383.0,0.5,national,interactions only,0.06799553912994101,adjusted row,2,0.4585127830505371,1.00071,731.83,0,7.016,104.3087229190422,1595.748246126973
New Zealand 2017,A,Mangere,2.1277620161787745,27383.0,0.5,national,interactions only,0.06799553912994101,adjusted table,2,0.6577739715576172,1.00105,1369.8,0,7.0,195.68571428571428,2081.8323402034957
New Zealand 2017,A,Mangere,2.1277620161787745,27383.0,2.0,indep,equal sd,7.404446833684493e-16,position logit,2,1.1610291004180908,1.006,473.986,0,48.408,9.79148074698397,408.20587104946355
New Zealand 2017,A,Mangere,2.1277620161787745,27383.0,2.0,indep,equal sd,7.404446833684493e-16,odds-ratio logit,2,0.585993766784668,1.00842,393.27,0,20.368,19.30822859387274,670.942464725055
New Zealand 2017,A,Mangere,2.1277620161787745,27383.0,2.0,indep,equal sd,7.404446833684493e-16,adjusted row,2,0.5557465553283691,1.00227,533.033,0,11.224,47.490466856735566,958.9630342746234
New Zealand 2017,A,Mangere,2.1277620161787745,27383.0,2.0,indep,equal sd,7.404446833684493e-16,adjusted table,2,1.0878732204437256,1.0045,704.635,0,12.96,54.36998456790123,647.6605944283436
New Zealand 2017,A,Mangere,2.1277620161787745,27383.0,2.0,raked,equal sd,0.0,position logit,2,1.569223403930664,1.01014,348.012,2,65.484,5.314458493677845,221.76011883697137
New Zealand 2017,A,Mangere,2.1277620161787745,27383.0,2.0,raked,equal sd,0.0,odds-ratio logit,2,0.6730790138244629,1.01207,294.202,0,24.104,12.20552605376701,437.0345117617663
New Zealand 2017,A,Mangere,2.1277620161787745,27383.0,2.0,raked,equal sd,0.0,adjusted row,2,0.5990951061248779,1.00637,432.06,0,13.704,31.52802101576182,721.0725923567994
New Zealand 2017,A,Mangere,2.1277620161787745,27383.0,2.0,raked,equal sd,0.0,adjusted table,2,1.1375551223754883,1.0045,543.962,0,13.608,39.97369194591417,478.144592632706
New Zealand 2017,A,Mangere,2.1277620161787745,27383.0,2.0,national,equal sd,1.6998884782485253,position logit,2,1.6357271671295166,1.00664,338.371,2,64.989,5.206588807336626,206.8504365938921
New Zealand 2017,A,Mangere,2.1277620161787745,27383.0,2.0,national,equal sd,1.6998884782485253,odds-ratio logit,2,0.8135168552398682,1.01062,293.995,0,33.672,8.731141601330483,361.3445110555319
New Zealand 2017,A,Mangere,2.1277620161787745,27383.0,2.0,national,equal sd,1.6998884782485253,adjusted row,2,0.5561487674713135,1.00478,552.098,0,12.984,42.52141096734442,992.439424967471
New Zealand 2017,A,Mangere,2.1277620161787745,27383.0,2.0,national,equal sd,1.6998884782485253,adjusted table,2,1.1549503803253174,1.00175,454.108,0,11.72,38.746416382252555,393.15201435988513
New Zealand 2017,A,Mangere,2.1277620161787745,27383.0,2.0,national,interactions only,0.06799553912994101,position logit,2,3.4379196166992188,1.01261,264.931,0,141.424,1.8733100463853376,77.0582016986628
New Zealand 2017,A,Mangere,2.1277620161787745,27383.0,2.0,national,interactions only,0.06799553912994101,odds-ratio logit,2,1.1445269584655762,1.01277,199.202,1,46.746,4.261369956787746,174.03106500427208
New Zealand 2017,A,Mangere,2.1277620161787745,27383.0,2.0,national,interactions only,0.06799553912994101,adjusted row,2,0.5907068252563477,1.0103,469.178,0,13.112,35.78233679072605,794.0670238763823
New Zealand 2017,A,Mangere,2.1277620161787745,27383.0,2.0,national,interactions only,0.06799553912994101,adjusted table,2,0.9494683742523193,1.00349,752.52,0,6.996,107.56432246998284,792.4822834594464
New Zealand 2017,B,Pakuranga,1.190502369445735,354.22,1.0,raked,equal sd,0.0,position logit,2,0.7958476543426514,1.00582,551.897,0,31.08,17.757303732303736,693.3769803748895
New Zealand 2017,B,Pakuranga,1.190502369445735,354.22,1.0,raked,equal sd,0.0,odds-ratio logit,2,0.4591219425201416,1.00354,387.332,2,16.885,22.939413680781758,843.0471748310754
New Zealand 2017,B,Pakuranga,1.190502369445735,354.22,1.0,raked,equal sd,0.0,adjusted row,2,0.6124899387359619,1.00168,941.263,0,14.328,65.69395589056394,1536.5383277847727
New Zealand 2017,B,Pakuranga,1.190502369445735,354.22,1.0,raked,equal sd,0.0,adjusted table,2,0.9554948806762695,1.00221,987.806,0,13.416,73.62895050685748,1033.710613784027
New Zealand 2017,B,Pakuranga,1.190502369445735,35422.0,1.0,raked,equal sd,0.0,position logit,2,0.4839789867401123,1.00372,512.344,0,14.908,34.36705124765227,1058.38166409294
New Zealand 2017,B,Pakuranga,1.190502369445735,35422.0,1.0,raked,equal sd,0.0,odds-ratio logit,2,0.33773159980773926,1.00299,386.758,0,14.496,26.680325607064017,1144.8267823165834
New Zealand 2017,B,Pakuranga,1.190502369445735,35422.0,1.0,raked,equal sd,0.0,adjusted row,2,0.3872108459472656,1.00266,601.785,0,7.064,85.19040203850508,1553.6108660158175
New Zealand 2017,B,Pakuranga,1.190502369445735,35422.0,1.0,raked,equal sd,0.0,adjusted table,2,0.7276556491851807,1.0043,669.947,0,7.656,87.50613897596656,920.5527133051507
New Zealand 2017,B,Pakuranga,1.190502369445735,3542200.0,1.0,raked,equal sd,0.0,position logit,2,0.4283478260040283,1.00582,473.787,0,15.016,31.552144379328716,1105.804345435818
New Zealand 2017,B,Pakuranga,1.190502369445735,3542200.0,1.0,raked,equal sd,0.0,odds-ratio logit,2,0.3493354320526123,1.00339,541.176,0,13.56,39.90973451327434,1548.7125848035093
New Zealand 2017,B,Pakuranga,1.190502369445735,3542200.0,1.0,raked,equal sd,0.0,adjusted row,2,0.46837639808654785,1.00305,698.651,0,7.024,99.46625854214122,1491.3346052609747
New Zealand 2017,B,Pakuranga,1.190502369445735,3542200.0,1.0,raked,equal sd,0.0,adjusted table,2,1.0049071311950684,1.00323,719.209,0,9.152,78.58489947552448,715.6185409925823
senc,A,Columbus WACCAMAW,1.0819679615372548,1708.0,0.5,indep,equal sd,1.5665994789205886e-15,position logit,1,0.13869118690490723,1.00029,1042.38,0,6.704,155.48627684964202,7510.618318173151
senc,A,Columbus WACCAMAW,1.0819679615372548,1708.0,0.5,indep,equal sd,1.5665994789205886e-15,odds-ratio logit,1,0.13157987594604492,1.00014,986.559,0,6.66,148.13198198198197,7491.754690459163
senc,A,Columbus WACCAMAW,1.0819679615372548,1708.0,0.5,indep,equal sd,1.5665994789205886e-15,adjusted row,1,0.19422125816345215,1.00259,963.05,0,6.744,142.80100830367735,4956.025666690796
senc,A,Columbus WACCAMAW,1.0819679615372548,1708.0,0.5,indep,equal sd,1.5665994789205886e-15,adjusted table,1,0.28514838218688965,0.999377,1061.52,0,6.604,160.7389460932768,3720.6992763738467
senc,A,Columbus WACCAMAW,1.0819679615372548,1708.0,0.5,raked,equal sd,0.0,position logit,1,0.16819143295288086,1.00068,1110.58,0,6.652,166.95429945880937,6599.3853229060405
senc,A,Columbus WACCAMAW,1.0819679615372548,1708.0,0.5,raked,equal sd,0.0,odds-ratio logit,1,0.18445491790771484,1.00013,1054.94,0,6.704,157.35978520286397,5712.311126637464
senc,A,Columbus WACCAMAW,1.0819679615372548,1708.0,0.5,raked,equal sd,0.0,adjusted row,1,0.2508113384246826,1.00181,1217.87,0,6.672,182.53447242206235,4851.612271676465
senc,A,Columbus WACCAMAW,1.0819679615372548,1708.0,0.5,raked,equal sd,0.0,adjusted table,1,0.34009265899658203,1.00084,917.66,0,7.004,131.01941747572815,2697.4023613575646
senc,A,Columbus WACCAMAW,1.0819679615372548,1708.0,0.5,national,equal sd,3.60818228993465,position logit,1,0.14855480194091797,1.00031,910.431,0,6.824,133.41603165298946,6124.478165305003
senc,A,Columbus WACCAMAW,1.0819679615372548,1708.0,0.5,national,equal sd,3.60818228993465,odds-ratio logit,1,0.15003585815429688,1.00115,1107.1,0,6.752,163.96623222748815,7371.756989773076
senc,A,Columbus WACCAMAW,1.0819679615372548,1708.0,0.5,national,equal sd,3.60818228993465,adjusted row,1,0.20707964897155762,1.00189,1173.46,0,6.628,177.045866022933,5663.721914217624
senc,A,Columbus WACCAMAW,1.0819679615372548,1708.0,0.5,national,equal sd,3.60818228993465,adjusted table,1,0.34981679916381836,1.00102,1303.68,0,6.708,194.34704830053667,3725.3440805781747
senc,A,Columbus WACCAMAW,1.0819679615372548,1708.0,0.5,national,interactions only,0.0360818228993465,position logit,1,0.13727784156799316,1.00242,911.082,0,6.78,134.3778761061947,6632.189559442052
senc,A,Columbus WACCAMAW,1.0819679615372548,1708.0,0.5,national,interactions only,0.0360818228993465,odds-ratio logit,1,0.1352064609527588,1.00073,934.503,0,6.76,138.24008875739645,6906.802451664062
senc,A,Columbus WACCAMAW,1.0819679615372548,1708.0,0.5,national,interactions only,0.0360818228993465,adjusted row,1,0.23647785186767578,1.00143,1027.54,0,6.768,151.82328605200945,4342.62802955129
senc,A,Columbus WACCAMAW,1.0819679615372548,1708.0,0.5,national,interactions only,0.0360818228993465,adjusted table,1,0.3764636516571045,0.999856,1086.37,0,6.58,165.10182370820667,2884.957938081146
senc,A,Columbus WACCAMAW,1.0819679615372548,1708.0,2.0,indep,equal sd,3.9164986973014714e-16,position logit,1,0.4907395839691162,1.01231,384.971,0,27.896,13.800222254086608,784.3171129486111
senc,A,Columbus WACCAMAW,1.0819679615372548,1708.0,2.0,indep,equal sd,3.9164986973014714e-16,odds-ratio logit,1,0.2542901039123535,1.00296,305.112,0,15.244,20.015219102597744,1199.3991272997196
senc,A,Columbus WACCAMAW,1.0819679615372548,1708.0,2.0,indep,equal sd,3.9164986973014714e-16,adjusted row,1,0.2377474308013916,1.005,541.063,0,8.68,62.33444700460829,2274.6279973138057
senc,A,Columbus WACCAMAW,1.0819679615372548,1708.0,2.0,indep,equal sd,3.9164986973014714e-16,adjusted table,1,0.38251662254333496,1.00092,993.686,0,6.872,144.59924330616997,2597.0758989016167
senc,A,Columbus WACCAMAW,1.0819679615372548,1708.0,2.0,raked,equal sd,0.0,position logit,1,0.45203471183776855,1.00273,362.729,0,33.088,10.962554400386846,801.1376753861416
senc,A,Columbus WACCAMAW,1.0819679615372548,1708.0,2.0,raked,equal sd,0.0,odds-ratio logit,1,0.23210930824279785,1.01444,323.391,0,13.448,24.047516359309935,1392.2248958849107
senc,A,Columbus WACCAMAW,1.0819679615372548,1708.0,2.0,raked,equal sd,0.0,adjusted row,1,0.22704625129699707,1.00279,500.502,0,7.644,65.47645211930926,2203.4429327995617
senc,A,Columbus WACCAMAW,1.0819679615372548,1708.0,2.0,raked,equal sd,0.0,adjusted table,1,0.42041778564453125,1.00754,593.326,0,7.716,76.89554173146708,1410.9322562049585
senc,A,Columbus WACCAMAW,1.0819679615372548,1708.0,2.0,national,equal sd,0.9020455724836625,position logit,1,0.42179036140441895,1.00803,382.129,1,28.475,13.41980684811238,905.4116827171528
senc,A,Columbus WACCAMAW,1.0819679615372548,1708.0,2.0,national,equal sd,0.9020455724836625,odds-ratio logit,1,0.276339054107666,1.01875,197.313,2,22.25,8.868,713.7774613800312
senc,A,Columbus WACCAMAW,1.0819679615372548,1708.0,2.0,national,equal sd,0.9020455724836625,adjusted row,1,0.28582310676574707,1.00218,602.626,0,7.404,81.39195029713667,2107.294622543147
senc,A,Columbus WACCAMAW,1.0819679615372548,1708.0,2.0,national,equal sd,0.9020455724836625,adjusted table,1,0.41686058044433594,1.00599,626.362,0,7.016,89.27622576966932,1502.2258423000387
senc,A,Columbus WACCAMAW,1.0819679615372548,1708.0,2.0,national,interactions only,0.0360818228993465,position logit,1,0.8741464614868164,1.0053,450.978,1,66.708,6.760478503327937,515.846604935063
senc,A,Columbus WACCAMAW,1.0819679615372548,1708.0,2.0,national,interactions only,0.0360818228993465,odds-ratio logit,1,0.33370280265808105,1.04108,61.9171,5,18.81,3.291711855396066,185.492496134715
senc,A,Columbus WACCAMAW,1.0819679615372548,1708.0,2.0,national,interactions only,0.0360818228993465,adjusted row,1,0.24388504028320312,1.00256,649.58,0,6.796,95.58269570335491,2662.1043217659453
senc,A,Columbus WACCAMAW,1.0819679615372548,1708.0,2.0,national,interactions only,0.0360818228993465,adjusted table,1,0.40470051765441895,1.00563,546.154,0,6.728,81.17627824019026,1349.1622902570537
senc,A,New Hanover HARNETT 1,3.004193017772698,1625.0,0.5,indep,equal sd,8.20864598990772e-16,position logit,1,0.1698153018951416,1.00029,1147.52,0,6.848,167.57009345794393,6750.58798971082
senc,A,New Hanover HARNETT 1,3.004193017772698,1625.0,0.5,indep,equal sd,8.20864598990772e-16,odds-ratio logit,1,0.18918061256408691,1.00112,1270.92,0,6.736,188.67577197149646,6712.618797763563
senc,A,New Hanover HARNETT 1,3.004193017772698,1625.0,0.5,indep,equal sd,8.20864598990772e-16,adjusted row,1,0.2525489330291748,1.00184,1170.17,0,6.832,171.27781030444967,4630.4530512571355
senc,A,New Hanover HARNETT 1,3.004193017772698,1625.0,0.5,indep,equal sd,8.20864598990772e-16,adjusted table,1,0.3747110366821289,1.00169,1273.75,0,6.72,189.54613095238096,3398.384371169459
senc,A,New Hanover HARNETT 1,3.004193017772698,1625.0,0.5,raked,equal sd,2.526802997389775e-14,position logit,1,0.167802095413208,1.00219,1006.37,0,6.824,147.4750879249707,5993.70063526368
senc,A,New Hanover HARNETT 1,3.004193017772698,1625.0,0.5,raked,equal sd,2.526802997389775e-14,odds-ratio logit,1,0.15383052825927734,1.00302,1081.36,0,6.892,156.90075449796865,7021.337891006816
senc,A,New Hanover HARNETT 1,3.004193017772698,1625.0,0.5,raked,equal sd,2.526802997389775e-14,adjusted row,1,0.1952192783355713,0.99939,1133.89,0,6.844,165.67650496785507,5805.445932740079
senc,A,New Hanover HARNETT 1,3.004193017772698,1625.0,0.5,raked,equal sd,2.526802997389775e-14,adjusted table,1,0.4235961437225342,1.00112,1040.43,0,6.82,152.55571847507332,2455.2427464368743
senc,A,New Hanover HARNETT 1,3.004193017772698,1625.0,0.5,national,equal sd,7.314919771865619,position logit,1,0.19727492332458496,0.999982,1254.9,0,6.62,189.56193353474322,6357.669693569292
senc,A,New Hanover HARNETT 1,3.004193017772698,1625.0,0.5,national,equal sd,7.314919771865619,odds-ratio logit,1,0.16863679885864258,1.00248,991.219,0,6.596,150.2757731958763,5874.40328908746
senc,A,New Hanover HARNETT 1,3.004193017772698,1625.0,0.5,national,equal sd,7.314919771865619,adjusted row,1,0.22182297706604004,1.00133,1287.49,0,6.808,189.11427732079906,5801.607284244272
senc,A,New Hanover HARNETT 1,3.004193017772698,1625.0,0.5,national,equal sd,7.314919771865619,adjusted table,1,0.4070117473602295,1.00087,1079.24,0,6.708,160.88849135360763,2651.0054013584568
senc,A,New Hanover HARNETT 1,3.004193017772698,1625.0,0.5,national,interactions only,0.07314919771865619,position logit,1,1.5711312294006348,1.28132,11.4037,173,124.854,0.09133628077594631,7.257818527134548
senc,A,New Hanover HARNETT 1,3.004193017772698,1625.0,0.5,national,interactions only,0.07314919771865619,odds-ratio logit,1,0.32494401931762695,1.30713,2.44841,237,8.096,0.3024221837944664,7.532578995399493
senc,A,New Hanover HARNETT 1,3.004193017772698,1625.0,0.5,national,interactions only,0.07314919771865619,adjusted row,1,3.2094743251800537,1.17366,11.4265,427,153.795,0.0742969537371176,3.5601083832206335
senc,A,New Hanover HARNETT 1,3.004193017772698,1625.0,0.5,national,interactions only,0.07314919771865619,adjusted table,1,3.5838005542755127,3.51038,1.08183,846,66.402,0.01629212975512786,0.3018587546840249
senc,A,New Hanover HARNETT 1,3.004193017772698,1625.0,2.0,indep,equal sd,2.05216149747693e-16,position logit,1,0.1655580997467041,0.999986,545.151,0,6.96,78.32629310344826,3289.7426075666713
senc,A,New Hanover HARNETT 1,3.004193017772698,1625.0,2.0,indep,equal sd,2.05216149747693e-16,odds-ratio logit,1,0.14443039894104004,0.998901,756.551,0,6.864,110.22013403263404,5234.44594914024
senc,A,New Hanover HARNETT 1,3.004193017772698,1625.0,2.0,indep,equal sd,2.05216149747693e-16,adjusted row,1,0.2542390823364258,1.00581,775.547,0,7.98,97.18634085213033,3048.9622406697654
senc,A,New Hanover HARNETT 1,3.004193017772698,1625.0,2.0,indep,equal sd,2.05216149747693e-16,adjusted table,1,0.38004207611083984,1.00355,637.717,0,8.38,76.09988066825775,1677.4359410898528
senc,A,New Hanover HARNETT 1,3.004193017772698,1625.0,2.0,raked,equal sd,6.317007493474438e-15,position logit,1,0.15027308464050293,1.00488,731.449,0,6.94,105.39610951008645,4860.239828550064
senc,A,New Hanover HARNETT 1,3.004193017772698,1625.0,2.0,raked,equal sd,6.317007493474438e-15,odds-ratio logit,1,0.18111300468444824,1.00023,701.673,0,6.828,102.7640597539543,3870.503029551247
senc,A,New Hanover HARNETT 1,3.004193017772698,1625.0,2.0,raked,equal sd,6.317007493474438e-15,adjusted row,1,0.3017303943634033,1.00574,648.456,0,8.46,76.64964539007092,2147.937524579703
senc,A,New Hanover HARNETT 1,3.004193017772698,1625.0,2.0,raked,equal sd,6.317007493474438e-15,adjusted table,1,0.4129507541656494,1.00138,827.299,0,7.392,111.91815476190476,2002.1854209077721
senc,A,New Hanover HARNETT 1,3.004193017772698,1625.0,2.0,national,equal sd,1.8287299429664048,position logit,1,0.1532602310180664,1.00075,658.519,0,6.932,94.9969705712637,4292.250526464975
senc,A,New Hanover HARNETT 1,3.004193017772698,1625.0,2.0,national,equal sd,1.8287299429664048,odds-ratio logit,1,0.14251995086669922,1.0065,549.802,0,6.864,80.09935897435898,3855.0560910220083
senc,A,New Hanover HARNETT 1,3.004193017772698,1625.0,2.0,national,equal sd,1.8287299429664048,adjusted row,1,0.22310757637023926,1.00195,812.46,0,6.628,122.5799637899819,3639.0806122472954
senc,A,New Hanover HARNETT 1,3.004193017772698,1625.0,2.0,national,equal sd,1.8287299429664048,adjusted table,1,0.40827512741088867,1.00236,690.513,0,7.188,96.06469115191987,1690.0843156598032
senc,A,New Hanover HARNETT 1,3.004193017772698,1625.0,2.0,national,interactions only,0.07314919771865619,position logit,1,1.8501412868499756,1.15334,8.80836,234,167.313,0.052645998816589275,4.760618223106812
senc,A,New Hanover HARNETT 1,3.004193017772698,1625.0,2.0,national,interactions only,0.07314919771865619,odds-ratio logit,1,0.316070556640625,1.63724,2.95318,0,19.252,0.1533960108040723,9.337918928650856
senc,A,New Hanover HARNETT 1,3.004193017772698,1625.0,2.0,national,interactions only,0.07314919771865619,adjusted row,1,2.1354472637176514,1.14902,8.3109,85,111.332,0.07464969640354975,3.8915754913557055
senc,A,New Hanover HARNETT 1,3.004193017772698,1625.0,2.0,national,interactions only,0.07314919771865619,adjusted table,1,1.5220353603363037,1.03953,54.3557,230,27.727,1.9603887907094169,35.70950978794455
senc,A,New Hanover WILMINGTON 20,3.57114389231319,1590.0,0.5,indep,equal sd,7.456791362014895e-16,position logit,1,0.14811420440673828,1.00011,1506.03,0,6.868,219.28217821782178,10161.45675315859
senc,A,New Hanover WILMINGTON 20,3.57114389231319,1590.0,0.5,indep,equal sd,7.456791362014895e-16,odds-ratio logit,1,0.15300583839416504,1.00006,1213.78,0,6.684,181.59485338120885,7923.454765656371
senc,A,New Hanover WILMINGTON 20,3.57114389231319,1590.0,0.5,indep,equal sd,7.456791362014895e-16,adjusted row,1,0.21206021308898926,1.00038,1362.37,0,6.668,204.31463707258547,6421.597074170637
senc,A,New Hanover WILMINGTON 20,3.57114389231319,1590.0,0.5,indep,equal sd,7.456791362014895e-16,adjusted table,1,0.34356164932250977,1.00018,1033.57,0,6.752,153.07612559241707,3006.8721360196373
senc,A,New Hanover WILMINGTON 20,3.57114389231319,1590.0,0.5,raked,equal sd,0.0,position logit,1,0.19263124465942383,1.00136,897.312,0,6.92,129.66936416184973,4655.281178302398
senc,A,New Hanover WILMINGTON 20,3.57114389231319,1590.0,0.5,raked,equal sd,0.0,odds-ratio logit,1,0.18715548515319824,1.00107,1132.19,0,6.816,166.10768779342723,6044.580078383852
senc,A,New Hanover WILMINGTON 20,3.57114389231319,1590.0,0.5,raked,equal sd,0.0,adjusted row,1,0.21435189247131348,1.00123,1064.11,0,6.86,155.11807580174926,4961.901724124897
senc,A,New Hanover WILMINGTON 20,3.57114389231319,1590.0,0.5,raked,equal sd,0.0,adjusted table,1,0.41437506675720215,1.00554,1045.21,0,7.16,145.9790502793296,2521.2915640832016
senc,A,New Hanover WILMINGTON 20,3.57114389231319,1590.0,0.5,national,equal sd,9.520085529429773,position logit,1,0.17618250846862793,0.99978,882.912,0,6.768,130.45390070921988,5007.147721415988
senc,A,New Hanover WILMINGTON 20,3.57114389231319,1590.0,0.5,national,equal sd,9.520085529429773,odds-ratio logit,1,0.15495967864990234,1.00248,1011.87,0,6.788,149.0674720094284,6525.785666149515
senc,A,New Hanover WILMINGTON 20,3.57114389231319,1590.0,0.5,national,equal sd,9.520085529429773,adjusted row,1,0.19086480140686035,1.00072,1291.14,0,6.744,191.4501779359431,6759.668005876633
senc,A,New Hanover WILMINGTON 20,3.57114389231319,1590.0,0.5,national,equal sd,9.520085529429773,adjusted table,1,0.41352009773254395,1.00103,1076.17,0,6.92,155.51589595375725,2601.1744084292686
senc,A,New Hanover WILMINGTON 20,3.57114389231319,1590.0,0.5,national,interactions only,0.09520085529429771,position logit,1,0.28917479515075684,1.06456,42.5554,726,8.722,4.879087365283192,147.1064477682696
senc,A,New Hanover WILMINGTON 20,3.57114389231319,1590.0,0.5,national,interactions only,0.09520085529429771,odds-ratio logit,1,0.5406520366668701,1.04089,65.3172,656,20.869,3.1298672672384877,120.7874516355851
senc,A,New Hanover WILMINGTON 20,3.57114389231319,1590.0,0.5,national,interactions only,0.09520085529429771,adjusted row,1,1.113668441772461,1.03757,72.1674,348,41.263,1.7489615393936457,64.79553429675083
senc,A,New Hanover WILMINGTON 20,3.57114389231319,1590.0,0.5,national,interactions only,0.09520085529429771,adjusted table,1,17.447686910629272,153738027697562.0,1.00604,551,474.219,0.002121467085882261,0.05765977983277392
senc,A,New Hanover WILMINGTON 20,3.57114389231319,1590.0,2.0,indep,equal sd,1.8641978405037237e-16,position logit,1,0.16473841667175293,1.00275,861.078,0,6.884,125.0839628123184,5223.924513803188
senc,A,New Hanover WILMINGTON 20,3.57114389231319,1590.0,2.0,indep,equal sd,1.8641978405037237e-16,odds-ratio logit,1,0.18173718452453613,1.00548,518.225,0,9.728,53.27148437500001,2850.0271949251105
senc,A,New Hanover WILMINGTON 20,3.57114389231319,1590.0,2.0,indep,equal sd,1.8641978405037237e-16,adjusted row,1,0.2525196075439453,1.00286,819.788,0,7.168,114.36774553571429,3245.228894839916
senc,A,New Hanover WILMINGTON 20,3.57114389231319,1590.0,2.0,indep,equal sd,1.8641978405037237e-16,adjusted table,1,0.425217866897583,1.00187,738.099,0,7.536,97.94307324840766,1735.4147552282832
senc,A,New Hanover WILMINGTON 20,3.57114389231319,1590.0,2.0,raked,equal sd,0.0,position logit,1,0.20326948165893555,1.00364,542.554,0,10.552,51.41717210007582,2667.887978184538
senc,A,New Hanover WILMINGTON 20,3.57114389231319,1590.0,2.0,raked,equal sd,0.0,odds-ratio logit,1,0.15413618087768555,1.00301,451.96,0,7.396,61.10870740941049,2930.3765129332396
senc,A,New Hanover WILMINGTON 20,3.57114389231319,1590.0,2.0,raked,equal sd,0.0,adjusted row,1,0.2592766284942627,1.00133,529.989,0,9.444,56.119123252858955,2043.0430031827555
senc,A,New Hanover WILMINGTON 20,3.57114389231319,1590.0,2.0,raked,equal sd,0.0,adjusted table,1,0.40244412422180176,1.00588,700.971,0,8.896,78.79620053956833,1741.0863525206526
senc,A,New Hanover WILMINGTON 20,3.57114389231319,1590.0,2.0,national,equal sd,2.380021382357443,position logit,1,0.16272401809692383,1.00424,637.733,0,7.0,91.10471428571428,3916.7035021473553
senc,A,New Hanover WILMINGTON 20,3.57114389231319,1590.0,2.0,national,equal sd,2.380021382357443,odds-ratio logit,1,0.22506952285766602,1.00402,344.447,0,7.744,44.4792097107438,1529.4079230339266
senc,A,New Hanover WILMINGTON 20,3.57114389231319,1590.0,2.0,national,equal sd,2.380021382357443,adjusted row,1,0.28789615631103516,1.00262,325.599,0,7.332,44.407937806873974,1130.3757388134566
senc,A,New Hanover WILMINGTON 20,3.57114389231319,1590.0,2.0,national,equal sd,2.380021382357443,adjusted table,1,0.41066813468933105,1.00331,619.473,0,8.592,72.098812849162,1508.0996185966546
senc,A,New Hanover WILMINGTON 20,3.57114389231319,1590.0,2.0,national,interactions only,0.09520085529429771,position logit,1,0.5466256141662598,1.05777,65.4106,672,19.163,3.413379950947138,119.64201462138487
senc,A,New Hanover WILMINGTON 20,3.57114389231319,1590.0,2.0,national,interactions only,0.09520085529429771,odds-ratio logit,1,0.9348475933074951,1.02897,67.1794,391,64.539,1.040911696803483,71.85399076705575
senc,A,New Hanover WILMINGTON 20,3.57114389231319,1590.0,2.0,national,interactions only,0.09520085529429771,adjusted row,1,0.580935001373291,1.06517,11.4082,791,8.281,1.377635551261925,19.630498916843692
senc,A,New Hanover WILMINGTON 20,3.57114389231319,1590.0,2.0,national,interactions only,0.09520085529429771,adjusted table,1,16.907190322875977,3.11199,1.09515,537,319.102,0.003431974729083491,0.06477361418399932
senc,A,Brunswick LONGWOOD,4.1954221882515075,2375.0,0.5,indep,equal sd,1.681701854439316e-15,position logit,1,0.16006016731262207,1.00055,966.032,0,6.748,143.15826911677533,6022.7092937114185
senc,A,Brunswick LONGWOOD,4.1954221882515075,2375.0,0.5,indep,equal sd,1.681701854439316e-15,odds-ratio logit,1,0.19074702262878418,1.00124,1069.69,0,6.728,158.9907847800238,5603.878277295863
senc,A,Brunswick LONGWOOD,4.1954221882515075,2375.0,0.5,indep,equal sd,1.681701854439316e-15,adjusted row,1,0.22228455543518066,1.00059,1039.58,0,6.804,152.78953556731332,4674.632142981964
senc,A,Brunswick LONGWOOD,4.1954221882515075,2375.0,0.5,indep,equal sd,1.681701854439316e-15,adjusted table,1,0.4128282070159912,1.00078,1245.48,0,6.52,191.02453987730064,3015.924333989757
senc,A,Brunswick LONGWOOD,4.1954221882515075,2375.0,0.5,raked,equal sd,0.0,position logit,1,0.18021035194396973,1.00093,1144.3,0,6.956,164.5054629097182,6346.426379322427
senc,A,Brunswick LONGWOOD,4.1954221882515075,2375.0,0.5,raked,equal sd,0.0,odds-ratio logit,1,0.15488100051879883,1.00034,1071.21,0,6.808,157.3457696827262,6911.9904063061995
senc,A,Brunswick LONGWOOD,4.1954221882515075,2375.0,0.5,raked,equal sd,0.0,adjusted row,1,0.24154162406921387,1.00296,995.975,0,6.896,144.42792923433876,4121.725055722029
senc,A,Brunswick LONGWOOD,4.1954221882515075,2375.0,0.5,raked,equal sd,0.0,adjusted table,1,0.38010478019714355,1.00181,830.376,0,7.16,115.97430167597764,2184.0332167403385
senc,A,Brunswick LONGWOOD,4.1954221882515075,2375.0,0.5,national,equal sd,12.137685058386962,position logit,1,0.17201995849609375,1.00015,1253.3,0,6.684,187.50748055056852,7281.735412831328
senc,A,Brunswick LONGWOOD,4.1954221882515075,2375.0,0.5,national,equal sd,12.137685058386962,odds-ratio logit,1,0.14210271835327148,1.00121,1303.37,0,6.776,192.35094451003542,9165.43019372924
senc,A,Brunswick LONGWOOD,4.1954221882515075,2375.0,0.5,national,equal sd,12.137685058386962,adjusted row,1,0.21810579299926758,1.00022,1177.95,0,6.62,177.9380664652568,5398.116815768197
senc,A,Brunswick LONGWOOD,4.1954221882515075,2375.0,0.5,national,equal sd,12.137685058386962,adjusted table,1,0.43541765213012695,0.999817,1084.53,0,6.904,157.0871958285052,2489.968370557292
senc,A,Brunswick LONGWOOD,4.1954221882515075,2375.0,0.5,national,interactions only,0.12137685058386961,position logit,1,0.35608577728271484,1.0108,125.165,662,9.345,13.393793472445157,351.4063885832095
senc,A,Brunswick LONGWOOD,4.1954221882515075,2375.0,0.5,national,interactions only,0.12137685058386961,odds-ratio logit,1,0.3465738296508789,1.2157,9.60754,674,13.864,0.6929847085978073,27.713721982197224
senc,A,Brunswick LONGWOOD,4.1954221882515075,2375.0,0.5,national,interactions only,0.12137685058386961,adjusted row,1,0.5827755928039551,1.00714,132.371,616,10.493,12.615172019441532,227.0993088838023
senc,A,Brunswick LONGWOOD,4.1954221882515075,2375.0,0.5,national,interactions only,0.12137685058386961,adjusted table,1,9.87226414680481,16003776995339.0,1.00604,763,281.625,0.0035722680869951177,0.101904625697521
senc,A,Brunswick LONGWOOD,4.1954221882515075,2375.0,2.0,indep,equal sd,4.20425463609829e-16,position logit,1,0.26178908348083496,1.00233,428.702,0,10.692,40.09558548447437,1636.908659360187
senc,A,Brunswick LONGWOOD,4.1954221882515075,2375.0,2.0,indep,equal sd,4.20425463609829e-16,odds-ratio logit,1,0.16309762001037598,1.00137,253.693,0,8.836,28.71129470348574,1553.9452511526088
senc,A,Brunswick LONGWOOD,4.1954221882515075,2375.0,2.0,indep,equal sd,4.20425463609829e-16,adjusted row,1,0.20534086227416992,1.00088,505.933,0,7.064,71.62131936579841,2462.6681370064593
senc,A,Brunswick LONGWOOD,4.1954221882515075,2375.0,2.0,indep,equal sd,4.20425463609829e-16,adjusted table,1,0.42134594917297363,1.00341,470.789,0,9.448,49.82948772226926,1116.7192909213886
senc,A,Brunswick LONGWOOD,4.1954221882515075,2375.0,2.0,raked,equal sd,0.0,position logit,1,0.3942530155181885,1.01378,347.873,1,19.727,17.63435900035484,881.9954756646315
senc,A,Brunswick LONGWOOD,4.1954221882515075,2375.0,2.0,raked,equal sd,0.0,odds-ratio logit,1,0.2455463409423828,1.01177,117.249,0,11.172,10.494897959183673,477.1018205927465
senc,A,Brunswick LONGWOOD,4.1954221882515075,2375.0,2.0,raked,equal sd,0.0,adjusted row,1,0.2798573970794678,1.00422,292.431,0,9.144,31.98064304461942,1044.310280462698
senc,A,Brunswick LONGWOOD,4.1954221882515075,2375.0,2.0,raked,equal sd,0.0,adjusted table,1,0.49915361404418945,1.00601,293.3,0,9.38,31.268656716417908,587.4762482187406
senc,A,Brunswick LONGWOOD,4.1954221882515075,2375.0,2.0,national,equal sd,3.0344212645967406,position logit,1,5.384353399276733,1.00291,217.13,0,498.16,0.4358639794443552,40.32499962230288
senc,A,Brunswick LONGWOOD,4.1954221882515075,2375.0,2.0,national,equal sd,3.0344212645967406,odds-ratio logit,1,0.348555326461792,1.0376,66.3196,1,23.688,2.7997129348193175,190.21190853512016
senc,A,Brunswick LONGWOOD,4.1954221882515075,2375.0,2.0,national,equal sd,3.0344212645967406,adjusted row,1,0.24648475646972656,1.02339,211.066,0,7.668,27.525560772039643,855.962531183617
senc,A,Brunswick LONGWOOD,4.1954221882515075,2375.0,2.0,national,equal sd,3.0344212645967406,adjusted table,1,0.5870804786682129,1.01295,155.919,0,11.044,14.117982614994567,265.48773319519796
senc,A,Brunswick LONGWOOD,4.1954221882515075,2375.0,2.0,national,interactions only,0.12137685058386961,position logit,1,0.6261088848114014,1.01816,79.7333,619,24.614,3.239347525798326,127.32770166914399
senc,A,Brunswick LONGWOOD,4.1954221882515075,2375.0,2.0,national,interactions only,0.12137685058386961,odds-ratio logit,1,0.572871208190918,1.01655,86.1555,486,25.679,3.355095603411348,150.3662211961893
senc,A,Brunswick LONGWOOD,4.1954221882515075,2375.0,2.0,national,interactions only,0.12137685058386961,adjusted row,1,0.6297898292541504,1.023,85.9105,638,13.101,6.557552858560415,136.38979790366804
senc,A,Brunswick LONGWOOD,4.1954221882515075,2375.0,2.0,national,interactions only,0.12137685058386961,adjusted table,1,7.156416177749634,124972523498172.0,1.00604,896,190.803,0.005272663427723883,0.14057662742698324
senc,A,New Hanover WILMINGTON 7,5.382586533684061,1637.0,0.5,indep,equal sd,1.0966196352444118e-14,position logit,1,0.13776779174804688,1.00198,1019.2,0,6.88,148.13953488372093,7392.224353263427
senc,A,New Hanover WILMINGTON 7,5.382586533684061,1637.0,0.5,indep,equal sd,1.0966196352444118e-14,odds-ratio logit,1,0.1738755702972412,1.00159,895.72,0,7.036,127.30528709494031,5146.771630219315
senc,A,New Hanover WILMINGTON 7,5.382586533684061,1637.0,0.5,indep,equal sd,1.0966196352444118e-14,adjusted row,1,0.29108524322509766,1.0014,921.328,0,7.024,131.16856492027335,3164.093643704654
senc,A,New Hanover WILMINGTON 7,5.382586533684061,1637.0,0.5,indep,equal sd,1.0966196352444118e-14,adjusted table,1,0.38109874725341797,1.00191,784.143,0,7.532,104.10820499203399,2056.961990453604
senc,A,New Hanover WILMINGTON 7,5.382586533684061,1637.0,0.5,raked,equal sd,0.0,position logit,1,0.1489427089691162,1.00281,878.413,0,7.012,125.27281802624074,5893.7322488902255
senc,A,New Hanover WILMINGTON 7,5.382586533684061,1637.0,0.5,raked,equal sd,0.0,odds-ratio logit,1,0.17343425750732422,1.00037,1061.76,0,6.972,152.289156626506,6117.852934281781
senc,A,New Hanover WILMINGTON 7,5.382586533684061,1637.0,0.5,raked,equal sd,0.0,adjusted row,1,0.18861889839172363,1.00147,1092.3,0,7.288,149.87650933040612,5787.991362681954
senc,A,New Hanover WILMINGTON 7,5.382586533684061,1637.0,0.5,raked,equal sd,0.0,adjusted table,1,0.4066154956817627,0.999764,993.978,0,7.076,140.47173544375354,2443.6904661436247
senc,A,New Hanover WILMINGTON 7,5.382586533684061,1637.0,0.5,national,equal sd,13.600436339297053,position logit,1,0.1850900650024414,1.00316,467.98,0,6.672,70.14088729016787,2526.903188826709
senc,A,New Hanover WILMINGTON 7,5.382586533684061,1637.0,0.5,national,equal sd,13.600436339297053,odds-ratio logit,1,0.16003704071044922,1.0035,451.02,0,7.172,62.88622420524261,2816.5441663738525
senc,A,New Hanover WILMINGTON 7,5.382586533684061,1637.0,0.5,national,equal sd,13.600436339297053,adjusted row,1,0.21244454383850098,1.00137,478.169,0,6.976,68.54486811926606,2249.7769382541
senc,A,New Hanover WILMINGTON 7,5.382586533684061,1637.0,0.5,national,equal sd,13.600436339297053,adjusted table,1,0.48761653900146484,1.00431,580.849,0,8.848,65.64749095840868,1190.7404216105363
senc,A,New Hanover WILMINGTON 7,5.382586533684061,1637.0,0.5,national,interactions only,0.13600436339297053,position logit,1,0.3773326873779297,1.02284,109.943,696,12.152,9.047317314022383,291.28789092709945
senc,A,New Hanover WILMINGTON 7,5.382586533684061,1637.0,0.5,national,interactions only,0.13600436339297053,odds-ratio logit,1,0.2863757610321045,1.08859,11.2076,668,12.382,0.9051526409303828,39.11622637444935
senc,A,New Hanover WILMINGTON 7,5.382586533684061,1637.0,0.5,national,interactions only,0.13600436339297053,adjusted row,1,0.5847992897033691,1.01765,115.029,637,19.017,6.048745858968291,196.6660232216492
senc,A,New Hanover WILMINGTON 7,5.382586533684061,1637.0,0.5,national,interactions only,0.13600436339297053,adjusted table,1,16.545289039611816,23311481145607.0,1.00604,571,513.863,0.0019577980901524334,0.06080487402086199
senc,A,New Hanover WILMINGTON 7,5.382586533684061,1637.0,2.0,indep,equal sd,2.7415490881110295e-15,position logit,1,0.19383955001831055,1.00262,473.453,0,7.1,66.68352112676057,2440.6352807213975
senc,A,New Hanover WILMINGTON 7,5.382586533684061,1637.0,2.0,indep,equal sd,2.7415490881110295e-15,odds-ratio logit,1,0.1795799732208252,1.00891,464.38,0,7.404,62.72015126958401,2584.4202310087826
senc,A,New Hanover WILMINGTON 7,5.382586533684061,1637.0,2.0,indep,equal sd,2.7415490881110295e-15,adjusted row,1,0.3299582004547119,1.00193,500.097,0,9.682,51.652241272464366,1515.1994968653046
senc,A,New Hanover WILMINGTON 7,5.382586533684061,1637.0,2.0,indep,equal sd,2.7415490881110295e-15,adjusted table,1,0.4739565849304199,1.0024,451.505,0,9.936,45.441324476650564,952.4291807420879
senc,A,New Hanover WILMINGTON 7,5.382586533684061,1637.0,2.0,raked,equal sd,0.0,position logit,1,0.20663952827453613,1.00409,434.646,0,10.752,40.42466517857143,2101.736065630923
senc,A,New Hanover WILMINGTON 7,5.382586533684061,1637.0,2.0,raked,equal sd,0.0,odds-ratio logit,1,0.22062015533447266,1.00485,431.331,0,9.708,44.43046971569839,1953.5389368348308
senc,A,New Hanover WILMINGTON 7,5.382586533684061,1637.0,2.0,raked,equal sd,0.0,adjusted row,1,0.24385929107666016,1.01144,364.697,0,9.748,37.41249487074272,1494.7082901882688
senc,A,New Hanover WILMINGTON 7,5.382586533684061,1637.0,2.0,raked,equal sd,0.0,adjusted table,1,0.5664412975311279,1.01363,388.99,0,11.776,33.032438858695656,686.6098818590295
senc,A,New Hanover WILMINGTON 7,5.382586533684061,1637.0,2.0,national,equal sd,3.400109084824263,position logit,1,0.17289209365844727,1.00842,631.519,0,6.936,91.0494521337947,3650.678535826859
senc,A,New Hanover WILMINGTON 7,5.382586533684061,1637.0,2.0,national,equal sd,3.400109084824263,odds-ratio logit,1,0.20529842376708984,1.00068,704.32,0,7.054,99.84689537850865,3429.064482192646
senc,A,New Hanover WILMINGTON 7,5.382586533684061,1637.0,2.0,national,equal sd,3.400109084824263,adjusted row,1,0.32145261764526367,1.00066,626.342,0,11.348,55.19404300317236,1947.3616467769673
senc,A,New Hanover WILMINGTON 7,5.382586533684061,1637.0,2.0,national,equal sd,3.400109084824263,adjusted table,1,0.6568191051483154,1.00468,359.377,0,8.83,40.6995469988675,547.026876944243
senc,A,New Hanover WILMINGTON 7,5.382586533684061,1637.0,2.0,national,interactions only,0.13600436339297053,position logit,1,0.454815149307251,1.02827,93.079,493,25.109,3.706997490939503,204.6058246466188
senc,A,New Hanover WILMINGTON 7,5.382586533684061,1637.0,2.0,national,interactions only,0.13600436339297053,odds-ratio logit,1,0.5478010177612305,1.03442,109.524,463,28.832,3.79869589345172,199.89780562465978
senc,A,New Hanover WILMINGTON 7,5.382586533684061,1637.0,2.0,national,interactions only,0.13600436339297053,adjusted row,1,0.7597856521606445,1.07764,62.43,760,7.553,8.265589831854893,82.15051065005943
senc,A,New Hanover WILMINGTON 7,5.382586533684061,1637.0,2.0,national,interactions only,0.13600436339297053,adjusted table,1,10.631392002105713,140926332589692.0,1.00604,841,167.081,0.006021271119995691,0.09462830166003061
senc,B,New Hanover WILMINGTON 20,3.57114389231319,15.899999999999999,1.0,raked,equal sd,0.0,position logit,1,0.1797788143157959,1.00518,544.454,0,9.872,55.15133711507293,3026.8601903327867
senc,B,New Hanover WILMINGTON 20,3.57114389231319,15.899999999999999,1.0,raked,equal sd,0.0,odds-ratio logit,1,0.25350189208984375,1.00218,551.796,0,11.24,49.092170818505345,2175.9038875419546
senc,B,New Hanover WILMINGTON 20,3.57114389231319,15.899999999999999,1.0,raked,equal sd,0.0,adjusted row,1,0.365708589553833,1.00605,421.067,0,10.024,42.005885873902635,1151.0278289076894
senc,B,New Hanover WILMINGTON 20,3.57114389231319,15.899999999999999,1.0,raked,equal sd,0.0,adjusted table,1,0.696197509765625,1.00552,455.165,0,12.028,37.84211839042235,653.6853142061394
senc,B,New Hanover WILMINGTON 20,3.57114389231319,1590.0,1.0,raked,equal sd,0.0,position logit,1,0.17886734008789062,1.00187,605.391,0,6.872,88.09531431897555,3381.754692827205
senc,B,New Hanover WILMINGTON 20,3.57114389231319,1590.0,1.0,raked,equal sd,0.0,odds-ratio logit,1,0.17760467529296875,1.00509,460.671,0,7.168,64.26771763392857,2592.258376008726
senc,B,New Hanover WILMINGTON 20,3.57114389231319,1590.0,1.0,raked,equal sd,0.0,adjusted row,1,0.1851649284362793,1.00117,537.019,0,6.896,77.87398491879351,2898.723152603666
senc,B,New Hanover WILMINGTON 20,3.57114389231319,1590.0,1.0,raked,equal sd,0.0,adjusted table,1,0.37323927879333496,1.00493,546.954,0,7.652,71.47856769472033,1465.0408490103703
senc,B,New Hanover WILMINGTON 20,3.57114389231319,159000.0,1.0,raked,equal sd,2.960594732333751e-16,position logit,1,0.15963292121887207,1.00154,607.187,0,6.868,88.408124635993,3801.3799023924244
senc,B,New Hanover WILMINGTON 20,3.57114389231319,159000.0,1.0,raked,equal sd,2.960594732333751e-16,odds-ratio logit,1,0.14754009246826172,1.00368,496.293,0,6.908,71.84322524609148,3361.556808645464
senc,B,New Hanover WILMINGTON 20,3.57114389231319,159000.0,1.0,raked,equal sd,2.960594732333751e-16,adjusted row,1,0.1800539493560791,1.00265,759.538,0,6.76,112.35769230769232,4215.884697349302
senc,B,New Hanover WILMINGTON 20,3.57114389231319,159000.0,1.0,raked,equal sd,2.960594732333751e-16,adjusted table,1,0.415116548538208,1.00102,744.544,0,6.66,111.79339339339339,1793.0560976004115
senc,A,Columbus WACCAMAW,1.0819679615372548,1708.0,0.5,indep,equal sd,1.5665994789205886e-15,position logit,2,0.14163994789123535,1.00047,1236.09,0,6.86,180.1880466472303,8717.962171193349
senc,A,Columbus WACCAMAW,1.0819679615372548,1708.0,0.5,indep,equal sd,1.5665994789205886e-15,odds-ratio logit,2,0.1373732089996338,1.00239,855.355,0,6.552,130.54868742368743,6216.223672535858
senc,A,Columbus WACCAMAW,1.0819679615372548,1708.0,0.5,indep,equal sd,1.5665994789205886e-15,adjusted row,2,0.2114577293395996,1.00521,912.284,0,6.508,140.17885679164107,4312.287766741348
senc,A,Columbus WACCAMAW,1.0819679615372548,1708.0,0.5,indep,equal sd,1.5665994789205886e-15,adjusted table,2,0.35706329345703125,1.00055,971.387,0,6.74,144.1227002967359,2719.7505403050254
senc,A,Columbus WACCAMAW,1.0819679615372548,1708.0,0.5,raked,equal sd,0.0,position logit,2,0.15341591835021973,0.999838,1273.53,0,6.612,192.60889292196006,8293.812638472897
senc,A,Columbus WACCAMAW,1.0819679615372548,1708.0,0.5,raked,equal sd,0.0,odds-ratio logit,2,0.1345372200012207,1.00437,864.893,0,6.736,128.39860451306413,6424.007468544249
senc,A,Columbus WACCAMAW,1.0819679615372548,1708.0,0.5,raked,equal sd,0.0,adjusted row,2,0.19751572608947754,0.999851,1312.1,0,6.824,192.27725674091442,6639.793396819421
senc,A,Columbus WACCAMAW,1.0819679615372548,1708.0,0.5,raked,equal sd,0.0,adjusted table,2,0.3702826499938965,1.00038,1309.78,0,6.724,194.79179060083283,3536.3079449677466
senc,A,Columbus WACCAMAW,1.0819679615372548,1708.0,0.5,national,equal sd,3.60818228993465,position logit,2,0.18209528923034668,1.00255,905.882,0,6.876,131.74549156486327,4971.598948155708
senc,A,Columbus WACCAMAW,1.0819679615372548,1708.0,0.5,national,equal sd,3.60818228993465,odds-ratio logit,2,0.16339111328125,1.00173,1307.61,0,6.836,191.2829139847864,7998.159390306859
senc,A,Columbus WACCAMAW,1.0819679615372548,1708.0,0.5,national,equal sd,3.60818228993465,adjusted row,2,0.2525203227996826,1.00097,1301.09,0,6.768,192.24143026004728,5150.452400460194
senc,A,Columbus WACCAMAW,1.0819679615372548,1708.0,0.5,national,equal sd,3.60818228993465,adjusted table,2,0.3443949222564697,1.00213,1209.54,0,6.72,179.99107142857142,3509.6017473092616
senc,A,Columbus WACCAMAW,1.0819679615372548,1708.0,0.5,national,interactions only,0.0360818228993465,position logit,2,0.1559295654296875,1.00347,1109.26,0,6.868,161.51135701805472,7109.27660728229
senc,A,Columbus WACCAMAW,1.0819679615372548,1708.0,0.5,national,interactions only,0.0360818228993465,odds-ratio logit,2,0.14812397956848145,1.00269,848.514,0,6.876,123.4022687609075,5724.626161164702
senc,A,Columbus WACCAMAW,1.0819679615372548,1708.0,0.5,national,interactions only,0.0360818228993465,adjusted row,2,0.20941495895385742,1.00617,844.756,0,6.644,127.1456953642384,4032.0540561912444
senc,A,Columbus WACCAMAW,1.0819679615372548,1708.0,0.5,national,interactions only,0.0360818228993465,adjusted table,2,0.32051753997802734,1.00124,1234.18,0,6.668,185.0899820035993,3849.356518381858
senc,A,Columbus WACCAMAW,1.0819679615372548,1708.0,2.0,indep,equal sd,3.9164986973014714e-16,position logit,2,0.6168684959411621,1.0062,412.322,1,41.968,9.824675943576057,668.3087019397681
senc,A,Columbus WACCAMAW,1.0819679615372548,1708.0,2.0,indep,equal sd,3.9164986973014714e-16,odds-ratio logit,2,0.19917058944702148,1.00673,345.522,1,12.471,27.706038008178975,1733.9574614293062
senc,A,Columbus WACCAMAW,1.0819679615372548,1708.0,2.0,indep,equal sd,3.9164986973014714e-16,adjusted row,2,0.22641706466674805,1.00398,680.373,0,7.236,94.02611940298509,3003.654661685997
senc,A,Columbus WACCAMAW,1.0819679615372548,1708.0,2.0,indep,equal sd,3.9164986973014714e-16,adjusted table,2,0.4315190315246582,1.00208,745.658,0,7.436,100.27676169983863,1727.4199809843951
senc,A,Columbus WACCAMAW,1.0819679615372548,1708.0,2.0,raked,equal sd,0.0,position logit,2,0.5066993236541748,1.01357,258.185,2,26.016,9.924085178351785,509.44645162686476
senc,A,Columbus WACCAMAW,1.0819679615372548,1708.0,2.0,raked,equal sd,0.0,odds-ratio logit,2,0.29447007179260254,1.00606,262.714,0,16.28,16.137223587223588,891.6366307844185
senc,A,Columbus WACCAMAW,1.0819679615372548,1708.0,2.0,raked,equal sd,0.0,adjusted row,2,0.2351677417755127,1.00205,421.42,0,7.776,54.19495884773663,1791.2256829517933
senc,A,Columbus WACCAMAW,1.0819679615372548,1708.0,2.0,raked,equal sd,0.0,adjusted table,2,0.4475443363189697,1.00003,386.309,0,6.908,55.92197452229299,862.9872434141392
senc,A,Columbus WACCAMAW,1.0819679615372548,1708.0,2.0,national,equal sd,0.9020455724836625,position logit,2,0.40036439895629883,1.00181,246.882,4,21.714,11.369715390991988,616.4886814906015
senc,A,Columbus WACCAMAW,1.0819679615372548,1708.0,2.0,national,equal sd,0.9020455724836625,odds-ratio logit,2,0.256864070892334,1.01879,197.134,0,15.176,12.989852398523984,767.1616526172513
senc,A,Columbus WACCAMAW,1.0819679615372548,1708.0,2.0,national,equal sd,0.9020455724836625,adjusted row,2,0.21950244903564453,1.00035,411.423,0,7.328,56.14396834061135,1873.5031149452866
senc,A,Columbus WACCAMAW,1.0819679615372548,1708.0,2.0,national,equal sd,0.9020455724836625,adjusted table,2,0.4225020408630371,1.00553,492.827,0,6.964,70.76780585870189,1166.1816236699638
senc,A,Columbus WACCAMAW,1.0819679615372548,1708.0,2.0,national,interactions only,0.0360818228993465,position logit,2,0.9718663692474365,1.00919,430.104,1,81.09,5.304032556418793,442.50875030993006
senc,A,Columbus WACCAMAW,1.0819679615372548,1708.0,2.0,national,interactions only,0.0360818228993465,odds-ratio logit,2,0.2546241283416748,1.00685,318.439,4,14.918,21.345957903204184,1250.1614348041776
senc,A,Columbus WACCAMAW,1.0819679615372548,1708.0,2.0,national,interactions only,0.0360818228993465,adjusted row,2,0.22743535041809082,1.00358,702.558,0,7.076,99.28745053702657,3086.8088688656476
senc,A,Columbus WACCAMAW,1.0819679615372548,1708.0,2.0,national,interactions only,0.0360818228993465,adjusted table,2,0.3964414596557617,1.01062,672.418,0,6.68,100.66137724550899,1695.422710915699
senc,A,New Hanover HARNETT 1,3.004193017772698,1625.0,0.5,indep,equal sd,8.20864598990772e-16,position logit,2,0.1771087646484375,0.999905,1220.39,0,6.844,178.31531268264175,6887.055147658944
senc,A,New Hanover HARNETT 1,3.004193017772698,1625.0,0.5,indep,equal sd,8.20864598990772e-16,odds-ratio logit,2,0.1723618507385254,0.999113,1140.65,0,6.756,168.8351095322676,6614.177287821603
senc,A,New Hanover HARNETT 1,3.004193017772698,1625.0,0.5,indep,equal sd,8.20864598990772e-16,adjusted row,2,0.1842656135559082,1.00164,1466.57,0,6.784,216.18071933962264,7954.944542948037
senc,A,New Hanover HARNETT 1,3.004193017772698,1625.0,0.5,indep,equal sd,8.20864598990772e-16,adjusted table,2,0.2985565662384033,1.00055,1215.17,0,6.676,182.0206710605153,4067.5319136534026
senc,A,New Hanover HARNETT 1,3.004193017772698,1625.0,0.5,raked,equal sd,2.526802997389775e-14,position logit,2,0.13788866996765137,1.00111,1080.53,0,6.768,159.65277777777777,7830.657441979404
senc,A,New Hanover HARNETT 1,3.004193017772698,1625.0,0.5,raked,equal sd,2.526802997389775e-14,odds-ratio logit,2,0.17080402374267578,1.00019,1164.63,0,6.776,171.8757378984652,6812.563306305176
senc,A,New Hanover HARNETT 1,3.004193017772698,1625.0,0.5,raked,equal sd,2.526802997389775e-14,adjusted row,2,0.2719717025756836,1.003,877.629,0,6.9,127.19260869565217,3225.7620020137774
senc,A,New Hanover HARNETT 1,3.004193017772698,1625.0,0.5,raked,equal sd,2.526802997389775e-14,adjusted table,2,0.3812377452850342,1.0016,934.34,0,7.044,132.64338444065874,2449.953237441735
senc,A,New Hanover HARNETT 1,3.004193017772698,1625.0,0.5,national,equal sd,7.314919771865619,position logit,2,0.14129137992858887,0.999957,1258.58,0,6.672,188.63609112709833,8901.262679551535
senc,A,New Hanover HARNETT 1,3.004193017772698,1625.0,0.5,national,equal sd,7.314919771865619,odds-ratio logit,2,0.18375682830810547,1.00496,972.969,0,6.824,142.5804513481829,5292.078041152115
senc,A,New Hanover HARNETT 1,3.004193017772698,1625.0,0.5,national,equal sd,7.314919771865619,adjusted row,2,0.23118853569030762,1.00049,1461.32,0,6.708,217.8473464519976,6318.347414436322
senc,A,New Hanover HARNETT 1,3.004193017772698,1625.0,0.5,national,equal sd,7.314919771865619,adjusted table,2,0.32413363456726074,1.00042,975.822,0,6.908,141.25969889982628,3008.624838290869
senc,A,New Hanover HARNETT 1,3.004193017772698,1625.0,0.5,national,interactions only,0.07314919771865619,position logit,2,0.16471314430236816,1.22735,13.9328,351,11.336,1.229075511644319,84.53051842350024
senc,A,New Hanover HARNETT 1,3.004193017772698,1625.0,0.5,national,interactions only,0.07314919771865619,odds-ratio logit,2,0.5408718585968018,1.07898,11.9552,502,18.69,0.6396575708935259,22.09942198538832
senc,A,New Hanover HARNETT 1,3.004193017772698,1625.0,0.5,national,interactions only,0.07314919771865619,adjusted row,2,0.26259875297546387,1.05966,20.9589,214,11.0,1.9053545454545455,79.78428266079517
senc,A,New Hanover HARNETT 1,3.004193017772698,1625.0,0.5,national,interactions only,0.07314919771865619,adjusted table,2,0.7028346061706543,1.26324,6.48265,471,6.959,0.9315490731426929,9.222067276017208
senc,A,New Hanover HARNETT 1,3.004193017772698,1625.0,2.0,indep,equal sd,2.05216149747693e-16,position logit,2,0.14721465110778809,1.00023,837.488,0,6.872,121.86961583236322,5684.995724700026
senc,A,New Hanover HARNETT 1,3.004193017772698,1625.0,2.0,indep,equal sd,2.05216149747693e-16,odds-ratio logit,2,0.18915915489196777,1.0047,734.516,0,6.824,107.637162954279,3881.0232170590584
senc,A,New Hanover HARNETT 1,3.004193017772698,1625.0,2.0,indep,equal sd,2.05216149747693e-16,adjusted row,2,0.226884126663208,1.00034,865.506,0,6.988,123.85603892386948,3813.102162347484
senc,A,New Hanover HARNETT 1,3.004193017772698,1625.0,2.0,indep,equal sd,2.05216149747693e-16,adjusted table,2,0.36871886253356934,1.00088,915.766,0,7.876,116.27298120873539,2482.6909731577284
senc,A,New Hanover HARNETT 1,3.004193017772698,1625.0,2.0,raked,equal sd,6.317007493474438e-15,position logit,2,0.16845965385437012,1.00209,682.672,0,6.84,99.80584795321639,4050.1548162479544
senc,A,New Hanover HARNETT 1,3.004193017772698,1625.0,2.0,raked,equal sd,6.317007493474438e-15,odds-ratio logit,2,0.15011930465698242,1.00493,478.593,0,8.4,56.97535714285714,3185.979370715898
senc,A,New Hanover HARNETT 1,3.004193017772698,1625.0,2.0,raked,equal sd,6.317007493474438e-15,adjusted row,2,0.2184765338897705,1.0061,727.635,0,7.048,103.23992622020431,3328.958300835533
senc,A,New Hanover HARNETT 1,3.004193017772698,1625.0,2.0,raked,equal sd,6.317007493474438e-15,adjusted table,2,0.3586127758026123,1.00102,671.449,0,7.076,94.89104013566987,1871.8482630819487
senc,A,New Hanover HARNETT 1,3.004193017772698,1625.0,2.0,national,equal sd,1.8287299429664048,position logit,2,0.15808916091918945,1.00298,640.237,0,7.016,91.25384834663626,4045.284142508082
senc,A,New Hanover HARNETT 1,3.004193017772698,1625.0,2.0,national,equal sd,1.8287299429664048,odds-ratio logit,2,0.14843320846557617,1.0015,551.059,0,6.896,79.90994779582367,3710.0138812954256
senc,A,New Hanover HARNETT 1,3.004193017772698,1625.0,2.0,national,equal sd,1.8287299429664048,adjusted row,2,0.2275528907775879,1.00221,557.15,0,7.676,72.5833767587285,2446.6293946497503
senc,A,New Hanover HARNETT 1,3.004193017772698,1625.0,2.0,national,equal sd,1.8287299429664048,adjusted table,2,0.3715205192565918,1.00354,593.992,0,7.688,77.26222684703434,1598.3959611696328
senc,A,New Hanover HARNETT 1,3.004193017772698,1625.0,2.0,national,interactions only,0.07314919771865619,position logit,2,0.6072378158569336,1.18232,19.1983,32,34.302,0.5596845664975804,31.610807694454728
senc,A,New Hanover HARNETT 1,3.004193017772698,1625.0,2.0,national,interactions only,0.07314919771865619,odds-ratio logit,2,1.1860730648040771,1.07787,20.7362,2,82.196,0.25227748308920145,17.480861080922462
senc,A,New Hanover HARNETT 1,3.004193017772698,1625.0,2.0,national,interactions only,0.07314919771865619,adjusted row,2,0.2703976631164551,1.16991,9.91611,180,8.768,1.1309432025547443,36.644082168380024
senc,A,New Hanover HARNETT 1,3.004193017772698,1625.0,2.0,national,interactions only,0.07314919771865619,adjusted table,2,6.73582124710083,2.53731,1.17576,457,234.803,0.0050074317619451195,0.17454951369566496
senc,A,New Hanover WILMINGTON 20,3.57114389231319,1590.0,0.5,indep,equal sd,7.456791362014895e-16,position logit,2,0.14871811866760254,1.00295,1148.26,0,6.684,171.79233991621783,7715.335366298694
senc,A,New Hanover WILMINGTON 20,3.57114389231319,1590.0,0.5,indep,equal sd,7.456791362014895e-16,odds-ratio logit,2,0.13193106651306152,0.999861,1196.77,0,6.732,177.77332144979204,9060.795349544127
senc,A,New Hanover WILMINGTON 20,3.57114389231319,1590.0,0.5,indep,equal sd,7.456791362014895e-16,adjusted row,2,0.20968389511108398,1.00234,1221.22,0,6.694,182.43501643262624,5821.399511845853
senc,A,New Hanover WILMINGTON 20,3.57114389231319,1590.0,0.5,indep,equal sd,7.456791362014895e-16,adjusted table,2,0.3576846122741699,1.00056,1318.59,0,6.932,190.21783035199076,3685.4183762632756
senc,A,New Hanover WILMINGTON 20,3.57114389231319,1590.0,0.5,raked,equal sd,0.0,position logit,2,0.15609192848205566,1.00023,1157.81,0,6.88,168.28633720930233,7412.890971709792
senc,A,New Hanover WILMINGTON 20,3.57114389231319,1590.0,0.5,raked,equal sd,0.0,odds-ratio logit,2,0.1922318935394287,1.00125,1201.29,0,7.012,171.31916714204223,6245.089218672147
senc,A,New Hanover WILMINGTON 20,3.57114389231319,1590.0,0.5,raked,equal sd,0.0,adjusted row,2,0.2280864715576172,1.00539,767.451,0,6.856,111.93859393232206,3363.2640002006096
senc,A,New Hanover WILMINGTON 20,3.57114389231319,1590.0,0.5,raked,equal sd,0.0,adjusted table,2,0.4436073303222656,1.00073,923.734,0,6.964,132.64417001723146,2081.836852639277
senc,A,New Hanover WILMINGTON 20,3.57114389231319,1590.0,0.5,national,equal sd,9.520085529429773,position logit,2,0.20680570602416992,0.999525,1052.27,0,6.558,160.45593168648978,5084.887842096288
senc,A,New Hanover WILMINGTON 20,3.57114389231319,1590.0,0.5,national,equal sd,9.520085529429773,odds-ratio logit,2,0.15475702285766602,1.0004,1120.6,0,6.672,167.9556354916067,7234.096322107985
senc,A,New Hanover WILMINGTON 20,3.57114389231319,1590.0,0.5,national,equal sd,9.520085529429773,adjusted row,2,0.24800777435302734,1.00098,1592.82,0,6.648,239.59386281588448,6419.571761450117
senc,A,New Hanover WILMINGTON 20,3.57114389231319,1590.0,0.5,national,equal sd,9.520085529429773,adjusted table,2,0.35151147842407227,1.00131,1141.49,0,7.112,160.501968503937,3246.4755657448186
senc,A,New Hanover WILMINGTON 20,3.57114389231319,1590.0,0.5,national,interactions only,0.09520085529429771,position logit,2,0.5502231121063232,1.06121,12.6895,349,38.714,0.32777548173787263,23.057856730425982
senc,A,New Hanover WILMINGTON 20,3.57114389231319,1590.0,0.5,national,interactions only,0.09520085529429771,odds-ratio logit,2,0.4168088436126709,1.02159,100.848,788,8.35,12.077604790419162,241.89701610808493
senc,A,New Hanover WILMINGTON 20,3.57114389231319,1590.0,0.5,national,interactions only,0.09520085529429771,adjusted row,2,0.6663243770599365,1.01872,101.39,576,21.212,4.779841599094852,152.13911900652832
senc,A,New Hanover WILMINGTON 20,3.57114389231319,1590.0,0.5,national,interactions only,0.09520085529429771,adjusted table,2,5.0778539180755615,52781712431491.0,1.00604,907,221.299,0.0045460666338302475,0.1981188825792674
senc,A,New Hanover WILMINGTON 20,3.57114389231319,1590.0,2.0,indep,equal sd,1.8641978405037237e-16,position logit,2,0.1581742763519287,1.00652,691.19,0,8.192,84.373779296875,4365.477138210599
senc,A,New Hanover WILMINGTON 20,3.57114389231319,1590.0,2.0,indep,equal sd,1.8641978405037237e-16,odds-ratio logit,2,0.17939043045043945,1.00199,596.466,0,9.136,65.28743432574431,3322.301837486388
senc,A,New Hanover WILMINGTON 20,3.57114389231319,1590.0,2.0,indep,equal sd,1.8641978405037237e-16,adjusted row,2,0.21413946151733398,1.00213,816.899,0,7.088,115.2509875846501,3812.867430536344
senc,A,New Hanover WILMINGTON 20,3.57114389231319,1590.0,2.0,indep,equal sd,1.8641978405037237e-16,adjusted table,2,0.39433956146240234,1.00064,613.801,0,8.576,71.57194496268657,1556.1094841981449
senc,A,New Hanover WILMINGTON 20,3.57114389231319,1590.0,2.0,raked,equal sd,0.0,position logit,2,0.1618494987487793,1.00352,394.177,0,7.52,52.417154255319154,2433.987483063062
senc,A,New Hanover WILMINGTON 20,3.57114389231319,1590.0,2.0,raked,equal sd,0.0,odds-ratio logit,2,0.1679997444152832,1.00527,443.601,0,7.892,56.20894576786619,2638.209781926976
senc,A,New Hanover WILMINGTON 20,3.57114389231319,1590.0,2.0,raked,equal sd,0.0,adjusted row,2,0.24205374717712402,1.00409,686.765,0,7.2,95.38402777777777,2835.593886184496
senc,A,New Hanover WILMINGTON 20,3.57114389231319,1590.0,2.0,raked,equal sd,0.0,adjusted table,2,0.44223546981811523,1.00134,524.362,0,7.492,69.98958889482114,1185.2699780108915
senc,A,New Hanover WILMINGTON 20,3.57114389231319,1590.0,2.0,national,equal sd,2.380021382357443,position logit,2,0.22794055938720703,1.01062,530.093,0,7.004,75.68432324386065,2324.073285743255
senc,A,New Hanover WILMINGTON 20,3.57114389231319,1590.0,2.0,national,equal sd,2.380021382357443,odds-ratio logit,2,0.2016589641571045,1.00843,361.065,0,7.764,46.50502318392581,1789.0265879270362
senc,A,New Hanover WILMINGTON 20,3.57114389231319,1590.0,2.0,national,equal sd,2.380021382357443,adjusted row,2,0.1980113983154297,1.00152,611.191,0,6.852,89.19892002335085,3084.899765417153
senc,A,New Hanover WILMINGTON 20,3.57114389231319,1590.0,2.0,national,equal sd,2.380021382357443,adjusted table,2,0.46078038215637207,1.00052,607.152,0,7.484,81.12667022982363,1317.305829435855
senc,A,New Hanover WILMINGTON 20,3.57114389231319,1590.0,2.0,national,interactions only,0.09520085529429771,position logit,2,0.9304444789886475,1.02074,90.7724,613,19.092,4.754473077728893,97.54345791968699
senc,A,New Hanover WILMINGTON 20,3.57114389231319,1590.0,2.0,national,interactions only,0.09520085529429771,odds-ratio logit,2,1.3224127292633057,1.07884,17.477,394,112.114,0.15588597320584405,13.215037202611933
senc,A,New Hanover WILMINGTON 20,3.57114389231319,1590.0,2.0,national,interactions only,0.09520085529429771,adjusted row,2,0.9265520572662354,1.04527,44.0922,493,31.156,1.415207343689819,47.58246210067091
senc,A,New Hanover WILMINGTON 20,3.57114389231319,1590.0,2.0,national,interactions only,0.09520085529429771,adjusted table,2,5.410127639770508,1.89586,1.32019,817,131.832,0.0100141847199466,0.24401630203302477
senc,A,Brunswick LONGWOOD,4.1954221882515075,2375.0,0.5,indep,equal sd,1.681701854439316e-15,position logit,2,0.1710824966430664,1.00022,1154.05,0,6.768,170.51566193853427,6736.085506058451
senc,A,Brunswick LONGWOOD,4.1954221882515075,2375.0,0.5,indep,equal sd,1.681701854439316e-15,odds-ratio logit,2,0.16335344314575195,0.999752,1012.89,0,6.628,152.81985515992758,6194.085771547294
senc,A,Brunswick LONGWOOD,4.1954221882515075,2375.0,0.5,indep,equal sd,1.681701854439316e-15,adjusted row,2,0.20236921310424805,0.999559,1337.45,0,6.668,200.5773845230954,6605.7923408364295
senc,A,Brunswick LONGWOOD,4.1954221882515075,2375.0,0.5,indep,equal sd,1.681701854439316e-15,adjusted table,2,0.3378310203552246,0.999376,1161.45,0,6.74,172.3219584569733,3434.1442233957287
senc,A,Brunswick LONGWOOD,4.1954221882515075,2375.0,0.5,raked,equal sd,0.0,position logit,2,0.18887853622436523,0.999758,1039.4,0,6.788,153.12315851502652,5499.210452582809
senc,A,Brunswick LONGWOOD,4.1954221882515075,2375.0,0.5,raked,equal sd,0.0,odds-ratio logit,2,0.18621516227722168,1.00306,900.428,0,6.848,131.48773364485982,4832.632873374426
senc,A,Brunswick LONGWOOD,4.1954221882515075,2375.0,0.5,raked,equal sd,0.0,adjusted row,2,0.2269282341003418,0.999978,928.07,0,7.048,131.67849035187288,4087.8989078024465
senc,A,Brunswick LONGWOOD,4.1954221882515075,2375.0,0.5,raked,equal sd,0.0,adjusted table,2,0.3731570243835449,0.999341,970.697,0,7.128,136.18083613916946,2600.0555019468175
senc,A,Brunswick LONGWOOD,4.1954221882515075,2375.0,0.5,national,equal sd,12.137685058386962,position logit,2,0.17842793464660645,1.00192,1137.74,0,6.64,171.3463855421687,6372.780734548232
senc,A,Brunswick LONGWOOD,4.1954221882515075,2375.0,0.5,national,equal sd,12.137685058386962,odds-ratio logit,2,0.20993661880493164,1.00046,1179.33,0,6.756,174.56039076376553,5614.9572746539225
senc,A,Brunswick LONGWOOD,4.1954221882515075,2375.0,0.5,national,equal sd,12.137685058386962,adjusted row,2,0.19602251052856445,1.00311,1372.35,0,6.84,200.63596491228068,6997.55172366004
senc,A,Brunswick LONGWOOD,4.1954221882515075,2375.0,0.5,national,equal sd,12.137685058386962,adjusted table,2,0.4508087635040283,1.00035,1179.98,0,6.876,171.60849331006398,2616.8770205682986
senc,A,Brunswick LONGWOOD,4.1954221882515075,2375.0,0.5,national,interactions only,0.12137685058386961,position logit,2,0.35616064071655273,1.04274,55.788,579,9.471,5.890402280646183,156.59053795545847
senc,A,Brunswick LONGWOOD,4.1954221882515075,2375.0,0.5,national,interactions only,0.12137685058386961,odds-ratio logit,2,0.2960240840911865,1.22465,19.9304,625,6.717,2.9671579574214677,67.28777228226134
senc,A,Brunswick LONGWOOD,4.1954221882515075,2375.0,0.5,national,interactions only,0.12137685058386961,adjusted row,2,0.3936653137207031,1.01422,89.7339,664,11.315,7.930525850640743,227.88833327617527
senc,A,Brunswick LONGWOOD,4.1954221882515075,2375.0,0.5,national,interactions only,0.12137685058386961,adjusted table,2,14.654521703720093,2.02933,1.2951,538,348.708,0.003713995663993943,0.08837479920842058
senc,A,Brunswick LONGWOOD,4.1954221882515075,2375.0,2.0,indep,equal sd,4.20425463609829e-16,position logit,2,0.23388433456420898,1.00481,608.959,0,13.536,44.98810579196217,2602.413113486262
senc,A,Brunswick LONGWOOD,4.1954221882515075,2375.0,2.0,indep,equal sd,4.20425463609829e-16,odds-ratio logit,2,0.20901250839233398,1.00329,341.55,0,12.536,27.2455328653478,1633.0509274627466
senc,A,Brunswick LONGWOOD,4.1954221882515075,2375.0,2.0,indep,equal sd,4.20425463609829e-16,adjusted row,2,0.24381780624389648,1.00888,490.149,0,7.648,64.08851987447699,2009.5067428464188
senc,A,Brunswick LONGWOOD,4.1954221882515075,2375.0,2.0,indep,equal sd,4.20425463609829e-16,adjusted table,2,0.4896697998046875,1.00892,604.509,0,7.836,77.14509954058192,1234.1457880691357
senc,A,Brunswick LONGWOOD,4.1954221882515075,2375.0,2.0,raked,equal sd,0.0,position logit,2,0.34491991996765137,1.00583,435.453,0,26.088,16.691697332106713,1262.102261731002
senc,A,Brunswick LONGWOOD,4.1954221882515075,2375.0,2.0,raked,equal sd,0.0,odds-ratio logit,2,0.24905967712402344,1.0079,327.849,0,13.88,23.620244956772332,1315.8294654822816
senc,A,Brunswick LONGWOOD,4.1954221882515075,2375.0,2.0,raked,equal sd,0.0,adjusted row,2,0.3111391067504883,1.00041,590.642,0,10.56,55.93200757575758,1897.7207447137907
senc,A,Brunswick LONGWOOD,4.1954221882515075,2375.0,2.0,raked,equal sd,0.0,adjusted table,2,0.4482424259185791,1.00095,479.07,0,8.636,55.473598888374255,1068.5333534415781
senc,A,Brunswick LONGWOOD,4.1954221882515075,2375.0,2.0,national,equal sd,3.0344212645967406,position logit,2,1.3868489265441895,1.02771,199.633,2,121.896,1.6377321651243684,143.93686716496345
senc,A,Brunswick LONGWOOD,4.1954221882515075,2375.0,2.0,national,equal sd,3.0344212645967406,odds-ratio logit,2,0.3820009231567383,1.02085,133.894,2,11.566,11.576517378523258,350.4149316388055
senc,A,Brunswick LONGWOOD,4.1954221882515075,2375.0,2.0,national,equal sd,3.0344212645967406,adjusted row,2,0.25572705268859863,1.00446,226.988,0,8.496,26.71704331450094,887.1013418957122
senc,A,Brunswick LONGWOOD,4.1954221882515075,2375.0,2.0,national,equal sd,3.0344212645967406,adjusted table,2,0.5378091335296631,1.00343,217.668,0,12.508,17.402302526383117,404.65219574022217
senc,A,Brunswick LONGWOOD,4.1954221882515075,2375.0,2.0,national,interactions only,0.12137685058386961,position logit,2,1.665677785873413,1.00889,137.463,239,126.479,1.0868444563919701,82.52167458188953
senc,A,Brunswick LONGWOOD,4.1954221882515075,2375.0,2.0,national,interactions only,0.12137685058386961,odds-ratio logit,2,0.42048192024230957,1.03378,111.159,663,20.037,5.547686779458004,264.299357347906
senc,A,Brunswick LONGWOOD,4.1954221882515075,2375.0,2.0,national,interactions only,0.12137685058386961,adjusted row,2,0.9741320610046387,1.00452,112.38,357,48.288,2.3272862823061633,115.35268788353035
senc,A,Brunswick LONGWOOD,4.1954221882515075,2375.0,2.0,national,interactions only,0.12137685058386961,adjusted table,2,13.295795440673828,82446602586741.0,1.00604,828,273.416,0.0036795213155045793,0.07566546265451538
senc,A,New Hanover WILMINGTON 7,5.382586533684061,1637.0,0.5,indep,equal sd,1.0966196352444118e-14,position logit,2,0.17972135543823242,1.00006,1209.85,0,7.008,172.6384132420091,6727.142525873988
senc,A,New Hanover WILMINGTON 7,5.382586533684061,1637.0,0.5,indep,equal sd,1.0966196352444118e-14,odds-ratio logit,2,0.2177436351776123,1.00263,919.962,0,7.252,126.85631549917264,4223.118795260949
senc,A,New Hanover WILMINGTON 7,5.382586533684061,1637.0,0.5,indep,equal sd,1.0966196352444118e-14,adjusted row,2,0.19783473014831543,1.00015,1038.73,0,7.256,143.15463065049613,5247.91961550785
senc,A,New Hanover WILMINGTON 7,5.382586533684061,1637.0,0.5,indep,equal sd,1.0966196352444118e-14,adjusted table,2,0.3169400691986084,1.00181,887.789,0,7.104,124.97029842342342,2800.2494841967605
senc,A,New Hanover WILMINGTON 7,5.382586533684061,1637.0,0.5,raked,equal sd,0.0,position logit,2,0.20512843132019043,1.00094,701.432,0,7.156,98.02012297372835,3417.0902692863415
senc,A,New Hanover WILMINGTON 7,5.382586533684061,1637.0,0.5,raked,equal sd,0.0,odds-ratio logit,2,0.193803071975708,1.00124,1190.64,0,6.872,173.2596041909197,6138.549085420119
senc,A,New Hanover WILMINGTON 7,5.382586533684061,1637.0,0.5,raked,equal sd,0.0,adjusted row,2,0.29255247116088867,1.00038,1135.49,0,7.056,160.92545351473922,3880.0243827599015
senc,A,New Hanover WILMINGTON 7,5.382586533684061,1637.0,0.5,raked,equal sd,0.0,adjusted table,2,0.41303443908691406,1.00043,901.373,0,6.948,129.73128957973518,2181.8204993294044
senc,A,New Hanover WILMINGTON 7,5.382586533684061,1637.0,0.5,national,equal sd,13.600436339297053,position logit,2,0.16422319412231445,1.00303,1042.09,0,6.808,153.06844888366626,6339.6073034447745
senc,A,New Hanover WILMINGTON 7,5.382586533684061,1637.0,0.5,national,equal sd,13.600436339297053,odds-ratio logit,2,0.13625025749206543,0.999284,760.782,0,6.812,111.68261890780975,5579.317193212397
senc,A,New Hanover WILMINGTON 7,5.382586533684061,1637.0,0.5,national,equal sd,13.600436339297053,adjusted row,2,0.22512578964233398,1.00165,936.448,0,6.916,135.40312319259687,4157.745772854781
senc,A,New Hanover WILMINGTON 7,5.382586533684061,1637.0,0.5,national,equal sd,13.600436339297053,adjusted table,2,0.4379696846008301,1.00798,229.91,0,8.532,26.946788560712612,524.8030218860121
senc,A,New Hanover WILMINGTON 7,5.382586533684061,1637.0,0.5,national,interactions only,0.13600436339297053,position logit,2,0.24244475364685059,1.02417,73.6542,695,8.954,8.225843198570471,303.6766257870643
senc,A,New Hanover WILMINGTON 7,5.382586533684061,1637.0,0.5,national,interactions only,0.13600436339297053,odds-ratio logit,2,0.3505280017852783,1.02004,95.1321,587,20.54,4.631553067185979,271.3209143275233
senc,A,New Hanover WILMINGTON 7,5.382586533684061,1637.0,0.5,national,interactions only,0.13600436339297053,adjusted row,2,0.5467078685760498,1.03229,81.7192,538,29.456,2.7742802824551873,149.44828902789223
senc,A,New Hanover WILMINGTON 7,5.382586533684061,1637.0,0.5,national,interactions only,0.13600436339297053,adjusted table,2,4.346036672592163,179743488707950.0,1.00604,888,129.531,0.007766789417205148,0.231479061340911
senc,A,New Hanover WILMINGTON 7,5.382586533684061,1637.0,2.0,indep,equal sd,2.7415490881110295e-15,position logit,2,0.15562939643859863,1.00206,613.585,0,7.32,83.82308743169399,3940.1769245160826
senc,A,New Hanover WILMINGTON 7,5.382586533684061,1637.0,2.0,indep,equal sd,2.7415490881110295e-15,odds-ratio logit,2,0.18056225776672363,0.999752,501.623,0,9.62,52.143762993763,2776.4888026319086
senc,A,New Hanover WILMINGTON 7,5.382586533684061,1637.0,2.0,indep,equal sd,2.7415490881110295e-15,adjusted row,2,0.2461683750152588,1.00678,379.354,0,7.364,51.514665942422596,1540.4766672727396
senc,A,New Hanover WILMINGTON 7,5.382586533684061,1637.0,2.0,indep,equal sd,2.7415490881110295e-15,adjusted table,2,0.38615918159484863,1.00622,476.934,0,8.506,56.070303315306845,1234.416303782471
senc,A,New Hanover WILMINGTON 7,5.382586533684061,1637.0,2.0,raked,equal sd,0.0,position logit,2,0.16440796852111816,1.0036,520.348,0,8.808,59.07674841053587,3162.829286441773
senc,A,New Hanover WILMINGTON 7,5.382586533684061,1637.0,2.0,raked,equal sd,0.0,odds-ratio logit,2,0.17237067222595215,1.00283,466.284,0,9.4,49.604680851063826,2702.798444902342
senc,A,New Hanover WILMINGTON 7,5.382586533684061,1637.0,2.0,raked,equal sd,0.0,adjusted row,2,0.3168959617614746,1.0107,383.2,0,9.292,41.2397761515282,1208.823141308885
senc,A,New Hanover WILMINGTON 7,5.382586533684061,1637.0,2.0,raked,equal sd,0.0,adjusted table,2,0.5140247344970703,1.00998,485.214,0,8.932,54.3231079265562,943.6373024316871
senc,A,New Hanover WILMINGTON 7,5.382586533684061,1637.0,2.0,national,equal sd,3.400109084824263,position logit,2,0.1858692169189453,1.00298,275.024,1,7.722,35.61564361564361,1478.5867812961444
senc,A,New Hanover WILMINGTON 7,5.382586533684061,1637.0,2.0,national,equal sd,3.400109084824263,odds-ratio logit,2,0.18120098114013672,1.00271,625.869,0,7.458,83.91914722445696,3452.223883851216
senc,A,New Hanover WILMINGTON 7,5.382586533684061,1637.0,2.0,national,equal sd,3.400109084824263,adjusted row,2,0.2430126667022705,1.00377,386.52,0,10.204,37.87926303410427,1589.8652170348475
senc,A,New Hanover WILMINGTON 7,5.382586533684061,1637.0,2.0,national,equal sd,3.400109084824263,adjusted table,2,0.5911328792572021,1.00343,608.594,0,11.692,52.05217242559015,1029.3536542642337
senc,A,New Hanover WILMINGTON 7,5.382586533684061,1637.0,2.0,national,interactions only,0.13600436339297053,position logit,2,0.45423126220703125,1.0175,104.325,650,20.929,4.984710210712409,229.61855626607726
senc,A,New Hanover WILMINGTON 7,5.382586533684061,1637.0,2.0,national,interactions only,0.13600436339297053,odds-ratio logit,2,0.31336212158203125,1.02918,80.6931,565,12.258,6.5828928046989725,257.4303409083234
senc,A,New Hanover WILMINGTON 7,5.382586533684061,1637.0,2.0,national,interactions only,0.13600436339297053,adjusted row,2,0.5320014953613281,1.07506,28.7787,689,7.935,3.6268052930056713,54.08525938209074
senc,A,New Hanover WILMINGTON 7,5.382586533684061,1637.0,2.0,national,interactions only,0.13600436339297053,adjusted table,2,24.096370697021484,300517151530200.0,1.00604,213,865.511,0.001162365354108729,0.04175042795054045
senc,B,New Hanover WILMINGTON 20,3.57114389231319,15.899999999999999,1.0,raked,equal sd,0.0,position logit,2,0.2392444610595703,1.00826,507.017,1,9.474,53.51667722187038,2118.4021620182853
senc,B,New Hanover WILMINGTON 20,3.57114389231319,15.899999999999999,1.0,raked,equal sd,0.0,odds-ratio logit,2,0.21753549575805664,1.00645,510.919,0,11.748,43.48987061627511,2347.563215214057
senc,B,New Hanover WILMINGTON 20,3.57114389231319,15.899999999999999,1.0,raked,equal sd,0.0,adjusted row,2,0.3573625087738037,1.00065,387.736,0,11.342,34.18585787339094,1084.1884371626666
senc,B,New Hanover WILMINGTON 20,3.57114389231319,15.899999999999999,1.0,raked,equal sd,0.0,adjusted table,2,0.6399579048156738,1.00396,455.97,0,11.324,40.265807135287886,712.386396692848
senc,B,New Hanover WILMINGTON 20,3.57114389231319,1590.0,1.0,raked,equal sd,0.0,position logit,2,0.1435229778289795,1.0015,707.097,0,6.804,103.923721340388,4923.0934054334
senc,B,New Hanover WILMINGTON 20,3.57114389231319,1590.0,1.0,raked,equal sd,0.0,odds-ratio logit,2,0.15197420120239258,1.00191,590.289,0,6.98,84.56862464183381,3881.3932997364695
senc,B,New Hanover WILMINGTON 20,3.57114389231319,1590.0,1.0,raked,equal sd,0.0,adjusted row,2,0.23628449440002441,1.00147,584.459,0,6.876,84.99985456660848,2472.0726652353633
senc,B,New Hanover WILMINGTON 20,3.57114389231319,1590.0,1.0,raked,equal sd,0.0,adjusted table,2,0.37506747245788574,1.0039,795.214,0,6.76,117.63520710059173,2119.137127655141
senc,B,New Hanover WILMINGTON 20,3.57114389231319,159000.0,1.0,raked,equal sd,2.960594732333751e-16,position logit,2,0.15663743019104004,1.00295,621.552,0,6.888,90.23693379790942,3965.359531709454
senc,B,New Hanover WILMINGTON 20,3.57114389231319,159000.0,1.0,raked,equal sd,2.960594732333751e-16,odds-ratio logit,2,0.14290547370910645,1.00155,617.855,0,6.94,89.02809798270893,4320.523666725019
senc,B,New Hanover WILMINGTON 20,3.57114389231319,159000.0,1.0,raked,equal sd,2.960594732333751e-16,adjusted row,2,0.21310210227966309,1.0019,733.024,0,6.792,107.924617196702,3437.978240999773
senc,B,New Hanover WILMINGTON 20,3.57114389231319,159000.0,1.0,raked,equal sd,2.960594732333751e-16,adjusted table,2,0.3879971504211426,1.00444,663.069,0,6.588,100.64799635701274,1708.5196803373406
redistrict,A,district 1 precinct 2,0.8947656331578311,604.0,0.5,indep,equal sd,0.0,position logit,1,0.14028024673461914,1.00064,1224.88,0,6.824,179.49589683470109,8725.139318974625
redistrict,A,district 1 precinct 2,0.8947656331578311,604.0,0.5,indep,equal sd,0.0,odds-ratio logit,1,0.15307378768920898,1.00017,1110.53,0,6.752,164.4742298578199,7250.034120280295
redistrict,A,district 1 precinct 2,0.8947656331578311,604.0,0.5,indep,equal sd,0.0,adjusted row,1,0.2196967601776123,1.00088,928.775,0,6.552,141.75442612942612,4223.727180921713
redistrict,A,district 1 precinct 2,0.8947656331578311,604.0,0.5,indep,equal sd,0.0,adjusted table,1,0.3159658908843994,1.00076,1151.14,0,6.58,174.94528875379942,3642.1145782160984
redistrict,A,district 1 precinct 2,0.8947656331578311,604.0,0.5,national,equal sd,3.081533833290149,position logit,1,0.14672231674194336,1.00365,1079.43,0,6.928,155.80687066974596,7352.215537183641
redistrict,A,district 1 precinct 2,0.8947656331578311,604.0,0.5,national,equal sd,3.081533833290149,odds-ratio logit,1,0.1459059715270996,0.998949,1003.47,0,6.86,146.27842565597666,6869.496766510851
redistrict,A,district 1 precinct 2,0.8947656331578311,604.0,0.5,national,equal sd,3.081533833290149,adjusted row,1,0.2147960662841797,1.00248,920.937,0,6.636,138.77893309222424,4285.468336075159
redistrict,A,district 1 precinct 2,0.8947656331578311,604.0,0.5,national,equal sd,3.081533833290149,adjusted table,1,0.32774972915649414,1.00074,1224.45,0,6.748,181.4537640782454,3734.7833566043005
redistrict,A,district 1 precinct 2,0.8947656331578311,604.0,0.5,national,interactions only,0.030815338332901492,position logit,1,0.14473438262939453,0.999238,902.761,0,6.792,132.91534157832746,6222.930496499404
redistrict,A,district 1 precinct 2,0.8947656331578311,604.0,0.5,national,interactions only,0.030815338332901492,odds-ratio logit,1,0.17159724235534668,0.999256,1384.41,0,6.84,202.39912280701756,8063.227326762371
redistrict,A,district 1 precinct 2,0.8947656331578311,604.0,0.5,national,interactions only,0.030815338332901492,adjusted row,1,0.23450040817260742,0.999592,1244.82,0,6.64,187.47289156626505,5301.277005947896
redistrict,A,district 1 precinct 2,0.8947656331578311,604.0,0.5,national,interactions only,0.030815338332901492,adjusted table,1,0.41672563552856445,1.00308,1180.32,0,6.64,177.75903614457832,2830.6375496042747
redistrict,A,district 1 precinct 2,0.8947656331578311,604.0,2.0,indep,equal sd,0.0,position logit,1,0.40711259841918945,1.00395,453.519,0,27.528,16.474825632083697,1113.7249522828124
redistrict,A,district 1 precinct 2,0.8947656331578311,604.0,2.0,indep,equal sd,0.0,odds-ratio logit,1,0.31783509254455566,1.01548,255.035,0,16.328,15.619487996080354,802.1620475225607
redistrict,A,district 1 precinct 2,0.8947656331578311,604.0,2.0,indep,equal sd,0.0,adjusted row,1,0.29718446731567383,1.00843,298.996,0,10.48,28.530152671755722,1005.7583757991819
redistrict,A,district 1 precinct 2,0.8947656331578311,604.0,2.0,indep,equal sd,0.0,adjusted table,1,0.5197956562042236,1.00271,596.932,0,7.956,75.02916038210155,1148.097799072796
redistrict,A,district 1 precinct 2,0.8947656331578311,604.0,2.0,national,equal sd,0.7703834583225373,position logit,1,0.44873571395874023,1.0019,345.597,0,26.672,12.95729604079184,769.8936781118114
redistrict,A,district 1 precinct 2,0.8947656331578311,604.0,2.0,national,equal sd,0.7703834583225373,odds-ratio logit,1,0.26269030570983887,1.02077,110.269,0,15.456,7.134381469979297,419.6176256679835
redistrict,A,district 1 precinct 2,0.8947656331578311,604.0,2.0,national,equal sd,0.7703834583225373,adjusted row,1,0.34169745445251465,1.00781,331.787,1,10.446,31.76210989852575,970.5670537090856
redistrict,A,district 1 precinct 2,0.8947656331578311,604.0,2.0,national,equal sd,0.7703834583225373,adjusted table,1,0.5462198257446289,1.00233,506.676,0,7.844,64.59408465068842,927.3479296121652
redistrict,A,district 1 precinct 2,0.8947656331578311,604.0,2.0,national,interactions only,0.030815338332901492,position logit,1,0.686577320098877,1.01539,223.429,0,31.756,7.035804257463156,325.3778301421535
redistrict,A,district 1 precinct 2,0.8947656331578311,604.0,2.0,national,interactions only,0.030815338332901492,odds-ratio logit,1,0.47773265838623047,1.01128,330.573,0,25.368,13.031102175969725,691.7310273325131
redistrict,A,district 1 precinct 2,0.8947656331578311,604.0,2.0,national,interactions only,0.030815338332901492,adjusted row,1,0.3199737071990967,1.00489,439.68,0,10.072,43.65369340746625,1373.6738006817152
redistrict,A,district 1 precinct 2,0.8947656331578311,604.0,2.0,national,interactions only,0.030815338332901492,adjusted table,1,0.5120763778686523,1.00429,669.071,0,7.0,95.58157142857144,1306.2207033804661
redistrict,A,district 2 precinct 78,2.1625870393747535,661.0,0.5,indep,equal sd,0.0,position logit,1,0.14996767044067383,1.00207,1089.06,0,6.716,162.15902322811195,7257.234778430936
redistrict,A,district 2 precinct 78,2.1625870393747535,661.0,0.5,indep,equal sd,0.0,odds-ratio logit,1,0.16508102416992188,1.00133,1279.17,0,6.776,188.77951593860686,7741.7522422423435
redistrict,A,district 2 precinct 78,2.1625870393747535,661.0,0.5,indep,equal sd,0.0,adjusted row,1,0.2543303966522217,1.00234,1151.2,0,6.652,173.0607336139507,4523.20700108947
redistrict,A,district 2 precinct 78,2.1625870393747535,661.0,0.5,indep,equal sd,0.0,adjusted table,1,0.38981199264526367,1.0009,1455.64,0,6.788,214.44313494401885,3732.4891147759067
redistrict,A,district 2 precinct 78,2.1625870393747535,661.0,0.5,national,equal sd,7.346990198409898,position logit,1,0.19275712966918945,1.00205,1239.41,0,6.644,186.5457555689344,6426.240564094133
redistrict,A,district 2 precinct 78,2.1625870393747535,661.0,0.5,national,equal sd,7.346990198409898,odds-ratio logit,1,0.14875555038452148,0.999724,1191.51,0,6.742,176.72945713438148,8004.374382825101
redistrict,A,district 2 precinct 78,2.1625870393747535,661.0,0.5,national,equal sd,7.346990198409898,adjusted row,1,0.26482272148132324,1.00193,928.224,0,6.7,138.54089552238807,3502.4376350289317
redistrict,A,district 2 precinct 78,2.1625870393747535,661.0,0.5,national,equal sd,7.346990198409898,adjusted table,1,0.3478703498840332,1.00255,878.973,0,6.658,132.0175728446981,2525.995254383705
redistrict,A,district 2 precinct 78,2.1625870393747535,661.0,0.5,national,interactions only,0.07346990198409897,position logit,1,0.1804180145263672,1.00088,1032.76,0,6.752,152.95616113744077,5720.9960893866555
redistrict,A,district 2 precinct 78,2.1625870393747535,661.0,0.5,national,interactions only,0.07346990198409897,odds-ratio logit,1,0.19626665115356445,0.999885,1174.39,0,6.708,175.07304710793085,5980.818967861475
redistrict,A,district 2 precinct 78,2.1625870393747535,661.0,0.5,national,interactions only,0.07346990198409897,adjusted row,1,0.23173022270202637,1.00099,1321.93,0,6.716,196.83293627159023,5702.237449974341
redistrict,A,district 2 precinct 78,2.1625870393747535,661.0,0.5,national,interactions only,0.07346990198409897,adjusted table,1,0.29612159729003906,1.00267,1192.57,0,6.708,177.78324388789503,4025.9822455027647
redistrict,A,district 2 precinct 78,2.1625870393747535,661.0,2.0,indep,equal sd,0.0,position logit,1,0.19837117195129395,1.00487,286.911,0,9.256,30.99729904926534,1445.036786535635
redistrict,A,district 2 precinct 78,2.1625870393747535,661.0,2.0,indep,equal sd,0.0,odds-ratio logit,1,0.2432088851928711,1.00668,382.028,0,11.846,32.249535708255955,1569.401402475443
redistrict,A,district 2 precinct 78,2.1625870393747535,661.0,2.0,indep,equal sd,0.0,adjusted row,1,0.2678835391998291,1.00239,638.724,0,7.12,89.70842696629214,2383.373718767515
redistrict,A,district 2 precinct 78,2.1625870393747535,661.0,2.0,indep,equal sd,0.0,adjusted table,1,0.4297752380371094,1.00387,718.399,0,7.032,102.16140500568828,1670.7163954737603
redistrict,A,district 2 precinct 78,2.1625870393747535,661.0,2.0,national,equal sd,1.8367475496024745,position logit,1,0.3098618984222412,1.00436,429.554,0,13.132,32.7104782211392,1385.5837253565319
redistrict,A,district 2 precinct 78,2.1625870393747535,661.0,2.0,national,equal sd,1.8367475496024745,odds-ratio logit,1,0.2043607234954834,1.01109,238.906,0,13.4,17.828805970149254,1168.4695026924917
redistrict,A,district 2 precinct 78,2.1625870393747535,661.0,2.0,national,equal sd,1.8367475496024745,adjusted row,1,0.29732203483581543,1.01099,327.077,0,9.596,34.08472280116715,1099.5528158935217
redistrict,A,district 2 precinct 78,2.1625870393747535,661.0,2.0,national,equal sd,1.8367475496024745,adjusted table,1,0.4209780693054199,1.0047,473.444,0,7.38,64.15230352303523,1124.3484771825722
redistrict,A,district 2 precinct 78,2.1625870393747535,661.0,2.0,national,interactions only,0.07346990198409897,position logit,1,0.3255908489227295,1.00153,523.125,0,11.964,43.724924774322965,1605.3272850986618
redistrict,A,district 2 precinct 78,2.1625870393747535,661.0,2.0,national,interactions only,0.07346990198409897,odds-ratio logit,1,0.2062816619873047,1.00961,417.071,0,10.456,39.88819816373375,2020.8780517937907
redistrict,A,district 2 precinct 78,2.1625870393747535,661.0,2.0,national,interactions only,0.07346990198409897,adjusted row,1,0.2672905921936035,1.00195,659.129,0,9.22,71.48904555314533,2465.038399898709
redistrict,A,district 2 precinct 78,2.1625870393747535,661.0,2.0,national,interactions only,0.07346990198409897,adjusted table,1,0.39273738861083984,1.00126,774.65,0,6.632,116.80488540410133,1971.9180828479073
redistrict,A,district 4 precinct 13,3.5048408535413333,523.0000000000001,0.5,indep,equal sd,4.1209734608675373e-16,position logit,1,0.15170526504516602,1.0018,1248.72,0,6.784,184.0683962264151,8225.458411669368
redistrict,A,district 4 precinct 13,3.5048408535413333,523.0000000000001,0.5,indep,equal sd,4.1209734608675373e-16,odds-ratio logit,1,0.16295146942138672,1.0001,1201.24,0,6.444,186.41216635630045,7367.3781567684155
redistrict,A,district 4 precinct 13,3.5048408535413333,523.0000000000001,0.5,indep,equal sd,4.1209734608675373e-16,adjusted row,1,0.2021498680114746,1.00182,1252.99,0,6.62,189.27341389728096,6195.340921528824
redistrict,A,district 4 precinct 13,3.5048408535413333,523.0000000000001,0.5,indep,equal sd,4.1209734608675373e-16,adjusted table,1,0.3543860912322998,1.00319,953.636,0,6.76,141.07041420118344,2690.235391161818
redistrict,A,district 4 precinct 13,3.5048408535413333,523.0000000000001,0.5,national,equal sd,9.14880027480817,position logit,1,0.18964028358459473,1.00107,1240.35,0,6.608,187.70429782082323,6532.656301789748
redistrict,A,district 4 precinct 13,3.5048408535413333,523.0000000000001,0.5,national,equal sd,9.14880027480817,odds-ratio logit,1,0.1508023738861084,1.00155,1087.47,0,6.704,162.21211217183773,7206.634346656892
redistrict,A,district 4 precinct 13,3.5048408535413333,523.0000000000001,0.5,national,equal sd,9.14880027480817,adjusted row,1,0.2799994945526123,1.0003,1274.63,0,6.772,188.2206142941524,4549.647135906839
redistrict,A,district 4 precinct 13,3.5048408535413333,523.0000000000001,0.5,national,equal sd,9.14880027480817,adjusted table,1,0.37768077850341797,1.00051,1396.41,0,6.824,204.63218053927318,3696.1691075315302
redistrict,A,district 4 precinct 13,3.5048408535413333,523.0000000000001,0.5,national,interactions only,0.09148800274808169,position logit,1,0.5869481563568115,1.05191,37.6604,538,34.117,1.1038602456253481,64.15221096490373
redistrict,A,district 4 precinct 13,3.5048408535413333,523.0000000000001,0.5,national,interactions only,0.09148800274808169,odds-ratio logit,1,0.42734336853027344,1.06564,21.6622,643,13.183,1.6431919896836835,50.67848194601939
redistrict,A,district 4 precinct 13,3.5048408535413333,523.0000000000001,0.5,national,interactions only,0.09148800274808169,adjusted row,1,2.4669337272644043,1.01079,117.395,309,123.901,0.9474903350255446,47.585534416643895
redistrict,A,district 4 precinct 13,3.5048408535413333,523.0000000000001,0.5,national,interactions only,0.09148800274808169,adjusted table,1,1.6761622428894043,3.93732,1.0693,811,16.965,0.0630297671676982,0.6379094727290053
redistrict,A,district 4 precinct 13,3.5048408535413333,523.0000000000001,2.0,indep,equal sd,1.0302433652168843e-16,position logit,1,0.1532595157623291,1.0005,830.349,0,7.752,107.11416408668731,5414.348149057431
redistrict,A,district 4 precinct 13,3.5048408535413333,523.0000000000001,2.0,indep,equal sd,1.0302433652168843e-16,odds-ratio logit,1,0.1543290615081787,1.00305,818.726,0,6.952,117.76841196777906,5300.677694155493
redistrict,A,district 4 precinct 13,3.5048408535413333,523.0000000000001,2.0,indep,equal sd,1.0302433652168843e-16,adjusted row,1,0.2394275665283203,1.00188,814.536,0,9.396,86.68965517241378,3400.328051261533
redistrict,A,district 4 precinct 13,3.5048408535413333,523.0000000000001,2.0,indep,equal sd,1.0302433652168843e-16,adjusted table,1,0.47231030464172363,1.00489,743.448,0,9.724,76.45495680789799,1573.5584989864522
redistrict,A,district 4 precinct 13,3.5048408535413333,523.0000000000001,2.0,national,equal sd,2.2872000687020426,position logit,1,0.1768498420715332,1.00575,860.914,0,6.896,124.84251740139212,4864.024475273985
redistrict,A,district 4 precinct 13,3.5048408535413333,523.0000000000001,2.0,national,equal sd,2.2872000687020426,odds-ratio logit,1,0.15407276153564453,1.00141,854.053,0,6.88,124.13561046511629,5536.693917342752
redistrict,A,district 4 precinct 13,3.5048408535413333,523.0000000000001,2.0,national,equal sd,2.2872000687020426,adjusted row,1,0.22180652618408203,1.00242,895.528,0,6.968,128.52009184845005,4035.6196541379395
redistrict,A,district 4 precinct 13,3.5048408535413333,523.0000000000001,2.0,national,equal sd,2.2872000687020426,adjusted table,1,0.373598575592041,1.00439,996.112,0,7.12,139.90337078651686,2665.5500946137086
redistrict,A,district 4 precinct 13,3.5048408535413333,523.0000000000001,2.0,national,interactions only,0.09148800274808169,position logit,1,0.6749391555786133,1.05832,38.0489,607,16.53,2.3018088324258925,56.3605429310343
redistrict,A,district 4 precinct 13,3.5048408535413333,523.0000000000001,2.0,national,interactions only,0.09148800274808169,odds-ratio logit,1,0.6360735893249512,1.05668,42.8768,615,25.285,1.6957405576428715,67.39854848445555
redistrict,A,district 4 precinct 13,3.5048408535413333,523.0000000000001,2.0,national,interactions only,0.09148800274808169,adjusted row,1,1.0550134181976318,1.15594,6.2858,684,22.466,0.27979168521321107,5.957485924188501
redistrict,A,district 4 precinct 13,3.5048408535413333,523.0000000000001,2.0,national,interactions only,0.09148800274808169,adjusted table,1,1.1742031574249268,2.10805,1.2451,858,15.258,0.08160309345916897,1.0602833126514597
redistrict,A,district 1 precinct 93,4.530953648111615,579.0,0.5,indep,equal sd,0.0,position logit,1,0.13232755661010742,1.00284,1253.1,0,6.796,184.38787522071806,9461.415144003586
redistrict,A,district 1 precinct 93,4.530953648111615,579.0,0.5,indep,equal sd,0.0,odds-ratio logit,1,0.14359760284423828,0.999951,1303.33,0,6.832,190.7684426229508,9069.73024611515
redistrict,A,district 1 precinct 93,4.530953648111615,579.0,0.5,indep,equal sd,0.0,adjusted row,1,0.21872687339782715,1.00227,1107.84,0,6.808,162.7262044653349,5061.768838159312
redistrict,A,district 1 precinct 93,4.530953648111615,579.0,0.5,indep,equal sd,0.0,adjusted table,1,0.33354759216308594,1.00065,1117.41,0,6.808,164.1319036427732,3349.064030418251
redistrict,A,district 1 precinct 93,4.530953648111615,579.0,0.5,national,equal sd,13.775301392894587,position logit,1,0.19298148155212402,1.00061,915.489,0,6.932,132.06708020773226,4740.196917330713
redistrict,A,district 1 precinct 93,4.530953648111615,579.0,0.5,national,equal sd,13.775301392894587,odds-ratio logit,1,0.18662548065185547,1.00103,682.353,0,7.032,97.03540955631398,3654.4017821452467
redistrict,A,district 1 precinct 93,4.530953648111615,579.0,0.5,national,equal sd,13.775301392894587,adjusted row,1,0.19526457786560059,1.00131,1055.97,0,6.816,154.92517605633805,5405.134619955407
redistrict,A,district 1 precinct 93,4.530953648111615,579.0,0.5,national,equal sd,13.775301392894587,adjusted table,1,0.48570728302001953,1.00129,597.723,0,9.396,63.61462324393358,1230.3672404505432
redistrict,A,district 1 precinct 93,4.530953648111615,579.0,0.5,national,interactions only,0.13775301392894584,position logit,1,1.0945909023284912,1.02239,162.256,419,104.534,1.552183978418505,148.21745973741884
redistrict,A,district 1 precinct 93,4.530953648111615,579.0,0.5,national,interactions only,0.13775301392894584,odds-ratio logit,1,0.4179515838623047,1.01645,92.2566,363,36.466,2.5299347337245655,220.6772299172615
redistrict,A,district 1 precinct 93,4.530953648111615,579.0,0.5,national,interactions only,0.13775301392894584,adjusted row,1,0.5930609703063965,1.0191,83.5293,586,19.004,4.395353609766365,140.82189704354118
redistrict,A,district 1 precinct 93,4.530953648111615,579.0,0.5,national,interactions only,0.13775301392894584,adjusted table,1,0.6665704250335693,1.02979,80.073,709,7.465,10.726456798392498,120.10703732557057
redistrict,A,district 1 precinct 93,4.530953648111615,579.0,2.0,indep,equal sd,0.0,position logit,1,0.2113187313079834,1.00284,475.26,0,9.42,50.452229299363054,2248.002696450804
redistrict,A,district 1 precinct 93,4.530953648111615,579.0,2.0,indep,equal sd,0.0,odds-ratio logit,1,0.1899275779724121,1.0006,596.682,0,10.58,56.39716446124764,3137.843712914773
redistrict,A,district 1 precinct 93,4.530953648111615,579.0,2.0,indep,equal sd,0.0,adjusted row,1,0.29558658599853516,1.00452,659.977,0,7.14,92.43375350140056,2230.4694386068672
redistrict,A,district 1 precinct 93,4.530953648111615,579.0,2.0,indep,equal sd,0.0,adjusted table,1,0.43717169761657715,1.00072,581.987,0,7.226,80.54068641018544,1330.9522989845411
redistrict,A,district 1 precinct 93,4.530953648111615,579.0,2.0,national,equal sd,3.4438253482236467,position logit,1,0.7686495780944824,1.01311,300.318,0,83.736,3.586486099168816,390.6608564942202
redistrict,A,district 1 precinct 93,4.530953648111615,579.0,2.0,national,equal sd,3.4438253482236467,odds-ratio logit,1,0.22206592559814453,1.00581,314.777,0,13.752,22.889543339150666,1416.8226428503208
redistrict,A,district 1 precinct 93,4.530953648111615,579.0,2.0,national,equal sd,3.4438253482236467,adjusted row,1,0.23856520652770996,1.00433,572.275,0,6.904,82.89035341830822,2397.8447242917737
redistrict,A,district 1 precinct 93,4.530953648111615,579.0,2.0,national,equal sd,3.4438253482236467,adjusted table,1,0.5033631324768066,1.00285,318.239,0,8.688,36.629719152854506,632.1072215255062
redistrict,A,district 1 precinct 93,4.530953648111615,579.0,2.0,national,interactions only,0.13775301392894584,position logit,1,0.6179482936859131,1.04472,32.9048,476,29.058,1.1323835088443803,53.23815676388163
redistrict,A,district 1 precinct 93,4.530953648111615,579.0,2.0,national,interactions only,0.13775301392894584,odds-ratio logit,1,0.4575028419494629,1.02329,74.8055,432,29.628,2.524824490346969,163.43647418073925
redistrict,A,district 1 precinct 93,4.530953648111615,579.0,2.0,national,interactions only,0.13775301392894584,adjusted row,1,0.6073408126831055,1.02675,80.7917,576,16.549,4.881968699015046,133.0030679342711
redistrict,A,district 1 precinct 93,4.530953648111615,579.0,2.0,national,interactions only,0.13775301392894584,adjusted table,1,1.84848952293396,1.02582,129.762,508,33.263,3.901091302648589,70.19525233886895
redistrict,A,district 1 precinct 92,6.0696875101617795,591.0,0.5,indep,equal sd,0.0,position logit,1,0.15554332733154297,0.999779,1013.97,0,6.82,148.6759530791789,6514.24794386554
redistrict,A,district 1 precinct 92,6.0696875101617795,591.0,0.5,indep,equal sd,0.0,odds-ratio logit,1,0.14973807334899902,1.00126,723.482,0,8.28,87.37705314009662,4828.590324575738
redistrict,A,district 1 precinct 92,6.0696875101617795,591.0,0.5,indep,equal sd,0.0,adjusted row,1,0.2040565013885498,1.00049,1346.0,0,6.832,197.01405152224825,6593.092427710562
redistrict,A,district 1 precinct 92,6.0696875101617795,591.0,0.5,indep,equal sd,0.0,adjusted table,1,0.4473717212677002,1.00354,1138.66,0,6.856,166.08226371061846,2543.944108940504
redistrict,A,district 1 precinct 92,6.0696875101617795,591.0,0.5,national,equal sd,18.91474236666684,position logit,1,0.2796142101287842,1.6612,1.53143,0,17.98,0.08517408231368187,5.474222494986658
redistrict,A,district 1 precinct 92,6.0696875101617795,591.0,0.5,national,equal sd,18.91474236666684,odds-ratio logit,1,0.3621647357940674,1.18904,17.481,0,27.06,0.646008869179601,48.25446193576921
redistrict,A,district 1 precinct 92,6.0696875101617795,591.0,0.5,national,equal sd,18.91474236666684,adjusted row,1,0.4865529537200928,1.00469,27.5009,0,17.272,1.5922244094488192,56.50437883004864
redistrict,A,district 1 precinct 92,6.0696875101617795,591.0,0.5,national,equal sd,18.91474236666684,adjusted table,1,0.830481767654419,1.07284,14.9745,0,17.172,0.8720300489168414,18.028947092882902
redistrict,A,district 1 precinct 92,6.0696875101617795,591.0,0.5,national,interactions only,0.18914742366666837,position logit,1,0.33910298347473145,1.02629,91.3327,624,14.21,6.427353976073188,269.2526887803973
redistrict,A,district 1 precinct 92,6.0696875101617795,591.0,0.5,national,interactions only,0.18914742366666837,odds-ratio logit,1,0.331707239151001,1.01434,162.945,712,11.795,13.81475201356507,490.981512986094
redistrict,A,district 1 precinct 92,6.0696875101617795,591.0,0.5,national,interactions only,0.18914742366666837,adjusted row,1,0.42638301849365234,1.02679,57.4488,671,9.34,6.15083511777302,134.697086139195
redistrict,A,district 1 precinct 92,6.0696875101617795,591.0,0.5,national,interactions only,0.18914742366666837,adjusted table,1,1.159522533416748,1.02232,205.621,453,28.884,7.118854729261876,177.31716139898558
redistrict,A,district 1 precinct 92,6.0696875101617795,591.0,2.0,indep,equal sd,0.0,position logit,1,0.32841944694519043,1.00519,377.212,2,16.532,22.81708202274377,1148.0627274045296
redistrict,A,district 1 precinct 92,6.0696875101617795,591.0,2.0,indep,equal sd,0.0,odds-ratio logit,1,0.23884797096252441,1.00218,345.867,1,12.268,28.19261493315944,1447.404549499779
redistrict,A,district 1 precinct 92,6.0696875101617795,591.0,2.0,indep,equal sd,0.0,adjusted row,1,0.3228015899658203,1.00217,349.944,0,8.156,42.90632663070132,1083.4892892635924
redistrict,A,district 1 precinct 92,6.0696875101617795,591.0,2.0,indep,equal sd,0.0,adjusted table,1,0.44988512992858887,1.00821,428.598,0,7.884,54.363013698630134,952.4802704480393
redistrict,A,district 1 precinct 92,6.0696875101617795,591.0,2.0,national,equal sd,4.72868559166671,position logit,1,0.810457706451416,1.00642,146.825,0,56.74,2.5876806485724355,181.13966923989886
redistrict,A,district 1 precinct 92,6.0696875101617795,591.0,2.0,national,equal sd,4.72868559166671,odds-ratio logit,1,0.38962340354919434,1.03499,72.9406,0,19.144,3.8101023819473467,186.99169198154868
redistrict,A,district 1 precinct 92,6.0696875101617795,591.0,2.0,national,equal sd,4.72868559166671,adjusted row,1,0.3665311336517334,1.0366,135.139,0,11.752,11.499234172906739,368.5758798529635
redistrict,A,district 1 precinct 92,6.0696875101617795,591.0,2.0,national,equal sd,4.72868559166671,adjusted table,1,0.7653801441192627,1.00509,137.28,0,11.408,12.03366058906031,179.32548663173552
redistrict,A,district 1 precinct 92,6.0696875101617795,591.0,2.0,national,interactions only,0.18914742366666837,position logit,1,1.1048529148101807,1.0109,111.544,263,36.889,3.0237740247770333,100.94786573842421
redistrict,A,district 1 precinct 92,6.0696875101617795,591.0,2.0,national,interactions only,0.18914742366666837,odds-ratio logit,1,0.4656944274902344,1.03586,136.406,529,15.4,8.857532467532467,292.8013278655217
redistrict,A,district 1 precinct 92,6.0696875101617795,591.0,2.0,national,interactions only,0.18914742366666837,adjusted row,1,0.6058495044708252,1.00905,170.875,479,17.272,9.893179712830015,281.9705298806615
redistrict,A,district 1 precinct 92,6.0696875101617795,591.0,2.0,national,interactions only,0.18914742366666837,adjusted table,1,0.9331111907958984,1.02356,104.609,611,11.986,8.7275988653429,112.09612568935643
redistrict,B,district 4 precinct 13,3.5048408535413333,5.23,1.0,indep,equal sd,1.1702778228589004e-16,position logit,1,0.22702264785766602,1.00752,419.061,1,7.708,54.36702127659574,1843.3847773038517
redistrict,B,district 4 precinct 13,3.5048408535413333,5.23,1.0,indep,equal sd,1.1702778228589004e-16,odds-ratio logit,1,0.22519302368164062,1.00333,344.695,0,10.92,31.56547619047619,1529.1832688803026
redistrict,B,district 4 precinct 13,3.5048408535413333,5.23,1.0,indep,equal sd,1.1702778228589004e-16,adjusted row,1,0.2726747989654541,1.00514,519.466,0,10.504,49.454112718964204,1904.0247080027125
redistrict,B,district 4 precinct 13,3.5048408535413333,5.23,1.0,indep,equal sd,1.1702778228589004e-16,adjusted table,1,0.5487947463989258,1.00746,494.95,0,11.476,43.12913907284768,901.7044734032526
redistrict,B,district 4 precinct 13,3.5048408535413333,523.0000000000001,1.0,indep,equal sd,2.0604867304337687e-16,position logit,1,0.2085866928100586,0.999833,1481.42,0,6.768,218.8859338061466,7098.535780058835
redistrict,B,district 4 precinct 13,3.5048408535413333,523.0000000000001,1.0,indep,equal sd,2.0604867304337687e-16,odds-ratio logit,1,0.1631608009338379,1.00018,1039.32,0,6.748,154.0189685832839,6366.209902211629
redistrict,B,district 4 precinct 13,3.5048408535413333,523.0000000000001,1.0,indep,equal sd,2.0604867304337687e-16,adjusted row,1,0.2681248188018799,1.002,1316.15,0,6.764,194.5816085156712,4903.924599248288
redistrict,B,district 4 precinct 13,3.5048408535413333,523.0000000000001,1.0,indep,equal sd,2.0604867304337687e-16,adjusted table,1,0.34131717681884766,1.00068,1095.19,0,6.884,159.09209761766414,3207.768514180408
redistrict,B,district 4 precinct 13,3.5048408535413333,52300.0,1.0,indep,equal sd,0.0,position logit,1,0.13930749893188477,0.99998,1166.69,0,6.716,173.7179868969625,8364.461477567778
redistrict,B,district 4 precinct 13,3.5048408535413333,52300.0,1.0,indep,equal sd,0.0,odds-ratio logit,1,0.14375591278076172,0.999529,1222.06,0,6.7,182.39701492537313,8494.921378693134
redistrict,B,district 4 precinct 13,3.5048408535413333,52300.0,1.0,indep,equal sd,0.0,adjusted row,1,0.1961977481842041,0.999471,1133.93,0,6.676,169.85170760934693,5776.697081946665
redistrict,B,district 4 precinct 13,3.5048408535413333,52300.0,1.0,indep,equal sd,0.0,adjusted table,1,0.32079219818115234,0.999303,1217.96,0,6.836,178.1685196021065,3794.9403958152725
redistrict,A,district 1 precinct 2,0.8947656331578311,604.0,0.5,indep,equal sd,0.0,position logit,2,0.1419966220855713,1.00057,1090.79,0,6.788,160.69387153800824,7676.286038137264
redistrict,A,district 1 precinct 2,0.8947656331578311,604.0,0.5,indep,equal sd,0.0,odds-ratio logit,2,0.1492629051208496,1.00113,1383.97,0,6.828,202.69039250146454,9265.990446156351
redistrict,A,district 1 precinct 2,0.8947656331578311,604.0,0.5,indep,equal sd,0.0,adjusted row,2,0.23502111434936523,1.00065,1353.51,0,6.712,201.65524433849822,5756.751907454429
redistrict,A,district 1 precinct 2,0.8947656331578311,604.0,0.5,indep,equal sd,0.0,adjusted table,2,0.3590993881225586,1.00038,1442.14,0,6.724,214.476502082094,4014.829053449869
redistrict,A,district 1 precinct 2,0.8947656331578311,604.0,0.5,national,equal sd,3.081533833290149,position logit,2,0.1531386375427246,1.00231,1185.86,0,6.84,173.37134502923976,7738.774396649235
redistrict,A,district 1 precinct 2,0.8947656331578311,604.0,0.5,national,equal sd,3.081533833290149,odds-ratio logit,2,0.14015769958496094,1.00094,1136.64,0,6.796,167.2513243084167,8100.586206852023
redistrict,A,district 1 precinct 2,0.8947656331578311,604.0,0.5,national,equal sd,3.081533833290149,adjusted row,2,0.19178414344787598,1.00032,1229.52,0,6.892,178.398142774231,6407.588061588621
redistrict,A,district 1 precinct 2,0.8947656331578311,604.0,0.5,national,equal sd,3.081533833290149,adjusted table,2,0.320615291595459,1.00178,1211.67,0,6.756,179.34724689165188,3777.9098463446076
redistrict,A,district 1 precinct 2,0.8947656331578311,604.0,0.5,national,interactions only,0.030815338332901492,position logit,2,0.14306282997131348,1.00071,1139.96,0,6.728,169.43519619500594,7960.844258958021
redistrict,A,district 1 precinct 2,0.8947656331578311,604.0,0.5,national,interactions only,0.030815338332901492,odds-ratio logit,2,0.16524648666381836,1.00269,1411.83,0,6.88,205.2078488372093,8535.727982379769
redistrict,A,district 1 precinct 2,0.8947656331578311,604.0,0.5,national,interactions only,0.030815338332901492,adjusted row,2,0.20228290557861328,1.00162,1250.12,0,6.776,184.4923258559622,6176.155770131405
redistrict,A,district 1 precinct 2,0.8947656331578311,604.0,0.5,national,interactions only,0.030815338332901492,adjusted table,2,0.3580174446105957,1.00137,1154.23,0,6.824,169.14273153575616,3222.8458886341427
redistrict,A,district 1 precinct 2,0.8947656331578311,604.0,2.0,indep,equal sd,0.0,position logit,2,0.38498973846435547,1.00829,377.303,0,20.224,18.65620055379747,979.7808927370988
redistrict,A,district 1 precinct 2,0.8947656331578311,604.0,2.0,indep,equal sd,0.0,odds-ratio logit,2,0.30243444442749023,1.00702,334.996,0,21.944,15.265949690120307,1107.1280762798071
redistrict,A,district 1 precinct 2,0.8947656331578311,604.0,2.0,indep,equal sd,0.0,adjusted row,2,0.29228806495666504,1.01643,202.602,0,10.32,19.631976744186048,692.9308638396279
redistrict,A,district 1 precinct 2,0.8947656331578311,604.0,2.0,indep,equal sd,0.0,adjusted table,2,0.46686577796936035,1.00119,767.585,0,7.852,97.75662251655629,1643.791084549823
redistrict,A,district 1 precinct 2,0.8947656331578311,604.0,2.0,national,equal sd,0.7703834583225373,position logit,2,0.3456075191497803,1.00305,393.563,0,20.348,19.341606054649105,1138.3447751146812
redistrict,A,district 1 precinct 2,0.8947656331578311,604.0,2.0,national,equal sd,0.7703834583225373,odds-ratio logit,2,0.2894251346588135,1.00802,370.236,0,18.596,19.909442890944288,1278.7944787335928
redistrict,A,district 1 precinct 2,0.8947656331578311,604.0,2.0,national,equal sd,0.7703834583225373,adjusted row,2,0.30478453636169434,1.00727,408.501,0,11.752,34.76012593601089,1339.8740798148206
redistrict,A,district 1 precinct 2,0.8947656331578311,604.0,2.0,national,equal sd,0.7703834583225373,adjusted table,2,0.4492630958557129,1.00964,524.664,0,8.264,63.487899322362054,1167.5864103784972
redistrict,A,district 1 precinct 2,0.8947656331578311,604.0,2.0,national,interactions only,0.030815338332901492,position logit,2,0.47812438011169434,1.01548,262.196,1,37.528,6.986676614794288,548.2743219839247
redistrict,A,district 1 precinct 2,0.8947656331578311,604.0,2.0,national,interactions only,0.030815338332901492,odds-ratio logit,2,0.2611715793609619,1.01512,312.917,0,17.54,17.84019384264538,1196.0415555814766
redistrict,A,district 1 precinct 2,0.8947656331578311,604.0,2.0,national,interactions only,0.030815338332901492,adjusted row,2,0.3007493019104004,1.00163,517.6,0,13.008,39.7908979089791,1720.1265750732907
redistrict,A,district 1 precinct 2,0.8947656331578311,604.0,2.0,national,interactions only,0.030815338332901492,adjusted table,2,0.42465901374816895,1.00105,720.072,0,6.8,105.89294117647059,1695.2582345834376
redistrict,A,district 2 precinct 78,2.1625870393747535,661.0,0.5,indep,equal sd,0.0,position logit,2,0.1564006805419922,1.00058,1539.83,0,6.844,224.98977206312097,9832.272688039777
redistrict,A,district 2 precinct 78,2.1625870393747535,661.0,0.5,indep,equal sd,0.0,odds-ratio logit,2,0.139540433883667,1.00333,991.128,0,6.588,150.44444444444446,7093.202884502966
redistrict,A,district 2 precinct 78,2.1625870393747535,661.0,0.5,indep,equal sd,0.0,adjusted row,2,0.1885969638824463,1.00098,1189.05,0,6.82,174.3475073313783,6301.074140166016
redistrict,A,district 2 precinct 78,2.1625870393747535,661.0,0.5,indep,equal sd,0.0,adjusted table,2,0.3086824417114258,1.00367,1204.73,0,6.7,179.81044776119404,3900.6804439037346
redistrict,A,district 2 precinct 78,2.1625870393747535,661.0,0.5,national,equal sd,7.346990198409898,position logit,2,0.14418339729309082,1.00145,1357.51,0,6.816,199.16519953051645,9408.176535679233
redistrict,A,district 2 precinct 78,2.1625870393747535,661.0,0.5,national,equal sd,7.346990198409898,odds-ratio logit,2,0.1835191249847412,1.00068,1376.77,0,6.744,204.1473902728351,7494.428317158067
redistrict,A,district 2 precinct 78,2.1625870393747535,661.0,0.5,national,equal sd,7.346990198409898,adjusted row,2,0.22580385208129883,1.00078,999.305,0,6.756,147.9137063351095,4422.313315424854
redistrict,A,district 2 precinct 78,2.1625870393747535,661.0,0.5,national,equal sd,7.346990198409898,adjusted table,2,0.3498270511627197,1.00082,996.369,0,6.812,146.2667351732237,2847.048620494297
redistrict,A,district 2 precinct 78,2.1625870393747535,661.0,0.5,national,interactions only,0.07346990198409897,position logit,2,0.1323995590209961,0.999409,1397.32,0,6.86,203.69096209912536,10545.228410870566
redistrict,A,district 2 precinct 78,2.1625870393747535,661.0,0.5,national,interactions only,0.07346990198409897,odds-ratio logit,2,0.13809490203857422,1.00078,1082.78,0,6.788,159.51384796700057,7832.212615538501
redistrict,A,district 2 precinct 78,2.1625870393747535,661.0,0.5,national,interactions only,0.07346990198409897,adjusted row,2,0.19708514213562012,1.00123,1442.2,0,6.712,214.8688915375447,7313.959979299972
redistrict,A,district 2 precinct 78,2.1625870393747535,661.0,0.5,national,interactions only,0.07346990198409897,adjusted table,2,0.30343151092529297,0.999659,1229.87,0,6.736,182.5816508313539,4051.9470201613567
redistrict,A,district 2 precinct 78,2.1625870393747535,661.0,2.0,indep,equal sd,0.0,position logit,2,0.1818227767944336,1.00274,599.405,0,9.456,63.38885363790186,3294.721667380891
redistrict,A,district 2 precinct 78,2.1625870393747535,661.0,2.0,indep,equal sd,0.0,odds-ratio logit,2,0.2153470516204834,1.0118,459.863,0,7.888,58.29906186612576,2134.1062407081213
redistrict,A,district 2 precinct 78,2.1625870393747535,661.0,2.0,indep,equal sd,0.0,adjusted row,2,0.2926299571990967,1.00472,778.313,0,6.956,111.89088556641747,2658.824937755693
redistrict,A,district 2 precinct 78,2.1625870393747535,661.0,2.0,indep,equal sd,0.0,adjusted table,2,0.40311431884765625,1.00402,672.055,0,6.968,96.44876578645234,1666.7255834656833
redistrict,A,district 2 precinct 78,2.1625870393747535,661.0,2.0,national,equal sd,1.8367475496024745,position logit,2,0.23716092109680176,1.00546,533.552,0,12.732,41.90637763116557,2248.4515067929406
redistrict,A,district 2 precinct 78,2.1625870393747535,661.0,2.0,national,equal sd,1.8367475496024745,odds-ratio logit,2,0.22800064086914062,1.0027,330.263,0,13.424,24.602428486293206,1444.3568351394438
redistrict,A,district 2 precinct 78,2.1625870393747535,661.0,2.0,national,equal sd,1.8367475496024745,adjusted row,2,0.2760965824127197,1.0058,295.157,0,8.964,32.92692994199018,1068.6412873366364
redistrict,A,district 2 precinct 78,2.1625870393747535,661.0,2.0,national,equal sd,1.8367475496024745,adjusted table,2,0.5283248424530029,1.00182,562.227,0,6.944,80.9658698156682,1063.8758128600728
redistrict,A,district 2 precinct 78,2.1625870393747535,661.0,2.0,national,interactions only,0.07346990198409897,position logit,2,0.2237236499786377,1.00194,444.169,1,9.164,48.468900043649064,1984.4330705956665
redistrict,A,district 2 precinct 78,2.1625870393747535,661.0,2.0,national,interactions only,0.07346990198409897,odds-ratio logit,2,0.2467799186706543,1.01428,101.377,0,8.654,11.71446729835914,410.6258640530677
redistrict,A,district 2 precinct 78,2.1625870393747535,661.0,2.0,national,interactions only,0.07346990198409897,adjusted row,2,0.2608308792114258,1.02576,37.2083,0,7.824,4.755662065439673,142.57008836073962
redistrict,A,district 2 precinct 78,2.1625870393747535,661.0,2.0,national,interactions only,0.07346990198409897,adjusted table,2,0.38659024238586426,1.00146,894.669,0,6.852,130.57049036777582,2313.6672433864196
redistrict,A,district 4 precinct 13,3.5048408535413333,523.0000000000001,0.5,indep,equal sd,4.1209734608675373e-16,position logit,2,0.12509942054748535,1.0007,1306.03,0,6.664,195.9828931572629,10424.935966810033
redistrict,A,district 4 precinct 13,3.5048408535413333,523.0000000000001,0.5,indep,equal sd,4.1209734608675373e-16,odds-ratio logit,2,0.1359119415283203,1.00083,1321.92,0,6.812,194.0575455079272,9718.574717804628
redistrict,A,district 4 precinct 13,3.5048408535413333,523.0000000000001,0.5,indep,equal sd,4.1209734608675373e-16,adjusted row,2,0.17310333251953125,1.00141,1215.93,0,6.74,180.40504451038575,7020.317791371858
redistrict,A,district 4 precinct 13,3.5048408535413333,523.0000000000001,0.5,indep,equal sd,4.1209734608675373e-16,adjusted table,2,0.30362367630004883,1.00075,1247.33,0,6.804,183.3230452674897,4106.7644921572655
redistrict,A,district 4 precinct 13,3.5048408535413333,523.0000000000001,0.5,national,equal sd,9.14880027480817,position logit,2,0.12589263916015625,1.00039,1234.24,0,6.516,189.41682013505218,9795.65386754769
redistrict,A,district 4 precinct 13,3.5048408535413333,523.0000000000001,0.5,national,equal sd,9.14880027480817,odds-ratio logit,2,0.14850783348083496,1.00174,1373.82,0,6.808,201.79494712103408,9244.651030526084
redistrict,A,district 4 precinct 13,3.5048408535413333,523.0000000000001,0.5,national,equal sd,9.14880027480817,adjusted row,2,0.18175339698791504,1.00042,1297.97,0,6.656,195.00751201923077,7137.3817615069565
redistrict,A,district 4 precinct 13,3.5048408535413333,523.0000000000001,0.5,national,equal sd,9.14880027480817,adjusted table,2,0.3073129653930664,1.0003,1187.43,0,6.628,179.1535908267954,3862.6705269672666
redistrict,A,district 4 precinct 13,3.5048408535413333,523.0000000000001,0.5,national,interactions only,0.09148800274808169,position logit,2,0.4836740493774414,1.08618,23.7727,359,17.303,1.373906259030226,49.134917698980296
redistrict,A,district 4 precinct 13,3.5048408535413333,523.0000000000001,0.5,national,interactions only,0.09148800274808169,odds-ratio logit,2,0.4829592704772949,1.06993,35.7406,427,15.521,2.302725339862122,73.98825696496357
redistrict,A,district 4 precinct 13,3.5048408535413333,523.0000000000001,0.5,national,interactions only,0.09148800274808169,adjusted row,2,0.6914727687835693,1.05023,22.2377,747,6.526,3.407554397793442,32.15447455622485
redistrict,A,district 4 precinct 13,3.5048408535413333,523.0000000000001,0.5,national,interactions only,0.09148800274808169,adjusted table,2,7.888039827346802,2.59388,1.13099,473,123.827,0.009133629983767676,0.14337830276347402
redistrict,A,district 4 precinct 13,3.5048408535413333,523.0000000000001,2.0,indep,equal sd,1.0302433652168843e-16,position logit,2,0.15504741668701172,1.00183,936.576,0,6.972,134.3339070567986,6036.475099966501
redistrict,A,district 4 precinct 13,3.5048408535413333,523.0000000000001,2.0,indep,equal sd,1.0302433652168843e-16,odds-ratio logit,2,0.2026662826538086,1.00334,883.415,0,6.876,128.47803955788248,4355.8278177782795
redistrict,A,district 4 precinct 13,3.5048408535413333,523.0000000000001,2.0,indep,equal sd,1.0302433652168843e-16,adjusted row,2,0.2890913486480713,1.00259,841.344,0,8.632,97.46802594995367,2909.306877163419
redistrict,A,district 4 precinct 13,3.5048408535413333,523.0000000000001,2.0,indep,equal sd,1.0302433652168843e-16,adjusted table,2,0.39455151557922363,1.00149,905.352,0,7.09,127.69421720733428,2293.6281043249683
redistrict,A,district 4 precinct 13,3.5048408535413333,523.0000000000001,2.0,national,equal sd,2.2872000687020426,position logit,2,0.15433692932128906,1.00288,1069.94,0,6.828,156.69888693614527,6927.615070516463
redistrict,A,district 4 precinct 13,3.5048408535413333,523.0000000000001,2.0,national,equal sd,2.2872000687020426,odds-ratio logit,2,0.20396900177001953,1.00032,969.606,0,6.912,140.27864583333334,4750.48339094904
redistrict,A,district 4 precinct 13,3.5048408535413333,523.0000000000001,2.0,national,equal sd,2.2872000687020426,adjusted row,2,0.18913006782531738,1.00453,1129.21,0,6.792,166.25588928150768,5965.719104332854
redistrict,A,district 4 precinct 13,3.5048408535413333,523.0000000000001,2.0,national,equal sd,2.2872000687020426,adjusted table,2,0.38471555709838867,1.00138,991.55,0,6.764,146.59225310467178,2576.107088338811
redistrict,A,district 4 precinct 13,3.5048408535413333,523.0000000000001,2.0,national,interactions only,0.09148800274808169,position logit,2,0.6914186477661133,1.07172,47.337,568,19.543,2.422197206160774,68.45423844303714
redistrict,A,district 4 precinct 13,3.5048408535413333,523.0000000000001,2.0,national,interactions only,0.09148800274808169,odds-ratio logit,2,1.136824607849121,1.02554,75.2831,179,64.897,1.1600397553045596,66.21683471373758
redistrict,A,district 4 precinct 13,3.5048408535413333,523.0000000000001,2.0,national,interactions only,0.09148800274808169,adjusted row,2,0.903782844543457,1.23247,5.12709,622,22.307,0.22984220199937241,5.671912490550362
redistrict,A,district 4 precinct 13,3.5048408535413333,523.0000000000001,2.0,national,interactions only,0.09148800274808169,adjusted table,2,11.979402780532837,582485825390395.0,1.00604,789,386.504,0.002602922608821642,0.08398014905288825
redistrict,A,district 1 precinct 93,4.530953648111615,579.0,0.5,indep,equal sd,0.0,position logit,2,0.1801748275756836,1.00024,1162.39,0,6.82,170.4384164222874,6448.017588105451
redistrict,A,district 1 precinct 93,4.530953648111615,579.0,0.5,indep,equal sd,0.0,odds-ratio logit,2,0.1604163646697998,1.00199,1138.45,0,6.7,169.9179104477612,7087.764067229036
redistrict,A,district 1 precinct 93,4.530953648111615,579.0,0.5,indep,equal sd,0.0,adjusted row,2,0.24389910697937012,1.00126,1289.24,0,6.832,188.70608899297423,5283.724934713934
redistrict,A,district 1 precinct 93,4.530953648111615,579.0,0.5,indep,equal sd,0.0,adjusted table,2,0.35069799423217773,1.00037,1192.24,0,6.66,179.01501501501502,3398.677534495719
redistrict,A,district 1 precinct 93,4.530953648111615,579.0,0.5,national,equal sd,13.775301392894587,position logit,2,0.2097933292388916,1.00374,875.16,0,6.888,127.05574912891986,4166.959459372939
redistrict,A,district 1 precinct 93,4.530953648111615,579.0,0.5,national,equal sd,13.775301392894587,odds-ratio logit,2,0.1860945224761963,0.999852,845.307,0,6.94,121.8021613832853,4538.3642459681805
redistrict,A,district 1 precinct 93,4.530953648111615,579.0,0.5,national,equal sd,13.775301392894587,adjusted row,2,0.2525451183319092,1.00016,913.526,0,6.668,137.00149970005998,3615.892459450558
redistrict,A,district 1 precinct 93,4.530953648111615,579.0,0.5,national,equal sd,13.775301392894587,adjusted table,2,0.44841623306274414,1.00074,482.991,0,8.92,54.146973094170406,1076.7251975406282
redistrict,A,district 1 precinct 93,4.530953648111615,579.0,0.5,national,interactions only,0.13775301392894584,position logit,2,0.3449716567993164,1.06532,14.215,731,8.377,1.6969082010266203,41.19395623308545
redistrict,A,district 1 precinct 93,4.530953648111615,579.0,0.5,national,interactions only,0.13775301392894584,odds-ratio logit,2,0.4241368770599365,1.02404,109.647,708,14.328,7.652638190954774,258.422519626706
redistrict,A,district 1 precinct 93,4.530953648111615,579.0,0.5,national,interactions only,0.13775301392894584,adjusted row,2,0.544832706451416,1.01705,75.4783,607,27.339,2.7608288525549582,138.47979469122552
redistrict,A,district 1 precinct 93,4.530953648111615,579.0,0.5,national,interactions only,0.13775301392894584,adjusted table,2,0.9974591732025146,1.02037,141.841,593,22.339,6.349478490532253,142.1802893113416
redistrict,A,district 1 precinct 93,4.530953648111615,579.0,2.0,indep,equal sd,0.0,position logit,2,0.2613701820373535,1.00425,599.456,0,10.52,56.982509505703426,2292.674712218021
redistrict,A,district 1 precinct 93,4.530953648111615,579.0,2.0,indep,equal sd,0.0,odds-ratio logit,2,0.2059922218322754,1.23546,6.74286,0,8.108,0.8316304884065121,32.71266615014123
redistrict,A,district 1 precinct 93,4.530953648111615,579.0,2.0,indep,equal sd,0.0,adjusted row,2,0.27252745628356934,1.00215,526.181,0,9.208,57.143896611642056,1930.0306895090978
redistrict,A,district 1 precinct 93,4.530953648111615,579.0,2.0,indep,equal sd,0.0,adjusted table,2,0.4717066287994385,1.00191,534.913,0,10.488,51.00238367658277,1133.6507206634187
redistrict,A,district 1 precinct 93,4.530953648111615,579.0,2.0,national,equal sd,3.4438253482236467,position logit,2,0.7992978096008301,1.01946,283.307,0,37.368,7.581540355384286,354.34392052848216
redistrict,A,district 1 precinct 93,4.530953648111615,579.0,2.0,national,equal sd,3.4438253482236467,odds-ratio logit,2,0.2357945442199707,1.00975,487.231,0,12.496,38.990957106274,2065.509993252408
redistrict,A,district 1 precinct 93,4.530953648111615,579.0,2.0,national,equal sd,3.4438253482236467,adjusted row,2,0.2525465488433838,1.00288,488.462,0,7.396,66.0440778799351,1933.41995314324
redistrict,A,district 1 precinct 93,4.530953648111615,579.0,2.0,national,equal sd,3.4438253482236467,adjusted table,2,0.5222039222717285,1.00593,423.232,0,9.596,44.10504376823677,810.2869431801583
redistrict,A,district 1 precinct 93,4.530953648111615,579.0,2.0,national,interactions only,0.13775301392894584,position logit,2,0.49778223037719727,1.03152,71.2829,587,22.949,3.106144058564643,143.17278951318823
redistrict,A,district 1 precinct 93,4.530953648111615,579.0,2.0,national,interactions only,0.13775301392894584,odds-ratio logit,2,0.5508239269256592,1.03625,41.3001,534,24.287,1.7005023263474288,74.9650760384205
redistrict,A,district 1 precinct 93,4.530953648111615,579.0,2.0,national,interactions only,0.13775301392894584,adjusted row,2,0.7197868824005127,1.0275,101.919,627,26.752,3.8097712320574164,141.57624204849395
redistrict,A,district 1 precinct 93,4.530953648111615,579.0,2.0,national,interactions only,0.13775301392894584,adjusted table,2,0.9237124919891357,1.01858,89.0063,681,12.234,7.275322870688245,96.34695070333733
redistrict,A,district 1 precinct 92,6.0696875101617795,591.0,0.5,indep,equal sd,0.0,position logit,2,0.14759492874145508,1.00137,1032.57,0,6.86,150.5204081632653,6991.285304250548
redistrict,A,district 1 precinct 92,6.0696875101617795,591.0,0.5,indep,equal sd,0.0,odds-ratio logit,2,0.16397500038146973,1.00196,966.427,0,7.748,124.73244708311822,5890.277392094349
redistrict,A,district 1 precinct 92,6.0696875101617795,591.0,0.5,indep,equal sd,0.0,adjusted row,2,0.24631309509277344,0.999738,1433.49,0,6.752,212.3059834123223,5817.445527320015
redistrict,A,district 1 precinct 92,6.0696875101617795,591.0,0.5,indep,equal sd,0.0,adjusted table,2,0.357344388961792,1.00238,1134.85,0,6.744,168.27550415183867,3174.930026360444
redistrict,A,district 1 precinct 92,6.0696875101617795,591.0,0.5,national,equal sd,18.91474236666684,position logit,2,0.2880058288574219,1.25588,3.75237,0,15.532,0.2415896214267319,13.023699230076039
redistrict,A,district 1 precinct 92,6.0696875101617795,591.0,0.5,national,equal sd,18.91474236666684,odds-ratio logit,2,0.36057066917419434,1.71751,8.70893,0,22.56,0.3860341312056738,24.145936258942875
redistrict,A,district 1 precinct 92,6.0696875101617795,591.0,0.5,national,equal sd,18.91474236666684,adjusted row,2,0.3800203800201416,1.03022,32.8637,0,16.216,2.026621854958066,86.44174250459676
redistrict,A,district 1 precinct 92,6.0696875101617795,591.0,0.5,national,equal sd,18.91474236666684,adjusted table,2,0.8073735237121582,1.00439,21.2265,0,15.508,1.368745163786433,26.28701700986578
redistrict,A,district 1 precinct 92,6.0696875101617795,591.0,0.5,national,interactions only,0.18914742366666837,position logit,2,0.22995376586914062,1.01403,176.892,753,8.111,21.808901491801254,768.9130623067842
redistrict,A,district 1 precinct 92,6.0696875101617795,591.0,0.5,national,interactions only,0.18914742366666837,odds-ratio logit,2,0.3076207637786865,1.0071,169.491,588,14.543,11.654472942309017,550.7945681631704
redistrict,A,district 1 precinct 92,6.0696875101617795,591.0,0.5,national,interactions only,0.18914742366666837,adjusted row,2,0.3532578945159912,1.02435,141.937,632,10.355,13.707098020280059,401.68339553060565
redistrict,A,district 1 precinct 92,6.0696875101617795,591.0,0.5,national,interactions only,0.18914742366666837,adjusted table,2,0.6505727767944336,1.01955,182.679,580,9.959,18.34310673762426,280.7070623481449
redistrict,A,district 1 precinct 92,6.0696875101617795,591.0,2.0,indep,equal sd,0.0,position logit,2,0.2970764636993408,1.00315,450.897,0,18.792,23.994093231162193,1517.2744009466924
redistrict,A,district 1 precinct 92,6.0696875101617795,591.0,2.0,indep,equal sd,0.0,odds-ratio logit,2,0.21518993377685547,1.01381,280.63,1,10.837,25.89554304696872,1303.0873526142618
redistrict,A,district 1 precinct 92,6.0696875101617795,591.0,2.0,indep,equal sd,0.0,adjusted row,2,0.23750638961791992,1.00427,421.55,0,7.408,56.904697624190064,1773.6177078004282
redistrict,A,district 1 precinct 92,6.0696875101617795,591.0,2.0,indep,equal sd,0.0,adjusted table,2,0.49669885635375977,1.00633,463.028,0,8.38,55.25393794749403,932.0304286788606
redistrict,A,district 1 precinct 92,6.0696875101617795,591.0,2.0,national,equal sd,4.72868559166671,position logit,2,1.5210881233215332,1.00379,151.688,0,131.88,1.1501971489232634,99.71459532140756
redistrict,A,district 1 precinct 92,6.0696875101617795,591.0,2.0,national,equal sd,4.72868559166671,odds-ratio logit,2,0.5306475162506104,1.02179,73.1512,1,40.946,1.7865285986421142,137.82788123649544
redistrict,A,district 1 precinct 92,6.0696875101617795,591.0,2.0,national,equal sd,4.72868559166671,adjusted row,2,0.23985958099365234,1.00312,187.946,0,7.864,23.899542217700915,783.256140272226
redistrict,A,district 1 precinct 92,6.0696875101617795,591.0,2.0,national,equal sd,4.72868559166671,adjusted table,2,0.6359128952026367,1.00698,180.757,0,12.568,14.382320178230428,284.1517415764532
redistrict,A,district 1 precinct 92,6.0696875101617795,591.0,2.0,national,interactions only,0.18914742366666837,position logit,2,0.8741650581359863,1.02021,114.791,241,61.296,1.87273231532237,131.29525088013142
redistrict,A,district 1 precinct 92,6.0696875101617795,591.0,2.0,national,interactions only,0.18914742366666837,odds-ratio logit,2,0.3820199966430664,1.00927,140.843,419,21.657,6.503347647411922,368.53797077840244
redistrict,A,district 1 precinct 92,6.0696875101617795,591.0,2.0,national,interactions only,0.18914742366666837,adjusted row,2,0.6147208213806152,1.00769,156.054,476,23.394,6.670684790972045,253.82289284563382
redistrict,A,district 1 precinct 92,6.0696875101617795,591.0,2.0,national,interactions only,0.18914742366666837,adjusted table,2,54.9035701751709,3.18356,1.08691,214,522.012,0.0020821551994973297,0.019796671829133007
redistrict,B,district 4 precinct 13,3.5048408535413333,5.23,1.0,indep,equal sd,1.1702778228589004e-16,position logit,2,0.18228697776794434,1.00115,558.042,0,8.296,67.26639344262296,3057.642470999659
redistrict,B,district 4 precinct 13,3.5048408535413333,5.23,1.0,indep,equal sd,1.1702778228589004e-16,odds-ratio logit,2,0.2274918556213379,1.00293,414.256,0,10.8,38.35703703703703,1820.1752148562675
redistrict,B,district 4 precinct 13,3.5048408535413333,5.23,1.0,indep,equal sd,1.1702778228589004e-16,adjusted row,2,0.27032899856567383,1.00549,379.928,0,9.536,39.841442953020135,1404.1934848132641
redistrict,B,district 4 precinct 13,3.5048408535413333,5.23,1.0,indep,equal sd,1.1702778228589004e-16,adjusted table,2,0.5164444446563721,1.01068,336.612,0,11.336,29.69407198306281,651.6165686823191
redistrict,B,district 4 precinct 13,3.5048408535413333,523.0000000000001,1.0,indep,equal sd,2.0604867304337687e-16,position logit,2,0.15559077262878418,1.0017,1234.27,0,6.768,182.3684988179669,7925.291747224871
redistrict,B,district 4 precinct 13,3.5048408535413333,523.0000000000001,1.0,indep,equal sd,2.0604867304337687e-16,odds-ratio logit,2,0.14182686805725098,1.00235,884.163,0,6.74,131.1814540059347,6227.505533299188
redistrict,B,district 4 precinct 13,3.5048408535413333,523.0000000000001,1.0,indep,equal sd,2.0604867304337687e-16,adjusted row,2,0.23002171516418457,1.0004,1253.34,0,6.824,183.6664712778429,5446.464049532062
redistrict,B,district 4 precinct 13,3.5048408535413333,523.0000000000001,1.0,indep,equal sd,2.0604867304337687e-16,adjusted table,2,0.32933950424194336,0.999588,1109.74,0,6.792,163.38928150765608,3368.5807072548514
redistrict,B,district 4 precinct 13,3.5048408535413333,52300.0,1.0,indep,equal sd,0.0,position logit,2,0.16680574417114258,1.00021,1144.78,0,6.54,175.0428134556575,6857.111710609371
redistrict,B,district 4 precinct 13,3.5048408535413333,52300.0,1.0,indep,equal sd,0.0,odds-ratio logit,2,0.14258837699890137,0.999603,806.637,0,6.624,121.77490942028986,5652.829765280838
redistrict,B,district 4 precinct 13,3.5048408535413333,52300.0,1.0,indep,equal sd,0.0,adjusted row,2,0.20690655708312988,1.00175,1086.04,0,6.708,161.90220632081096,5244.860030765546
redistrict,B,district 4 precinct 13,3.5048408535413333,52300.0,1.0,indep,equal sd,0.0,adjusted table,2,0.3241004943847656,1.00095,1017.28,0,6.804,149.51205173427394,3137.8077559518074
