dataset,part,area,mismatch,N,sigma_b,centre,prior,conflict_sd,param,seed,seconds,max_rhat,min_ess,div,leapfrogs,ess_per_1000_grad,ess_per_s
Scotland 2007,A,East Lothian,0.8307651283822193,35540.0,0.5,indep,equal sd,0.0,ILR + log volume,1,0.9253358840942383,1.00623,721.253,0,111.736,6.454974224958832,779.3774477739411
Scotland 2007,A,East Lothian,0.8307651283822193,35540.0,0.5,indep,equal sd,0.0,log cells,1,0.6115846633911133,1.00198,765.708,0,124.568,6.146907713056322,1251.83525044679
Scotland 2007,A,East Lothian,0.8307651283822193,35540.0,0.5,indep,equal sd,0.0,position logit,1,0.23027443885803223,1.00233,721.35,0,10.096,71.44908874801902,3130.9586514849375
Scotland 2007,A,East Lothian,0.8307651283822193,35540.0,0.5,indep,equal sd,0.0,odds-ratio logit,1,0.1892566680908203,1.00233,965.436,0,7.444,129.6931757119828,5098.482512523561
Scotland 2007,A,East Lothian,0.8307651283822193,35540.0,0.5,indep,equal sd,0.0,adjusted row,1,0.37107229232788086,1.00966,390.146,0,10.688,36.50318113772455,1051.1503546360973
Scotland 2007,A,East Lothian,0.8307651283822193,35540.0,0.5,indep,equal sd,0.0,adjusted table,1,1.0168921947479248,1.00476,398.124,0,13.392,29.728494623655916,391.4608743089053
Scotland 2007,A,East Lothian,0.8307651283822193,35540.0,0.5,raked,equal sd,0.0,ILR + log volume,1,1.7560946941375732,1.00318,800.112,0,251.672,3.17918560666264,455.5888410485874
Scotland 2007,A,East Lothian,0.8307651283822193,35540.0,0.5,raked,equal sd,0.0,log cells,1,0.4374723434448242,1.00704,492.834,0,56.728,8.68766746580172,1126.06595027562
Scotland 2007,A,East Lothian,0.8307651283822193,35540.0,0.5,raked,equal sd,0.0,position logit,1,0.3097221851348877,1.00153,797.72,0,13.304,59.960914010823814,2574.619458140929
Scotland 2007,A,East Lothian,0.8307651283822193,35540.0,0.5,raked,equal sd,0.0,odds-ratio logit,1,0.269930362701416,1.00248,714.298,0,10.456,68.31465187452181,2644.8897178815337
Scotland 2007,A,East Lothian,0.8307651283822193,35540.0,0.5,raked,equal sd,0.0,adjusted row,1,0.4377312660217285,1.00677,456.607,0,10.4,43.90451923076923,1042.7417824590136
Scotland 2007,A,East Lothian,0.8307651283822193,35540.0,0.5,raked,equal sd,0.0,adjusted table,1,1.3670058250427246,1.00667,187.892,0,16.136,11.64427367377293,137.43214153305385
Scotland 2007,A,East Lothian,0.8307651283822193,35540.0,0.5,national,equal sd,3.464104420357982,ILR + log volume,1,1.9846203327178955,1.00279,938.178,0,244.568,3.8360619541395438,472.70162574512
Scotland 2007,A,East Lothian,0.8307651283822193,35540.0,0.5,national,equal sd,3.464104420357982,log cells,1,0.47628021240234375,1.00585,478.444,0,58.424,8.189168834725455,1004.3490317939992
Scotland 2007,A,East Lothian,0.8307651283822193,35540.0,0.5,national,equal sd,3.464104420357982,position logit,1,0.24097728729248047,1.00463,648.202,0,8.952,72.40862377122431,2688.9651960014994
Scotland 2007,A,East Lothian,0.8307651283822193,35540.0,0.5,national,equal sd,3.464104420357982,odds-ratio logit,1,0.26613712310791016,1.00295,532.792,0,9.48,56.20168776371308,1998.2291697378964
Scotland 2007,A,East Lothian,0.8307651283822193,35540.0,0.5,national,equal sd,3.464104420357982,adjusted row,1,0.6282227039337158,1.00394,407.756,0,10.976,37.14978134110787,648.9396798445202
Scotland 2007,A,East Lothian,0.8307651283822193,35540.0,0.5,national,equal sd,3.464104420357982,adjusted table,1,1.2537024021148682,1.00483,242.589,0,14.808,16.382293354943275,193.4783890180234
Scotland 2007,A,East Lothian,0.8307651283822193,35540.0,0.5,national,interactions only,0.034641044203579816,ILR + log volume,1,2.464108943939209,1.01016,494.446,0,294.552,1.6786373883049512,200.64945982810488
Scotland 2007,A,East Lothian,0.8307651283822193,35540.0,0.5,national,interactions only,0.034641044203579816,log cells,1,0.5578315258026123,1.00483,355.315,0,64.888,5.475819874244852,636.857651039579
Scotland 2007,A,East Lothian,0.8307651283822193,35540.0,0.5,national,interactions only,0.034641044203579816,position logit,1,0.2721869945526123,1.0047,642.705,0,12.216,52.61173870333989,2360.466675119525
Scotland 2007,A,East Lothian,0.8307651283822193,35540.0,0.5,national,interactions only,0.034641044203579816,odds-ratio logit,1,0.2543172836303711,1.00382,646.747,0,10.88,59.44365808823529,2542.208610582861
Scotland 2007,A,East Lothian,0.8307651283822193,35540.0,0.5,national,interactions only,0.034641044203579816,adjusted row,1,0.44258546829223633,1.0022,466.648,0,11.4,40.9340350877193,1054.0847543386953
Scotland 2007,A,East Lothian,0.8307651283822193,35540.0,0.5,national,interactions only,0.034641044203579816,adjusted table,1,1.1148858070373535,1.00368,325.337,0,13.4,24.278880597014926,291.78012616813635
Scotland 2007,A,East Lothian,0.8307651283822193,35540.0,2.0,indep,equal sd,0.0,ILR + log volume,1,4.269155979156494,1.01337,298.394,0,720.408,0.41420139698615227,69.89333165887123
Scotland 2007,A,East Lothian,0.8307651283822193,35540.0,2.0,indep,equal sd,0.0,log cells,1,3.45996356010437,1.00649,367.96,0,873.496,0.42124978248326267,106.34439410711626
Scotland 2007,A,East Lothian,0.8307651283822193,35540.0,2.0,indep,equal sd,0.0,position logit,1,1.3156852722167969,1.01016,422.242,1,117.963,3.579444402058273,320.90601637280673
Scotland 2007,A,East Lothian,0.8307651283822193,35540.0,2.0,indep,equal sd,0.0,odds-ratio logit,1,0.45462989807128906,1.00766,396.608,0,28.68,13.828730822873082,872.2158975212418
Scotland 2007,A,East Lothian,0.8307651283822193,35540.0,2.0,indep,equal sd,0.0,adjusted row,1,0.6202728748321533,1.00254,492.015,0,20.184,24.376486325802613,793.0801909700805
Scotland 2007,A,East Lothian,0.8307651283822193,35540.0,2.0,indep,equal sd,0.0,adjusted table,1,2.0245232582092285,1.0034,325.078,0,23.976,13.558475141808474,160.5611101194261
Scotland 2007,A,East Lothian,0.8307651283822193,35540.0,2.0,raked,equal sd,0.0,ILR + log volume,1,5.1768317222595215,1.00905,405.456,0,999.96,0.40547221888875556,78.31996469967208
Scotland 2007,A,East Lothian,0.8307651283822193,35540.0,2.0,raked,equal sd,0.0,log cells,1,1.864650011062622,1.01903,75.1162,2,375.76,0.1999047264211199,40.28194251327932
Scotland 2007,A,East Lothian,0.8307651283822193,35540.0,2.0,raked,equal sd,0.0,position logit,1,1.4728221893310547,1.01121,228.777,2,124.876,1.832033377110093,155.31756216569164
Scotland 2007,A,East Lothian,0.8307651283822193,35540.0,2.0,raked,equal sd,0.0,odds-ratio logit,1,0.5827958583831787,1.01511,200.015,0,30.824,6.488937191798597,343.1483986151742
Scotland 2007,A,East Lothian,0.8307651283822193,35540.0,2.0,raked,equal sd,0.0,adjusted row,1,0.6140294075012207,1.02089,161.833,0,18.512,8.742059204840103,263.48946791475197
Scotland 2007,A,East Lothian,0.8307651283822193,35540.0,2.0,raked,equal sd,0.0,adjusted table,1,1.8224129676818848,1.00941,248.868,0,26.048,9.554207616707616,136.5529978153154
Scotland 2007,A,East Lothian,0.8307651283822193,35540.0,2.0,national,equal sd,0.8660261050894955,ILR + log volume,1,4.877096891403198,1.00342,350.186,0,957.976,0.36554777990262804,71.80101806759535
Scotland 2007,A,East Lothian,0.8307651283822193,35540.0,2.0,national,equal sd,0.8660261050894955,log cells,1,1.842094898223877,1.01397,131.131,7,362.306,0.36193438695467367,71.17863321066524
Scotland 2007,A,East Lothian,0.8307651283822193,35540.0,2.0,national,equal sd,0.8660261050894955,position logit,1,1.7801213264465332,1.02066,247.63,0,159.156,1.555894845309005,139.10091322132695
Scotland 2007,A,East Lothian,0.8307651283822193,35540.0,2.0,national,equal sd,0.8660261050894955,odds-ratio logit,1,0.6790547370910645,1.02589,113.59,0,41.336,2.7479678730404493,167.2498704143553
Scotland 2007,A,East Lothian,0.8307651283822193,35540.0,2.0,national,equal sd,0.8660261050894955,adjusted row,1,0.6265459060668945,1.00971,235.55,0,17.832,13.20939883355765,375.8710109314253
Scotland 2007,A,East Lothian,0.8307651283822193,35540.0,2.0,national,equal sd,0.8660261050894955,adjusted table,1,1.9694058895111084,1.00214,370.828,0,24.824,14.938285530132129,188.28461604069574
Scotland 2007,A,East Lothian,0.8307651283822193,35540.0,2.0,national,interactions only,0.034641044203579816,ILR + log volume,1,5.1812827587127686,1.01006,228.643,0,1012.248,0.22587646505599418,44.1272869547492
Scotland 2007,A,East Lothian,0.8307651283822193,35540.0,2.0,national,interactions only,0.034641044203579816,log cells,1,3.1920859813690186,1.03325,46.7881,1,683.255,0.06847824018850941,14.657165595325027
Scotland 2007,A,East Lothian,0.8307651283822193,35540.0,2.0,national,interactions only,0.034641044203579816,position logit,1,4.417271852493286,1.02088,293.221,1,309.133,0.9485270094101892,66.37939671563244
Scotland 2007,A,East Lothian,0.8307651283822193,35540.0,2.0,national,interactions only,0.034641044203579816,odds-ratio logit,1,1.4036974906921387,1.00905,196.243,0,92.792,2.1148698163634796,139.7886448855719
Scotland 2007,A,East Lothian,0.8307651283822193,35540.0,2.0,national,interactions only,0.034641044203579816,adjusted row,1,0.8930294513702393,1.01326,346.453,0,22.448,15.433579828937988,387.91562176224033
Scotland 2007,A,East Lothian,0.8307651283822193,35540.0,2.0,national,interactions only,0.034641044203579816,adjusted table,1,1.6684324741363525,1.00308,289.198,0,14.736,19.625271444082518,173.32457814167358
Scotland 2007,A,Aberdeen North,1.2941015370518785,26064.0,0.5,indep,equal sd,2.5618982671915017e-15,ILR + log volume,1,1.1103007793426514,1.00335,824.955,0,124.12,6.646430873348373,742.9308567025116
Scotland 2007,A,Aberdeen North,1.2941015370518785,26064.0,0.5,indep,equal sd,2.5618982671915017e-15,log cells,1,0.7195169925689697,1.00564,512.479,0,118.296,4.332175221478326,712.1298434985423
Scotland 2007,A,Aberdeen North,1.2941015370518785,26064.0,0.5,indep,equal sd,2.5618982671915017e-15,position logit,1,0.31960010528564453,1.00317,836.464,0,12.632,66.21785940468652,2616.291642099486
Scotland 2007,A,Aberdeen North,1.2941015370518785,26064.0,0.5,indep,equal sd,2.5618982671915017e-15,odds-ratio logit,1,0.3067281246185303,1.00173,683.618,0,13.32,51.322672672672674,2228.1016751914126
Scotland 2007,A,Aberdeen North,1.2941015370518785,26064.0,0.5,indep,equal sd,2.5618982671915017e-15,adjusted row,1,0.4699573516845703,1.00338,547.109,0,11.176,48.95391911238368,1163.746390907657
Scotland 2007,A,Aberdeen North,1.2941015370518785,26064.0,0.5,indep,equal sd,2.5618982671915017e-15,adjusted table,1,1.054570198059082,1.0054,331.421,0,14.792,22.40542184964846,314.2289620021963
Scotland 2007,A,Aberdeen North,1.2941015370518785,26064.0,0.5,raked,equal sd,0.0,ILR + log volume,1,1.7396275997161865,1.00276,835.056,0,241.816,3.4532702550699708,479.9882035277463
Scotland 2007,A,Aberdeen North,1.2941015370518785,26064.0,0.5,raked,equal sd,0.0,log cells,1,0.38837409019470215,1.0033,531.457,0,49.096,10.824853348541634,1368.012070981485
Scotland 2007,A,Aberdeen North,1.2941015370518785,26064.0,0.5,raked,equal sd,0.0,position logit,1,0.2578418254852295,1.00036,888.374,0,14.592,60.88089364035088,3443.1078177258423
Scotland 2007,A,Aberdeen North,1.2941015370518785,26064.0,0.5,raked,equal sd,0.0,odds-ratio logit,1,0.22957491874694824,1.00134,729.253,0,10.344,70.50009667440062,3175.31590073468
Scotland 2007,A,Aberdeen North,1.2941015370518785,26064.0,0.5,raked,equal sd,0.0,adjusted row,1,0.33994626998901367,1.00927,404.148,0,10.352,39.04057187017002,1188.5692059529445
Scotland 2007,A,Aberdeen North,1.2941015370518785,26064.0,0.5,raked,equal sd,0.0,adjusted table,1,1.2790920734405518,1.00275,301.229,0,15.72,19.16215012722646,235.47560363186554
Scotland 2007,A,Aberdeen North,1.2941015370518785,26064.0,0.5,national,equal sd,3.7839605237699288,ILR + log volume,1,1.6361823081970215,1.00199,747.423,0,241.432,3.0957909473474934,456.7694507336329
Scotland 2007,A,Aberdeen North,1.2941015370518785,26064.0,0.5,national,equal sd,3.7839605237699288,log cells,1,0.514655590057373,1.0023,477.534,0,57.496,8.305516905523863,927.699100025845
Scotland 2007,A,Aberdeen North,1.2941015370518785,26064.0,0.5,national,equal sd,3.7839605237699288,position logit,1,0.28104519844055176,1.00412,799.466,0,12.712,62.89065449968534,2843.3315427542266
Scotland 2007,A,Aberdeen North,1.2941015370518785,26064.0,0.5,national,equal sd,3.7839605237699288,odds-ratio logit,1,0.22616124153137207,1.00653,584.087,0,8.312,70.27033205004813,2581.2308335691714
Scotland 2007,A,Aberdeen North,1.2941015370518785,26064.0,0.5,national,equal sd,3.7839605237699288,adjusted row,1,0.5403413772583008,1.00344,569.25,0,15.152,37.56929778247096,1053.2181155060248
Scotland 2007,A,Aberdeen North,1.2941015370518785,26064.0,0.5,national,equal sd,3.7839605237699288,adjusted table,1,1.2655718326568604,1.00535,330.115,0,16.328,20.217724154826065,260.81632469705073
Scotland 2007,A,Aberdeen North,1.2941015370518785,26064.0,0.5,national,interactions only,0.03783960523769929,ILR + log volume,1,1.7402329444885254,1.00329,505.901,0,256.728,1.9705719672182231,290.6867986659028
Scotland 2007,A,Aberdeen North,1.2941015370518785,26064.0,0.5,national,interactions only,0.03783960523769929,log cells,1,0.5423951148986816,1.00709,537.13,0,60.6,8.863531353135313,990.1126612123492
Scotland 2007,A,Aberdeen North,1.2941015370518785,26064.0,0.5,national,interactions only,0.03783960523769929,position logit,1,0.2726724147796631,1.00365,863.401,0,14.04,61.49579772079772,3165.330737841674
Scotland 2007,A,Aberdeen North,1.2941015370518785,26064.0,0.5,national,interactions only,0.03783960523769929,odds-ratio logit,1,0.23954558372497559,1.00514,569.263,0,12.696,44.8379804662886,2375.1497888642634
Scotland 2007,A,Aberdeen North,1.2941015370518785,26064.0,0.5,national,interactions only,0.03783960523769929,adjusted row,1,0.41758275032043457,1.00509,458.124,0,13.4,34.18835820895522,1096.7855927778678
Scotland 2007,A,Aberdeen North,1.2941015370518785,26064.0,0.5,national,interactions only,0.03783960523769929,adjusted table,1,1.196488380432129,1.00384,349.544,0,14.2,24.615774647887324,292.117709404911
Scotland 2007,A,Aberdeen North,1.2941015370518785,26064.0,2.0,indep,equal sd,6.404745667978754e-16,ILR + log volume,1,4.09775185585022,1.0067,296.777,0,714.008,0.4156494044884651,72.42202046164338
Scotland 2007,A,Aberdeen North,1.2941015370518785,26064.0,2.0,indep,equal sd,6.404745667978754e-16,log cells,1,2.5825133323669434,1.00925,193.113,0,586.776,0.3291085524970347,74.77268192827985
Scotland 2007,A,Aberdeen North,1.2941015370518785,26064.0,2.0,indep,equal sd,6.404745667978754e-16,position logit,1,0.8771224021911621,1.00764,576.45,1,58.392,9.872071516646116,657.114606858836
Scotland 2007,A,Aberdeen North,1.2941015370518785,26064.0,2.0,indep,equal sd,6.404745667978754e-16,odds-ratio logit,1,0.3738832473754883,1.01371,248.434,0,17.032,14.586308125880695,664.2284520570212
Scotland 2007,A,Aberdeen North,1.2941015370518785,26064.0,2.0,indep,equal sd,6.404745667978754e-16,adjusted row,1,0.6394534111022949,1.00616,371.261,0,20.224,18.357446598101266,580.4719120290553
Scotland 2007,A,Aberdeen North,1.2941015370518785,26064.0,2.0,indep,equal sd,6.404745667978754e-16,adjusted table,1,1.8665275573730469,1.00535,353.346,0,25.256,13.990576496674057,189.28946499907465
Scotland 2007,A,Aberdeen North,1.2941015370518785,26064.0,2.0,raked,equal sd,0.0,ILR + log volume,1,4.78380274772644,1.00951,418.381,0,827.672,0.5054913057346387,87.45528298291174
Scotland 2007,A,Aberdeen North,1.2941015370518785,26064.0,2.0,raked,equal sd,0.0,log cells,1,2.7935500144958496,1.06963,36.9551,17,462.107,0.0799708725468344,13.228181333082086
Scotland 2007,A,Aberdeen North,1.2941015370518785,26064.0,2.0,raked,equal sd,0.0,position logit,1,1.5555438995361328,1.00688,360.133,0,104.984,3.430360816886383,231.49604304319047
Scotland 2007,A,Aberdeen North,1.2941015370518785,26064.0,2.0,raked,equal sd,0.0,odds-ratio logit,1,0.7425336837768555,1.03122,271.327,0,33.488,8.102215719063546,365.3465783975034
Scotland 2007,A,Aberdeen North,1.2941015370518785,26064.0,2.0,raked,equal sd,0.0,adjusted row,1,0.7205398082733154,1.00785,233.088,0,19.592,11.897100857492855,323.44948940513456
Scotland 2007,A,Aberdeen North,1.2941015370518785,26064.0,2.0,raked,equal sd,0.0,adjusted table,1,1.9891762733459473,1.01677,352.993,0,27.792,12.701244962579159,177.44570649379443
Scotland 2007,A,Aberdeen North,1.2941015370518785,26064.0,2.0,national,equal sd,0.9459901309424822,ILR + log volume,1,4.536546945571899,1.00366,435.034,0,844.056,0.5154089302131611,95.89343805678007
Scotland 2007,A,Aberdeen North,1.2941015370518785,26064.0,2.0,national,equal sd,0.9459901309424822,log cells,1,1.6081790924072266,1.04655,55.7313,0,298.904,0.1864521719348018,34.65280259867095
Scotland 2007,A,Aberdeen North,1.2941015370518785,26064.0,2.0,national,equal sd,0.9459901309424822,position logit,1,1.4893548488616943,1.00793,408.526,0,123.672,3.3033022834594736,274.27845464842375
Scotland 2007,A,Aberdeen North,1.2941015370518785,26064.0,2.0,national,equal sd,0.9459901309424822,odds-ratio logit,1,0.673271894454956,1.01053,201.485,0,27.288,7.3836484901788335,299.1908332805232
Scotland 2007,A,Aberdeen North,1.2941015370518785,26064.0,2.0,national,equal sd,0.9459901309424822,adjusted row,1,0.7868061065673828,1.00578,202.111,0,19.176,10.539789319983313,256.84176431571376
Scotland 2007,A,Aberdeen North,1.2941015370518785,26064.0,2.0,national,equal sd,0.9459901309424822,adjusted table,1,2.2398924827575684,1.00265,301.95,0,26.92,11.216567607726596,134.7965383984963
Scotland 2007,A,Aberdeen North,1.2941015370518785,26064.0,2.0,national,interactions only,0.03783960523769929,ILR + log volume,1,5.203643798828125,1.01574,327.696,0,986.136,0.3323030494779625,62.97308705982051
Scotland 2007,A,Aberdeen North,1.2941015370518785,26064.0,2.0,national,interactions only,0.03783960523769929,log cells,1,2.069209098815918,1.04306,59.9491,5,422.096,0.1420271691747849,28.969654206793845
Scotland 2007,A,Aberdeen North,1.2941015370518785,26064.0,2.0,national,interactions only,0.03783960523769929,position logit,1,3.3737874031066895,1.01481,232.414,0,194.584,1.1944147514698022,68.88536386968683
Scotland 2007,A,Aberdeen North,1.2941015370518785,26064.0,2.0,national,interactions only,0.03783960523769929,odds-ratio logit,1,1.3987159729003906,1.011,282.89,0,96.152,2.94211248855978,202.2331317342418
Scotland 2007,A,Aberdeen North,1.2941015370518785,26064.0,2.0,national,interactions only,0.03783960523769929,adjusted row,1,0.7622113227844238,1.00546,374.743,0,23.016,16.281847410497047,491.5630310149062
Scotland 2007,A,Aberdeen North,1.2941015370518785,26064.0,2.0,national,interactions only,0.03783960523769929,adjusted table,1,1.7424876689910889,1.00637,254.606,0,15.464,16.46443352302121,146.10870876096794
Scotland 2007,A,Argyll and Bute,1.494623524812459,29692.0,0.5,indep,equal sd,0.0,ILR + log volume,1,0.8604748249053955,1.00571,537.235,0,95.928,5.6003982153281635,624.2655027517167
Scotland 2007,A,Argyll and Bute,1.494623524812459,29692.0,0.5,indep,equal sd,0.0,log cells,1,0.7108333110809326,1.00315,862.016,0,121.496,7.095015473760453,1212.4799986264031
Scotland 2007,A,Argyll and Bute,1.494623524812459,29692.0,0.5,indep,equal sd,0.0,position logit,1,0.24423742294311523,1.00169,792.674,0,9.12,86.91600877192982,3244.343604774911
Scotland 2007,A,Argyll and Bute,1.494623524812459,29692.0,0.5,indep,equal sd,0.0,odds-ratio logit,1,0.2163069248199463,1.00136,1088.92,0,7.336,148.4351145038168,5032.013220733748
Scotland 2007,A,Argyll and Bute,1.494623524812459,29692.0,0.5,indep,equal sd,0.0,adjusted row,1,0.39914584159851074,1.00398,478.921,0,9.432,50.77618744698897,1199.5207662065222
Scotland 2007,A,Argyll and Bute,1.494623524812459,29692.0,0.5,indep,equal sd,0.0,adjusted table,1,0.9834423065185547,1.00347,408.86,0,14.064,29.071387940841866,415.7118097689479
Scotland 2007,A,Argyll and Bute,1.494623524812459,29692.0,0.5,raked,equal sd,0.0,ILR + log volume,1,1.562342882156372,1.00766,638.225,0,206.424,3.091815874123164,408.4532800957983
Scotland 2007,A,Argyll and Bute,1.494623524812459,29692.0,0.5,raked,equal sd,0.0,log cells,1,0.5754003524780273,1.00678,367.161,0,61.592,5.96118002337966,637.9942799289582
Scotland 2007,A,Argyll and Bute,1.494623524812459,29692.0,0.5,raked,equal sd,0.0,position logit,1,0.2747793197631836,1.00179,664.543,0,10.976,60.54509839650145,2417.2715244645838
Scotland 2007,A,Argyll and Bute,1.494623524812459,29692.0,0.5,raked,equal sd,0.0,odds-ratio logit,1,0.24634742736816406,1.00397,771.279,0,8.08,95.45532178217822,3129.5381939842814
Scotland 2007,A,Argyll and Bute,1.494623524812459,29692.0,0.5,raked,equal sd,0.0,adjusted row,1,0.47385430335998535,1.00516,470.29,0,10.088,46.618754956383825,992.2558938878253
Scotland 2007,A,Argyll and Bute,1.494623524812459,29692.0,0.5,raked,equal sd,0.0,adjusted table,1,1.5030670166015625,1.00182,305.399,0,16.944,18.024020302171863,203.1706101537702
Scotland 2007,A,Argyll and Bute,1.494623524812459,29692.0,0.5,national,equal sd,6.027070464531985,ILR + log volume,1,1.6229403018951416,1.00659,526.882,0,204.056,2.5820461049907864,324.62839881389397
Scotland 2007,A,Argyll and Bute,1.494623524812459,29692.0,0.5,national,equal sd,6.027070464531985,log cells,1,0.47332262992858887,1.00511,275.965,0,57.992,4.758673610153124,582.945336391391
Scotland 2007,A,Argyll and Bute,1.494623524812459,29692.0,0.5,national,equal sd,6.027070464531985,position logit,1,0.27298426628112793,1.00602,540.164,0,8.784,61.49408014571949,1977.738362958805
Scotland 2007,A,Argyll and Bute,1.494623524812459,29692.0,0.5,national,equal sd,6.027070464531985,odds-ratio logit,1,0.26587510108947754,1.00658,496.437,0,8.472,58.59737960339944,1866.5602554189393
Scotland 2007,A,Argyll and Bute,1.494623524812459,29692.0,0.5,national,equal sd,6.027070464531985,adjusted row,1,0.46087217330932617,1.00459,329.181,0,9.332,35.2744320617231,714.1151280678134
Scotland 2007,A,Argyll and Bute,1.494623524812459,29692.0,0.5,national,equal sd,6.027070464531985,adjusted table,1,1.4359395503997803,1.00648,342.065,0,15.408,22.200480269989615,238.18992008563865
Scotland 2007,A,Argyll and Bute,1.494623524812459,29692.0,0.5,national,interactions only,0.06027070464531985,ILR + log volume,1,2.1734869480133057,1.00527,528.71,0,246.04,2.148878231181922,243.24320562309964
Scotland 2007,A,Argyll and Bute,1.494623524812459,29692.0,0.5,national,interactions only,0.06027070464531985,log cells,1,0.6983158588409424,1.00687,302.108,0,77.144,3.916156797677071,432.55828951263607
Scotland 2007,A,Argyll and Bute,1.494623524812459,29692.0,0.5,national,interactions only,0.06027070464531985,position logit,1,0.3061685562133789,1.00319,673.734,0,8.416,80.05394486692015,2199.0568370881215
Scotland 2007,A,Argyll and Bute,1.494623524812459,29692.0,0.5,national,interactions only,0.06027070464531985,odds-ratio logit,1,0.25667738914489746,1.00462,634.08,0,9.904,64.02261712439419,2468.6163068463447
Scotland 2007,A,Argyll and Bute,1.494623524812459,29692.0,0.5,national,interactions only,0.06027070464531985,adjusted row,1,0.4219374656677246,1.00986,576.593,0,11.136,51.77738864942529,1366.0912270623635
Scotland 2007,A,Argyll and Bute,1.494623524812459,29692.0,0.5,national,interactions only,0.06027070464531985,adjusted table,1,1.4011552333831787,1.00915,423.545,0,14.104,30.030133295519004,302.26187908820344
Scotland 2007,A,Argyll and Bute,1.494623524812459,29692.0,2.0,indep,equal sd,0.0,ILR + log volume,1,3.707007646560669,1.01683,281.285,0,603.928,0.4657591633439748,75.8768939652071
Scotland 2007,A,Argyll and Bute,1.494623524812459,29692.0,2.0,indep,equal sd,0.0,log cells,1,3.0624427795410156,1.01071,311.193,0,704.792,0.44153878023587095,101.61136705281285
Scotland 2007,A,Argyll and Bute,1.494623524812459,29692.0,2.0,indep,equal sd,0.0,position logit,1,1.058152675628662,1.01122,330.798,1,61.391,5.388379404147188,312.5714283829641
Scotland 2007,A,Argyll and Bute,1.494623524812459,29692.0,2.0,indep,equal sd,0.0,odds-ratio logit,1,0.4858090877532959,1.03032,89.0273,0,22.744,3.9143202602884277,183.2201244140534
Scotland 2007,A,Argyll and Bute,1.494623524812459,29692.0,2.0,indep,equal sd,0.0,adjusted row,1,0.6138741970062256,1.00528,477.021,0,18.624,25.613240979381445,776.9577472186895
Scotland 2007,A,Argyll and Bute,1.494623524812459,29692.0,2.0,indep,equal sd,0.0,adjusted table,1,1.7311201095581055,1.00301,339.501,0,22.84,14.864316987740805,196.10343766611123
Scotland 2007,A,Argyll and Bute,1.494623524812459,29692.0,2.0,raked,equal sd,0.0,ILR + log volume,1,4.3069071769714355,1.01194,281.026,0,841.752,0.3338584286108023,65.2482471698977
Scotland 2007,A,Argyll and Bute,1.494623524812459,29692.0,2.0,raked,equal sd,0.0,log cells,1,2.471447229385376,1.04749,31.7859,0,507.928,0.06257953883227545,12.86034654842429
Scotland 2007,A,Argyll and Bute,1.494623524812459,29692.0,2.0,raked,equal sd,0.0,position logit,1,1.4830803871154785,1.00621,336.06,0,119.128,2.820999261298771,226.58301279649308
Scotland 2007,A,Argyll and Bute,1.494623524812459,29692.0,2.0,raked,equal sd,0.0,odds-ratio logit,1,0.47800469398498535,1.01592,204.554,1,29.7,6.887340067340068,427.86090429101824
Scotland 2007,A,Argyll and Bute,1.494623524812459,29692.0,2.0,raked,equal sd,0.0,adjusted row,1,0.7148256301879883,1.00924,175.4,0,20.592,8.517871017871018,245.34269383725993
Scotland 2007,A,Argyll and Bute,1.494623524812459,29692.0,2.0,raked,equal sd,0.0,adjusted table,1,2.0982909202575684,1.00554,378.91,0,27.624,13.716695626991024,180.56882906628005
Scotland 2007,A,Argyll and Bute,1.494623524812459,29692.0,2.0,national,equal sd,1.5067676161329961,ILR + log volume,1,4.971887111663818,1.01785,185.862,0,813.528,0.2284641708705785,37.381326326755776
Scotland 2007,A,Argyll and Bute,1.494623524812459,29692.0,2.0,national,equal sd,1.5067676161329961,log cells,1,3.017181158065796,1.05842,50.5198,53,414.39,0.12191365621757282,16.743371189334578
Scotland 2007,A,Argyll and Bute,1.494623524812459,29692.0,2.0,national,equal sd,1.5067676161329961,position logit,1,1.946948766708374,1.00926,230.673,2,112.704,2.0467152896081773,118.47153115521637
Scotland 2007,A,Argyll and Bute,1.494623524812459,29692.0,2.0,national,equal sd,1.5067676161329961,odds-ratio logit,1,0.9271883964538574,1.02111,162.527,0,48.12,3.377535328345802,175.26406327617843
Scotland 2007,A,Argyll and Bute,1.494623524812459,29692.0,2.0,national,equal sd,1.5067676161329961,adjusted row,1,0.8708088397979736,1.00905,262.298,0,24.896,10.535748714652955,301.17703678542296
Scotland 2007,A,Argyll and Bute,1.494623524812459,29692.0,2.0,national,equal sd,1.5067676161329961,adjusted table,1,1.9936602115631104,1.00954,283.613,0,21.928,12.933828894564027,142.24844208354727
Scotland 2007,A,Argyll and Bute,1.494623524812459,29692.0,2.0,national,interactions only,0.06027070464531985,ILR + log volume,1,5.081500053405762,1.01323,271.788,0,983.576,0.2763263845396797,53.48411243246875
Scotland 2007,A,Argyll and Bute,1.494623524812459,29692.0,2.0,national,interactions only,0.06027070464531985,log cells,1,2.898150682449341,1.04255,34.5817,6,619.942,0.055782153814389085,11.931958367658329
Scotland 2007,A,Argyll and Bute,1.494623524812459,29692.0,2.0,national,interactions only,0.06027070464531985,position logit,1,4.79453182220459,1.00629,382.929,0,461.976,0.8288937087640916,79.86636746788926
Scotland 2007,A,Argyll and Bute,1.494623524812459,29692.0,2.0,national,interactions only,0.06027070464531985,odds-ratio logit,1,0.886817216873169,1.00754,126.44,1,48.786,2.591727134833764,142.55962641282008
Scotland 2007,A,Argyll and Bute,1.494623524812459,29692.0,2.0,national,interactions only,0.06027070464531985,adjusted row,1,0.7847509384155273,1.01151,262.017,0,20.056,13.064270043877142,333.8457922376177
Scotland 2007,A,Argyll and Bute,1.494623524812459,29692.0,2.0,national,interactions only,0.06027070464531985,adjusted table,1,1.6307640075683594,1.00825,290.995,0,17.376,16.746949815837937,178.4298149406207
Scotland 2007,A,Tweeddale Ettrick and Lauderdale,1.8075139753584968,31141.0,0.5,indep,equal sd,1.6663704229186142e-15,ILR + log volume,1,0.986339807510376,1.00307,626.731,0,97.784,6.409340996482042,635.3489428231948
Scotland 2007,A,Tweeddale Ettrick and Lauderdale,1.8075139753584968,31141.0,0.5,indep,equal sd,1.6663704229186142e-15,log cells,1,0.8122806549072266,1.00259,850.08,0,125.784,6.758252241938561,1046.3100288407024
Scotland 2007,A,Tweeddale Ettrick and Lauderdale,1.8075139753584968,31141.0,0.5,indep,equal sd,1.6663704229186142e-15,position logit,1,0.3422513008117676,1.00234,843.266,0,8.496,99.254472693032,2463.1880967832917
Scotland 2007,A,Tweeddale Ettrick and Lauderdale,1.8075139753584968,31141.0,0.5,indep,equal sd,1.6663704229186142e-15,odds-ratio logit,1,0.2948646545410156,1.00153,1130.4,0,9.408,120.15306122448982,3832.241275527442
Scotland 2007,A,Tweeddale Ettrick and Lauderdale,1.8075139753584968,31141.0,0.5,indep,equal sd,1.6663704229186142e-15,adjusted row,1,0.44405221939086914,1.01195,401.861,0,10.088,39.83554718477399,904.8168438393462
Scotland 2007,A,Tweeddale Ettrick and Lauderdale,1.8075139753584968,31141.0,0.5,indep,equal sd,1.6663704229186142e-15,adjusted table,1,1.0764977931976318,1.00731,324.324,0,13.856,23.40675519630485,301.25202285001575
Scotland 2007,A,Tweeddale Ettrick and Lauderdale,1.8075139753584968,31141.0,0.5,raked,equal sd,0.0,ILR + log volume,1,1.5136291980743408,1.00114,826.883,0,239.512,3.452365643475066,546.2478598535548
Scotland 2007,A,Tweeddale Ettrick and Lauderdale,1.8075139753584968,31141.0,0.5,raked,equal sd,0.0,log cells,1,0.4645700454711914,1.00757,389.741,0,61.88,6.29833548804137,838.7501835664317
Scotland 2007,A,Tweeddale Ettrick and Lauderdale,1.8075139753584968,31141.0,0.5,raked,equal sd,0.0,position logit,1,0.24320459365844727,1.00203,696.19,0,8.12,85.73768472906406,2861.192086501105
Scotland 2007,A,Tweeddale Ettrick and Lauderdale,1.8075139753584968,31141.0,0.5,raked,equal sd,0.0,odds-ratio logit,1,0.22641777992248535,1.00434,745.44,0,8.232,90.55393586005832,3290.3910599417823
Scotland 2007,A,Tweeddale Ettrick and Lauderdale,1.8075139753584968,31141.0,0.5,raked,equal sd,0.0,adjusted row,1,0.38694143295288086,1.00249,423.48,0,10.608,39.92081447963801,1094.1790674302865
Scotland 2007,A,Tweeddale Ettrick and Lauderdale,1.8075139753584968,31141.0,0.5,raked,equal sd,0.0,adjusted table,1,1.4196903705596924,1.00319,324.699,0,18.328,17.716008293321696,228.69512235807377
Scotland 2007,A,Tweeddale Ettrick and Lauderdale,1.8075139753584968,31141.0,0.5,national,equal sd,6.719512695604821,ILR + log volume,1,1.6287634372711182,1.00137,516.978,0,223.704,2.3109913099452846,317.3782174631263
Scotland 2007,A,Tweeddale Ettrick and Lauderdale,1.8075139753584968,31141.0,0.5,national,equal sd,6.719512695604821,log cells,1,0.5490860939025879,1.00532,456.345,0,62.008,7.359453618887885,830.893169132729
Scotland 2007,A,Tweeddale Ettrick and Lauderdale,1.8075139753584968,31141.0,0.5,national,equal sd,6.719512695604821,position logit,1,0.22874045372009277,1.003,608.685,0,9.576,63.56359649122806,2659.5210903889883
Scotland 2007,A,Tweeddale Ettrick and Lauderdale,1.8075139753584968,31141.0,0.5,national,equal sd,6.719512695604821,odds-ratio logit,1,0.26491785049438477,1.00862,409.817,0,8.168,50.17348188050931,1546.4257634015846
Scotland 2007,A,Tweeddale Ettrick and Lauderdale,1.8075139753584968,31141.0,0.5,national,equal sd,6.719512695604821,adjusted row,1,0.4737527370452881,1.01031,378.449,0,11.584,32.669975828729285,798.6619054595075
Scotland 2007,A,Tweeddale Ettrick and Lauderdale,1.8075139753584968,31141.0,0.5,national,equal sd,6.719512695604821,adjusted table,1,1.2919187545776367,1.00208,441.648,0,16.208,27.24876604146101,341.8304056818511
Scotland 2007,A,Tweeddale Ettrick and Lauderdale,1.8075139753584968,31141.0,0.5,national,interactions only,0.0671951269560482,ILR + log volume,1,1.9108622074127197,1.00419,477.176,0,261.4,1.8254628921193574,249.7055511303941
Scotland 2007,A,Tweeddale Ettrick and Lauderdale,1.8075139753584968,31141.0,0.5,national,interactions only,0.0671951269560482,log cells,1,0.5540423393249512,1.00974,363.321,0,61.304,5.926546391752577,655.6716990106917
Scotland 2007,A,Tweeddale Ettrick and Lauderdale,1.8075139753584968,31141.0,0.5,national,interactions only,0.0671951269560482,position logit,1,0.22879791259765625,1.00657,474.862,0,9.296,51.08240103270224,2074.6713187273117
Scotland 2007,A,Tweeddale Ettrick and Lauderdale,1.8075139753584968,31141.0,0.5,national,interactions only,0.0671951269560482,odds-ratio logit,1,0.24016189575195312,1.00263,651.57,0,8.52,76.47535211267606,2711.6046952364795
Scotland 2007,A,Tweeddale Ettrick and Lauderdale,1.8075139753584968,31141.0,0.5,national,interactions only,0.0671951269560482,adjusted row,1,0.4218902587890625,1.00412,596.441,0,12.0,49.70341666666667,1413.3906858512053
Scotland 2007,A,Tweeddale Ettrick and Lauderdale,1.8075139753584968,31141.0,0.5,national,interactions only,0.0671951269560482,adjusted table,1,1.214691162109375,1.00154,520.93,0,15.528,33.547784647089124,428.82271476131564
Scotland 2007,A,Tweeddale Ettrick and Lauderdale,1.8075139753584968,31141.0,2.0,indep,equal sd,4.1659260572965355e-16,ILR + log volume,1,3.875978708267212,1.00734,341.654,0,649.24,0.5262368307559608,88.14411455751892
Scotland 2007,A,Tweeddale Ettrick and Lauderdale,1.8075139753584968,31141.0,2.0,indep,equal sd,4.1659260572965355e-16,log cells,1,3.313781499862671,1.01919,285.352,0,766.488,0.37228501946540576,86.10814647894944
Scotland 2007,A,Tweeddale Ettrick and Lauderdale,1.8075139753584968,31141.0,2.0,indep,equal sd,4.1659260572965355e-16,position logit,1,0.8044271469116211,1.01283,443.016,0,33.232,13.331006259027443,550.6560778374227
Scotland 2007,A,Tweeddale Ettrick and Lauderdale,1.8075139753584968,31141.0,2.0,indep,equal sd,4.1659260572965355e-16,odds-ratio logit,1,0.404787540435791,1.01073,367.249,0,19.392,18.938170379537954,907.0531020541799
Scotland 2007,A,Tweeddale Ettrick and Lauderdale,1.8075139753584968,31141.0,2.0,indep,equal sd,4.1659260572965355e-16,adjusted row,1,0.5879838466644287,1.01343,431.724,0,16.328,26.440715335619796,731.6759743741113
Scotland 2007,A,Tweeddale Ettrick and Lauderdale,1.8075139753584968,31141.0,2.0,indep,equal sd,4.1659260572965355e-16,adjusted table,1,1.9470069408416748,1.00566,410.598,0,25.568,16.059058197747184,210.87336571690116
Scotland 2007,A,Tweeddale Ettrick and Lauderdale,1.8075139753584968,31141.0,2.0,raked,equal sd,0.0,ILR + log volume,1,5.273028135299683,1.00796,358.316,0,940.056,0.38116452636864184,67.95117363743401
Scotland 2007,A,Tweeddale Ettrick and Lauderdale,1.8075139753584968,31141.0,2.0,raked,equal sd,0.0,log cells,1,2.239015817642212,1.04332,46.2971,16,319.908,0.14472004451279744,20.676347763992656
Scotland 2007,A,Tweeddale Ettrick and Lauderdale,1.8075139753584968,31141.0,2.0,raked,equal sd,0.0,position logit,1,1.1695678234100342,1.00634,265.809,0,92.024,2.8884747457185083,227.2542665446636
Scotland 2007,A,Tweeddale Ettrick and Lauderdale,1.8075139753584968,31141.0,2.0,raked,equal sd,0.0,odds-ratio logit,1,0.47920870780944824,1.0113,223.903,0,23.942,9.351892072508562,467.1499988618682
Scotland 2007,A,Tweeddale Ettrick and Lauderdale,1.8075139753584968,31141.0,2.0,raked,equal sd,0.0,adjusted row,1,0.5729398727416992,1.00614,213.902,0,18.528,11.544797063903282,373.28750473094897
Scotland 2007,A,Tweeddale Ettrick and Lauderdale,1.8075139753584968,31141.0,2.0,raked,equal sd,0.0,adjusted table,1,2.0978636741638184,1.00931,413.884,0,26.08,15.869785276073621,197.27861204287376
Scotland 2007,A,Tweeddale Ettrick and Lauderdale,1.8075139753584968,31141.0,2.0,national,equal sd,1.6798781739012052,ILR + log volume,1,4.703096151351929,1.00585,298.886,0,778.52,0.38391563479422497,63.54966113491428
Scotland 2007,A,Tweeddale Ettrick and Lauderdale,1.8075139753584968,31141.0,2.0,national,equal sd,1.6798781739012052,log cells,1,2.141903877258301,1.029,59.3781,7,420.114,0.1413380653822534,27.721087938907374
Scotland 2007,A,Tweeddale Ettrick and Lauderdale,1.8075139753584968,31141.0,2.0,national,equal sd,1.6798781739012052,position logit,1,1.7164251804351807,1.00949,365.826,1,119.085,3.071973800226729,213.11678687063701
Scotland 2007,A,Tweeddale Ettrick and Lauderdale,1.8075139753584968,31141.0,2.0,national,equal sd,1.6798781739012052,odds-ratio logit,1,0.5327019691467285,1.01808,245.989,0,32.016,7.683314592703649,461.6948202408638
Scotland 2007,A,Tweeddale Ettrick and Lauderdale,1.8075139753584968,31141.0,2.0,national,equal sd,1.6798781739012052,adjusted row,1,0.6166796684265137,1.01484,160.5,0,20.096,7.986664012738854,260.22705483013175
Scotland 2007,A,Tweeddale Ettrick and Lauderdale,1.8075139753584968,31141.0,2.0,national,equal sd,1.6798781739012052,adjusted table,1,1.8027842044830322,1.00428,301.873,0,23.6,12.791228813559322,167.44022263946638
Scotland 2007,A,Tweeddale Ettrick and Lauderdale,1.8075139753584968,31141.0,2.0,national,interactions only,0.0671951269560482,ILR + log volume,1,5.226006984710693,1.00567,334.091,0,996.888,0.33513393681135695,63.92695702688024
Scotland 2007,A,Tweeddale Ettrick and Lauderdale,1.8075139753584968,31141.0,2.0,national,interactions only,0.0671951269560482,log cells,1,2.5055458545684814,1.07528,41.3101,48,424.701,0.09726866666195746,16.48676861004818
Scotland 2007,A,Tweeddale Ettrick and Lauderdale,1.8075139753584968,31141.0,2.0,national,interactions only,0.0671951269560482,position logit,1,2.771530866622925,1.01239,335.091,1,177.414,1.8887517332341306,120.89954410542329
Scotland 2007,A,Tweeddale Ettrick and Lauderdale,1.8075139753584968,31141.0,2.0,national,interactions only,0.0671951269560482,odds-ratio logit,1,1.0275628566741943,1.01948,194.373,0,52.024,3.7362178994310318,189.13834219340396
Scotland 2007,A,Tweeddale Ettrick and Lauderdale,1.8075139753584968,31141.0,2.0,national,interactions only,0.0671951269560482,adjusted row,1,0.7784218788146973,1.00476,314.41,1,22.739,13.826905316856502,403.8535053118024
Scotland 2007,A,Tweeddale Ettrick and Lauderdale,1.8075139753584968,31141.0,2.0,national,interactions only,0.0671951269560482,adjusted table,1,1.719907522201538,1.00639,353.008,0,17.712,19.93044263775971,205.2376041758817
Scotland 2007,A,West Aberdeenshire and Kincardine,2.388024616466966,35807.0,0.5,indep,equal sd,2.705666128784368e-15,ILR + log volume,1,1.1415455341339111,1.00306,869.178,0,120.536,7.210941129621026,761.3166517307355
Scotland 2007,A,West Aberdeenshire and Kincardine,2.388024616466966,35807.0,0.5,indep,equal sd,2.705666128784368e-15,log cells,1,0.7345921993255615,1.00285,755.638,0,127.96,5.905267271022195,1028.4950852754737
Scotland 2007,A,West Aberdeenshire and Kincardine,2.388024616466966,35807.0,0.5,indep,equal sd,2.705666128784368e-15,position logit,1,0.23066163063049316,1.00285,894.786,0,11.472,77.9973849372385,3877.7077008971514
Scotland 2007,A,West Aberdeenshire and Kincardine,2.388024616466966,35807.0,0.5,indep,equal sd,2.705666128784368e-15,odds-ratio logit,1,0.23273777961730957,1.00245,675.055,0,8.24,81.92415048543688,2899.4297029897634
Scotland 2007,A,West Aberdeenshire and Kincardine,2.388024616466966,35807.0,0.5,indep,equal sd,2.705666128784368e-15,adjusted row,1,0.42803049087524414,1.0025,568.63,0,10.112,56.23318829113924,1328.2507705056805
Scotland 2007,A,West Aberdeenshire and Kincardine,2.388024616466966,35807.0,0.5,indep,equal sd,2.705666128784368e-15,adjusted table,1,1.0193052291870117,1.00598,444.154,0,13.624,32.6008514386377,435.69023470461434
Scotland 2007,A,West Aberdeenshire and Kincardine,2.388024616466966,35807.0,0.5,raked,equal sd,1.945901422236198e-15,ILR + log volume,1,1.7344021797180176,1.00141,879.903,0,242.776,3.6243409562724485,507.2984043249663
Scotland 2007,A,West Aberdeenshire and Kincardine,2.388024616466966,35807.0,0.5,raked,equal sd,1.945901422236198e-15,log cells,1,0.4326019287109375,1.00626,527.862,0,60.248,8.761485858451733,1219.9652626397042
Scotland 2007,A,West Aberdeenshire and Kincardine,2.388024616466966,35807.0,0.5,raked,equal sd,1.945901422236198e-15,position logit,1,0.24038457870483398,1.00222,643.451,0,9.544,67.4194258172674,2675.764017275089
Scotland 2007,A,West Aberdeenshire and Kincardine,2.388024616466966,35807.0,0.5,raked,equal sd,1.945901422236198e-15,odds-ratio logit,1,0.24117445945739746,1.00216,691.798,0,9.92,69.73770161290322,2867.2669945315015
Scotland 2007,A,West Aberdeenshire and Kincardine,2.388024616466966,35807.0,0.5,raked,equal sd,1.945901422236198e-15,adjusted row,1,0.3789186477661133,1.00506,512.272,0,9.508,53.877997475809856,1351.6073342312075
Scotland 2007,A,West Aberdeenshire and Kincardine,2.388024616466966,35807.0,0.5,raked,equal sd,1.945901422236198e-15,adjusted table,1,1.5412077903747559,1.00219,386.744,0,21.712,17.812453942520268,250.9220392111245
Scotland 2007,A,West Aberdeenshire and Kincardine,2.388024616466966,35807.0,0.5,national,equal sd,8.68212382767835,ILR + log volume,1,1.6351377964019775,1.00466,612.22,0,247.832,2.4703024629587786,374.3932555475106
Scotland 2007,A,West Aberdeenshire and Kincardine,2.388024616466966,35807.0,0.5,national,equal sd,8.68212382767835,log cells,1,0.5512349605560303,1.00085,378.786,0,61.112,6.198226207618798,687.0013992805428
Scotland 2007,A,West Aberdeenshire and Kincardine,2.388024616466966,35807.0,0.5,national,equal sd,8.68212382767835,position logit,1,0.28896570205688477,1.00252,648.726,0,10.168,63.800747442958304,2244.0599091672343
Scotland 2007,A,West Aberdeenshire and Kincardine,2.388024616466966,35807.0,0.5,national,equal sd,8.68212382767835,odds-ratio logit,1,0.23586750030517578,1.00217,634.858,0,8.664,73.27539242843952,2690.3609582935505
Scotland 2007,A,West Aberdeenshire and Kincardine,2.388024616466966,35807.0,0.5,national,equal sd,8.68212382767835,adjusted row,1,0.43942785263061523,1.00711,409.147,0,10.748,38.06726832899144,930.851891761944
Scotland 2007,A,West Aberdeenshire and Kincardine,2.388024616466966,35807.0,0.5,national,equal sd,8.68212382767835,adjusted table,1,1.335686206817627,1.00465,396.277,0,15.992,24.779702351175587,296.6603226479972
Scotland 2007,A,West Aberdeenshire and Kincardine,2.388024616466966,35807.0,0.5,national,interactions only,0.08682123827678351,ILR + log volume,1,1.805068016052246,1.0082,408.954,0,274.456,1.490053050397878,226.5475846029613
Scotland 2007,A,West Aberdeenshire and Kincardine,2.388024616466966,35807.0,0.5,national,interactions only,0.08682123827678351,log cells,1,0.5315642356872559,1.00459,308.452,0,76.936,4.009202453987729,580.1492175649042
Scotland 2007,A,West Aberdeenshire and Kincardine,2.388024616466966,35807.0,0.5,national,interactions only,0.08682123827678351,position logit,1,0.2399280071258545,1.00344,701.16,0,11.256,62.292110874200425,2920.565658485235
Scotland 2007,A,West Aberdeenshire and Kincardine,2.388024616466966,35807.0,0.5,national,interactions only,0.08682123827678351,odds-ratio logit,1,0.257082462310791,1.00431,591.201,0,10.512,56.240582191780824,2298.182363325125
Scotland 2007,A,West Aberdeenshire and Kincardine,2.388024616466966,35807.0,0.5,national,interactions only,0.08682123827678351,adjusted row,1,0.44062232971191406,1.00609,439.796,0,12.704,34.61870277078086,997.8573622424333
Scotland 2007,A,West Aberdeenshire and Kincardine,2.388024616466966,35807.0,0.5,national,interactions only,0.08682123827678351,adjusted table,1,1.1104965209960938,1.0043,337.057,0,13.792,24.43858758700696,303.49598922139336
Scotland 2007,A,West Aberdeenshire and Kincardine,2.388024616466966,35807.0,2.0,indep,equal sd,6.76416532196092e-16,ILR + log volume,1,4.257873058319092,1.00759,257.317,0,799.512,0.3218425739701218,60.43194576596746
Scotland 2007,A,West Aberdeenshire and Kincardine,2.388024616466966,35807.0,2.0,indep,equal sd,6.76416532196092e-16,log cells,1,3.4233899116516113,1.0063,229.885,0,820.328,0.2802354667888942,67.14954075771693
Scotland 2007,A,West Aberdeenshire and Kincardine,2.388024616466966,35807.0,2.0,indep,equal sd,6.76416532196092e-16,position logit,1,0.8874917030334473,1.004,450.157,0,55.16,8.160931834662799,507.1770269343609
Scotland 2007,A,West Aberdeenshire and Kincardine,2.388024616466966,35807.0,2.0,indep,equal sd,6.76416532196092e-16,odds-ratio logit,1,0.432572603225708,1.01488,276.622,0,18.856,14.67023759015698,639.2999777326563
Scotland 2007,A,West Aberdeenshire and Kincardine,2.388024616466966,35807.0,2.0,indep,equal sd,6.76416532196092e-16,adjusted row,1,0.930213212966919,1.00419,531.158,0,18.568,28.606096510124946,570.9227309700165
Scotland 2007,A,West Aberdeenshire and Kincardine,2.388024616466966,35807.0,2.0,indep,equal sd,6.76416532196092e-16,adjusted table,1,1.7198708057403564,1.00539,259.212,0,26.896,9.637566924449732,150.70790756533745
Scotland 2007,A,West Aberdeenshire and Kincardine,2.388024616466966,35807.0,2.0,raked,equal sd,4.864753555590495e-16,ILR + log volume,1,4.680113792419434,1.00378,430.282,0,936.728,0.4593457225576688,91.93475192509486
Scotland 2007,A,West Aberdeenshire and Kincardine,2.388024616466966,35807.0,2.0,raked,equal sd,4.864753555590495e-16,log cells,1,1.8666102886199951,1.02052,98.7741,19,321.892,0.30685478359201224,52.91387505958563
Scotland 2007,A,West Aberdeenshire and Kincardine,2.388024616466966,35807.0,2.0,raked,equal sd,4.864753555590495e-16,position logit,1,0.5983662605285645,1.01131,199.123,0,30.96,6.431621447028423,332.72303426219145
Scotland 2007,A,West Aberdeenshire and Kincardine,2.388024616466966,35807.0,2.0,raked,equal sd,4.864753555590495e-16,odds-ratio logit,1,0.5279834270477295,1.00351,342.505,0,22.056,15.528881030105186,648.6006853295625
Scotland 2007,A,West Aberdeenshire and Kincardine,2.388024616466966,35807.0,2.0,raked,equal sd,4.864753555590495e-16,adjusted row,1,0.5793931484222412,1.01394,225.153,0,16.496,13.648945198836081,388.51908428060455
Scotland 2007,A,West Aberdeenshire and Kincardine,2.388024616466966,35807.0,2.0,raked,equal sd,4.864753555590495e-16,adjusted table,1,1.995558261871338,1.00449,287.285,0,26.288,10.92837035909921,143.95608116521024
Scotland 2007,A,West Aberdeenshire and Kincardine,2.388024616466966,35807.0,2.0,national,equal sd,2.1705309569195874,ILR + log volume,1,4.731766223907471,1.003,176.425,0,900.832,0.19584672835778483,37.28452156927318
Scotland 2007,A,West Aberdeenshire and Kincardine,2.388024616466966,35807.0,2.0,national,equal sd,2.1705309569195874,log cells,1,3.26639461517334,1.02665,133.932,6,623.003,0.21497809801878962,41.001815485250695
Scotland 2007,A,West Aberdeenshire and Kincardine,2.388024616466966,35807.0,2.0,national,equal sd,2.1705309569195874,position logit,1,1.2613999843597412,1.01058,212.563,0,89.992,2.3620210685394256,168.49811217006413
Scotland 2007,A,West Aberdeenshire and Kincardine,2.388024616466966,35807.0,2.0,national,equal sd,2.1705309569195874,odds-ratio logit,1,0.6574511528015137,1.01215,187.517,1,34.202,5.482632594585112,285.17254159567597
Scotland 2007,A,West Aberdeenshire and Kincardine,2.388024616466966,35807.0,2.0,national,equal sd,2.1705309569195874,adjusted row,1,0.5545289516448975,1.00707,208.473,0,14.896,13.995233619763695,375.8598114560843
Scotland 2007,A,West Aberdeenshire and Kincardine,2.388024616466966,35807.0,2.0,national,equal sd,2.1705309569195874,adjusted table,1,1.8149676322937012,1.00715,337.212,0,23.128,14.580249048772052,185.7853112237412
Scotland 2007,A,West Aberdeenshire and Kincardine,2.388024616466966,35807.0,2.0,national,interactions only,0.08682123827678351,ILR + log volume,1,6.148604393005371,1.00737,369.573,0,1015.832,0.3638131108293497,60.105547432695694
Scotland 2007,A,West Aberdeenshire and Kincardine,2.388024616466966,35807.0,2.0,national,interactions only,0.08682123827678351,log cells,1,2.4875171184539795,1.05238,59.9872,36,424.908,0.1411769135907067,24.114154197334745
Scotland 2007,A,West Aberdeenshire and Kincardine,2.388024616466966,35807.0,2.0,national,interactions only,0.08682123827678351,position logit,1,2.2427825927734375,1.00848,273.744,5,213.12,1.2844594594594596,122.04477953004655
Scotland 2007,A,West Aberdeenshire and Kincardine,2.388024616466966,35807.0,2.0,national,interactions only,0.08682123827678351,odds-ratio logit,1,0.6604526042938232,1.0197,202.151,2,25.248,8.006614385297846,306.0116682735704
Scotland 2007,A,West Aberdeenshire and Kincardine,2.388024616466966,35807.0,2.0,national,interactions only,0.08682123827678351,adjusted row,1,0.740471601486206,1.10622,17.2723,0,20.696,0.8345718979512949,23.322678454814476
Scotland 2007,A,West Aberdeenshire and Kincardine,2.388024616466966,35807.0,2.0,national,interactions only,0.08682123827678351,adjusted table,1,1.8582491874694824,1.01287,316.155,0,20.376,15.51604829210836,170.12724563250748
Scotland 2007,B,Argyll and Bute,1.494623524812459,296.92,1.0,raked,equal sd,0.0,ILR + log volume,1,0.3796381950378418,1.00618,673.076,0,39.448,17.062360575948084,1772.575549810818
Scotland 2007,B,Argyll and Bute,1.494623524812459,296.92,1.0,raked,equal sd,0.0,log cells,1,0.2053217887878418,1.00448,355.065,0,19.912,17.831709521896343,1728.547161736474
Scotland 2007,B,Argyll and Bute,1.494623524812459,296.92,1.0,raked,equal sd,0.0,position logit,1,0.461867094039917,1.00359,640.857,0,29.48,21.73870420624152,1387.3185321644128
Scotland 2007,B,Argyll and Bute,1.494623524812459,296.92,1.0,raked,equal sd,0.0,odds-ratio logit,1,0.3290884494781494,1.00427,644.251,0,18.472,34.87716543958423,1957.0156219611115
Scotland 2007,B,Argyll and Bute,1.494623524812459,296.92,1.0,raked,equal sd,0.0,adjusted row,1,0.5630180835723877,1.00518,474.348,0,18.216,26.04018445322793,842.3092483126802
Scotland 2007,B,Argyll and Bute,1.494623524812459,296.92,1.0,raked,equal sd,0.0,adjusted table,1,1.8950717449188232,1.00467,543.086,0,26.968,20.13816374962919,286.5604388458618
Scotland 2007,B,Argyll and Bute,1.494623524812459,29692.0,1.0,raked,equal sd,0.0,ILR + log volume,1,2.312612771987915,1.01549,533.872,0,439.576,1.2145158061404624,230.84183837164457
Scotland 2007,B,Argyll and Bute,1.494623524812459,29692.0,1.0,raked,equal sd,0.0,log cells,1,0.8065969944000244,1.02032,114.217,0,137.004,0.8336763890105399,141.58852798781842
Scotland 2007,B,Argyll and Bute,1.494623524812459,29692.0,1.0,raked,equal sd,0.0,position logit,1,0.2603180408477783,1.00247,618.397,0,14.056,43.99523335230507,2374.7307205260445
Scotland 2007,B,Argyll and Bute,1.494623524812459,29692.0,1.0,raked,equal sd,0.0,odds-ratio logit,1,0.25017452239990234,1.00714,516.704,0,11.136,46.39942528735632,2064.622559056483
Scotland 2007,B,Argyll and Bute,1.494623524812459,29692.0,1.0,raked,equal sd,0.0,adjusted row,1,0.4145660400390625,1.00267,371.525,0,14.584,25.47483543609435,895.8766803054614
Scotland 2007,B,Argyll and Bute,1.494623524812459,29692.0,1.0,raked,equal sd,0.0,adjusted table,1,1.220139741897583,1.0072,300.768,0,17.264,17.42168674698795,246.48610321950858
Scotland 2007,B,Argyll and Bute,1.494623524812459,2969200.0,1.0,raked,equal sd,0.0,ILR + log volume,1,5.090518236160278,1.12835,14.0461,0,1023.0,0.01373030303030303,2.759217317136489
Scotland 2007,B,Argyll and Bute,1.494623524812459,2969200.0,1.0,raked,equal sd,0.0,log cells,1,3.8052895069122314,1.01894,132.259,9,1014.801,0.13032998587900482,34.755768192985215
Scotland 2007,B,Argyll and Bute,1.494623524812459,2969200.0,1.0,raked,equal sd,0.0,position logit,1,0.31006479263305664,1.00515,647.228,1,14.698,44.03510681725405,2086.7316893521506
Scotland 2007,B,Argyll and Bute,1.494623524812459,2969200.0,1.0,raked,equal sd,0.0,odds-ratio logit,1,0.25556159019470215,1.00267,391.87,0,13.264,29.543878166465625,1532.6246345705006
Scotland 2007,B,Argyll and Bute,1.494623524812459,2969200.0,1.0,raked,equal sd,0.0,adjusted row,1,0.39580726623535156,1.0112,388.846,0,11.264,34.52112926136364,982.1752440228673
Scotland 2007,B,Argyll and Bute,1.494623524812459,2969200.0,1.0,raked,equal sd,0.0,adjusted table,1,1.5546174049377441,1.0071,272.482,0,18.616,14.636978942844866,175.256902339872
Scotland 2007,A,East Lothian,0.8307651283822193,35540.0,0.5,indep,equal sd,0.0,ILR + log volume,2,1.070664405822754,1.00313,759.623,0,107.256,7.082335720146193,709.4325117104279
Scotland 2007,A,East Lothian,0.8307651283822193,35540.0,0.5,indep,equal sd,0.0,log cells,2,0.7133262157440186,1.00221,534.418,0,126.312,4.230936094749509,749.0939419021574
Scotland 2007,A,East Lothian,0.8307651283822193,35540.0,0.5,indep,equal sd,0.0,position logit,2,0.3116905689239502,1.00295,656.507,0,11.504,57.06771557719054,2105.664374200317
Scotland 2007,A,East Lothian,0.8307651283822193,35540.0,0.5,indep,equal sd,0.0,odds-ratio logit,2,0.22993993759155273,1.00168,695.897,0,8.608,80.84305297397769,3025.265695788493
Scotland 2007,A,East Lothian,0.8307651283822193,35540.0,0.5,indep,equal sd,0.0,adjusted row,2,0.39383888244628906,1.00534,476.199,0,10.16,46.86998031496063,1208.5448320509624
Scotland 2007,A,East Lothian,0.8307651283822193,35540.0,0.5,indep,equal sd,0.0,adjusted table,2,0.9642002582550049,1.00271,278.259,0,14.056,19.79645702902675,288.56384925981365
Scotland 2007,A,East Lothian,0.8307651283822193,35540.0,0.5,raked,equal sd,0.0,ILR + log volume,2,1.6388447284698486,1.00413,927.655,0,252.568,3.672892052833296,566.0076949883842
Scotland 2007,A,East Lothian,0.8307651283822193,35540.0,0.5,raked,equal sd,0.0,log cells,2,0.5146160125732422,1.00672,516.734,0,61.848,8.354902341223646,1003.8575454854098
Scotland 2007,A,East Lothian,0.8307651283822193,35540.0,0.5,raked,equal sd,0.0,position logit,2,0.2733118534088135,1.00296,716.725,0,10.632,67.41205793829948,2620.909766066372
Scotland 2007,A,East Lothian,0.8307651283822193,35540.0,0.5,raked,equal sd,0.0,odds-ratio logit,2,0.2453305721282959,1.00183,908.643,0,10.632,85.46303611738149,3701.666685579417
Scotland 2007,A,East Lothian,0.8307651283822193,35540.0,0.5,raked,equal sd,0.0,adjusted row,2,0.4256150722503662,1.00267,500.259,0,9.872,50.67453403565641,1175.1485569302647
Scotland 2007,A,East Lothian,0.8307651283822193,35540.0,0.5,raked,equal sd,0.0,adjusted table,2,1.2300121784210205,1.00316,305.543,0,16.008,19.086894052973516,248.38529951574625
Scotland 2007,A,East Lothian,0.8307651283822193,35540.0,0.5,national,equal sd,3.464104420357982,ILR + log volume,2,1.6965346336364746,1.00297,790.205,0,246.936,3.200039686396475,465.7513214743124
Scotland 2007,A,East Lothian,0.8307651283822193,35540.0,0.5,national,equal sd,3.464104420357982,log cells,2,0.47931742668151855,1.00525,576.101,0,58.376,9.868798821433467,1201.688853830014
Scotland 2007,A,East Lothian,0.8307651283822193,35540.0,0.5,national,equal sd,3.464104420357982,position logit,2,0.2613210678100586,1.00291,821.95,0,12.736,64.53753140703517,3144.156782288065
Scotland 2007,A,East Lothian,0.8307651283822193,35540.0,0.5,national,equal sd,3.464104420357982,odds-ratio logit,2,0.23999428749084473,1.00414,621.221,0,9.48,65.52964135021097,2587.5544705244447
Scotland 2007,A,East Lothian,0.8307651283822193,35540.0,0.5,national,equal sd,3.464104420357982,adjusted row,2,0.4456605911254883,1.00378,420.022,0,10.856,38.690309506263816,942.2724800952489
Scotland 2007,A,East Lothian,0.8307651283822193,35540.0,0.5,national,equal sd,3.464104420357982,adjusted table,2,1.2992029190063477,1.00309,382.312,0,15.416,24.799688635184225,294.2450352963887
Scotland 2007,A,East Lothian,0.8307651283822193,35540.0,0.5,national,interactions only,0.034641044203579816,ILR + log volume,2,1.8128883838653564,1.00335,538.676,0,271.512,1.9839859748372082,297.11628865020623
Scotland 2007,A,East Lothian,0.8307651283822193,35540.0,0.5,national,interactions only,0.034641044203579816,log cells,2,0.47487378120422363,1.00655,314.789,0,64.696,4.865664028688018,662.7617206816756
Scotland 2007,A,East Lothian,0.8307651283822193,35540.0,0.5,national,interactions only,0.034641044203579816,position logit,2,0.2620987892150879,1.0065,672.388,0,11.8,56.98203389830508,2564.3237601890555
Scotland 2007,A,East Lothian,0.8307651283822193,35540.0,0.5,national,interactions only,0.034641044203579816,odds-ratio logit,2,0.22948575019836426,1.00108,624.513,0,11.664,53.541923868312765,2720.0529327275844
Scotland 2007,A,East Lothian,0.8307651283822193,35540.0,0.5,national,interactions only,0.034641044203579816,adjusted row,2,0.4337906837463379,1.00674,418.571,0,11.52,36.33428819444445,964.7010058416806
Scotland 2007,A,East Lothian,0.8307651283822193,35540.0,0.5,national,interactions only,0.034641044203579816,adjusted table,2,1.1504473686218262,1.00356,301.392,0,13.952,21.602064220183486,261.956913993281
Scotland 2007,A,East Lothian,0.8307651283822193,35540.0,2.0,indep,equal sd,0.0,ILR + log volume,2,4.005207538604736,1.0098,284.154,0,718.616,0.3954184153984882,70.94442172774083
Scotland 2007,A,East Lothian,0.8307651283822193,35540.0,2.0,indep,equal sd,0.0,log cells,2,3.6390867233276367,1.00613,469.587,0,923.928,0.5082506429072395,129.0360485986557
Scotland 2007,A,East Lothian,0.8307651283822193,35540.0,2.0,indep,equal sd,0.0,position logit,2,1.2558386325836182,1.00891,483.92,2,90.519,5.346059943216341,385.3071637933735
Scotland 2007,A,East Lothian,0.8307651283822193,35540.0,2.0,indep,equal sd,0.0,odds-ratio logit,2,0.48069047927856445,1.00672,238.653,0,28.608,8.342177013422818,496.3808383432603
Scotland 2007,A,East Lothian,0.8307651283822193,35540.0,2.0,indep,equal sd,0.0,adjusted row,2,0.5783798694610596,1.00835,470.761,0,19.744,23.84324351701783,813.7077495735742
Scotland 2007,A,East Lothian,0.8307651283822193,35540.0,2.0,indep,equal sd,0.0,adjusted table,2,1.7091302871704102,1.00211,365.074,0,24.808,14.71597871654305,213.58781526761746
Scotland 2007,A,East Lothian,0.8307651283822193,35540.0,2.0,raked,equal sd,0.0,ILR + log volume,2,4.563688039779663,1.00934,169.209,0,979.304,0.17278495748000622,37.076608341126914
Scotland 2007,A,East Lothian,0.8307651283822193,35540.0,2.0,raked,equal sd,0.0,log cells,2,1.6419050693511963,1.09142,12.8719,75,268.742,0.047896867627687516,7.839251951817389
Scotland 2007,A,East Lothian,0.8307651283822193,35540.0,2.0,raked,equal sd,0.0,position logit,2,1.7237234115600586,1.01477,262.293,1,131.975,1.9874445917787462,152.1520661098869
Scotland 2007,A,East Lothian,0.8307651283822193,35540.0,2.0,raked,equal sd,0.0,odds-ratio logit,2,0.6012241840362549,1.01244,115.198,1,31.507,3.656266861332402,191.56098910758647
Scotland 2007,A,East Lothian,0.8307651283822193,35540.0,2.0,raked,equal sd,0.0,adjusted row,2,0.5955305099487305,1.01037,224.749,0,18.896,11.893998729889923,377.3317424924177
Scotland 2007,A,East Lothian,0.8307651283822193,35540.0,2.0,raked,equal sd,0.0,adjusted table,2,1.9379465579986572,1.00993,359.085,0,23.272,15.429915778618081,185.28282530195108
Scotland 2007,A,East Lothian,0.8307651283822193,35540.0,2.0,national,equal sd,0.8660261050894955,ILR + log volume,2,5.117388010025024,1.0036,383.337,0,968.728,0.39571169616239027,74.9062136004398
Scotland 2007,A,East Lothian,0.8307651283822193,35540.0,2.0,national,equal sd,0.8660261050894955,log cells,2,1.7396318912506104,1.03803,86.6872,5,372.452,0.23274730703553748,49.825595800092174
Scotland 2007,A,East Lothian,0.8307651283822193,35540.0,2.0,national,equal sd,0.8660261050894955,position logit,2,1.9527559280395508,1.01185,410.143,2,126.596,3.2397785080097314,210.02298121987258
Scotland 2007,A,East Lothian,0.8307651283822193,35540.0,2.0,national,equal sd,0.8660261050894955,odds-ratio logit,2,0.7146673202514648,1.00733,140.785,0,39.144,3.5965920703045167,196.95275650766672
Scotland 2007,A,East Lothian,0.8307651283822193,35540.0,2.0,national,equal sd,0.8660261050894955,adjusted row,2,0.6672153472900391,1.01482,171.536,0,19.056,9.001679261125105,257.05373703975636
Scotland 2007,A,East Lothian,0.8307651283822193,35540.0,2.0,national,equal sd,0.8660261050894955,adjusted table,2,2.1352617740631104,1.00463,336.949,0,25.504,13.211613864491845,157.79444506366804
Scotland 2007,A,East Lothian,0.8307651283822193,35540.0,2.0,national,interactions only,0.034641044203579816,ILR + log volume,2,5.222153663635254,1.01104,234.055,0,1013.528,0.23093096589339415,44.81850554674178
Scotland 2007,A,East Lothian,0.8307651283822193,35540.0,2.0,national,interactions only,0.034641044203579816,log cells,2,2.7428934574127197,1.01332,110.464,0,536.3,0.2059742681335074,40.27134043532234
Scotland 2007,A,East Lothian,0.8307651283822193,35540.0,2.0,national,interactions only,0.034641044203579816,position logit,2,8.39658260345459,1.02799,223.899,2,622.968,0.359406903725392,26.66519672525085
Scotland 2007,A,East Lothian,0.8307651283822193,35540.0,2.0,national,interactions only,0.034641044203579816,odds-ratio logit,2,1.4727871417999268,1.01796,185.611,1,87.079,2.131524248096556,126.01585818790147
Scotland 2007,A,East Lothian,0.8307651283822193,35540.0,2.0,national,interactions only,0.034641044203579816,adjusted row,2,0.8891937732696533,1.00766,283.387,0,23.032,12.304055227509552,318.64458774385355
Scotland 2007,A,East Lothian,0.8307651283822193,35540.0,2.0,national,interactions only,0.034641044203579816,adjusted table,2,1.6018779277801514,1.01444,303.757,0,14.976,20.282919337606838,189.61503385673396
Scotland 2007,A,Aberdeen North,1.2941015370518785,26064.0,0.5,indep,equal sd,2.5618982671915017e-15,ILR + log volume,2,0.9317581653594971,1.00532,977.282,0,119.2,8.198674496644296,1048.7501152565999
Scotland 2007,A,Aberdeen North,1.2941015370518785,26064.0,0.5,indep,equal sd,2.5618982671915017e-15,log cells,2,0.6238687038421631,1.00128,510.817,0,114.264,4.470498144647483,818.6309673456491
Scotland 2007,A,Aberdeen North,1.2941015370518785,26064.0,0.5,indep,equal sd,2.5618982671915017e-15,position logit,2,0.2501957416534424,1.00088,1033.3,0,12.944,79.82849196538936,4128.353424200829
Scotland 2007,A,Aberdeen North,1.2941015370518785,26064.0,0.5,indep,equal sd,2.5618982671915017e-15,odds-ratio logit,2,0.26337504386901855,1.00085,744.131,0,11.4,65.27464912280702,2824.09071315829
Scotland 2007,A,Aberdeen North,1.2941015370518785,26064.0,0.5,indep,equal sd,2.5618982671915017e-15,adjusted row,2,0.44838690757751465,1.0033,496.542,0,10.376,47.85485736314572,1107.143743962575
Scotland 2007,A,Aberdeen North,1.2941015370518785,26064.0,0.5,indep,equal sd,2.5618982671915017e-15,adjusted table,2,1.117302417755127,1.00406,373.037,0,14.496,25.733788631346577,333.8478253049401
Scotland 2007,A,Aberdeen North,1.2941015370518785,26064.0,0.5,raked,equal sd,0.0,ILR + log volume,2,1.4290330410003662,1.00113,830.224,0,229.464,3.6181013143673955,580.9110179364134
Scotland 2007,A,Aberdeen North,1.2941015370518785,26064.0,0.5,raked,equal sd,0.0,log cells,2,0.4514908790588379,1.00284,526.911,0,58.248,9.045992995467655,1166.7862027999383
Scotland 2007,A,Aberdeen North,1.2941015370518785,26064.0,0.5,raked,equal sd,0.0,position logit,2,0.35662174224853516,1.00154,910.768,0,14.072,64.72200113700967,2553.2059898634716
Scotland 2007,A,Aberdeen North,1.2941015370518785,26064.0,0.5,raked,equal sd,0.0,odds-ratio logit,2,0.2961421012878418,1.00417,798.978,0,11.856,67.39018218623481,2697.0623605653345
Scotland 2007,A,Aberdeen North,1.2941015370518785,26064.0,0.5,raked,equal sd,0.0,adjusted row,2,0.44710564613342285,1.00255,439.33,0,12.568,34.9562380649268,982.3391556936409
Scotland 2007,A,Aberdeen North,1.2941015370518785,26064.0,0.5,raked,equal sd,0.0,adjusted table,2,1.2591416835784912,1.00668,234.496,0,15.768,14.87163876204972,186.21434968021336
Scotland 2007,A,Aberdeen North,1.2941015370518785,26064.0,0.5,national,equal sd,3.7839605237699288,ILR + log volume,2,1.324049949645996,1.00533,645.376,0,218.648,2.951666605685851,487.39324739108343
Scotland 2007,A,Aberdeen North,1.2941015370518785,26064.0,0.5,national,equal sd,3.7839605237699288,log cells,2,0.43025970458984375,1.00371,435.068,0,45.416,9.579619517350714,1010.9691772402116
Scotland 2007,A,Aberdeen North,1.2941015370518785,26064.0,0.5,national,equal sd,3.7839605237699288,position logit,2,0.29598116874694824,1.00402,715.241,0,11.072,64.59907875722544,2415.778732063681
Scotland 2007,A,Aberdeen North,1.2941015370518785,26064.0,0.5,national,equal sd,3.7839605237699288,odds-ratio logit,2,0.2449665069580078,1.00166,567.918,0,9.936,57.15760869565217,2317.1340346983425
Scotland 2007,A,Aberdeen North,1.2941015370518785,26064.0,0.5,national,equal sd,3.7839605237699288,adjusted row,2,0.43927717208862305,1.01055,458.419,0,12.328,37.18518818948735,1043.3124292910136
Scotland 2007,A,Aberdeen North,1.2941015370518785,26064.0,0.5,national,equal sd,3.7839605237699288,adjusted table,2,1.4848058223724365,1.02365,170.112,0,16.792,10.130538351595996,114.56156279446155
Scotland 2007,A,Aberdeen North,1.2941015370518785,26064.0,0.5,national,interactions only,0.03783960523769929,ILR + log volume,2,1.6512837409973145,1.00377,427.553,0,260.952,1.6384354210736074,258.9087233949292
Scotland 2007,A,Aberdeen North,1.2941015370518785,26064.0,0.5,national,interactions only,0.03783960523769929,log cells,2,0.5654480457305908,1.00395,375.106,0,63.72,5.886785938480854,663.2729307979046
Scotland 2007,A,Aberdeen North,1.2941015370518785,26064.0,0.5,national,interactions only,0.03783960523769929,position logit,2,0.2681448459625244,1.001,781.78,0,13.032,59.98925721301412,2914.5679208850124
Scotland 2007,A,Aberdeen North,1.2941015370518785,26064.0,0.5,national,interactions only,0.03783960523769929,odds-ratio logit,2,0.2582063674926758,1.00484,618.707,0,12.656,48.88645701643489,2395.1971779881987
Scotland 2007,A,Aberdeen North,1.2941015370518785,26064.0,0.5,national,interactions only,0.03783960523769929,adjusted row,2,0.5067181587219238,1.00451,517.322,0,11.992,43.138925950633755,1020.7099103284863
Scotland 2007,A,Aberdeen North,1.2941015370518785,26064.0,0.5,national,interactions only,0.03783960523769929,adjusted table,2,1.2231905460357666,1.00621,459.485,0,14.504,31.679881412024272,375.6149381105118
Scotland 2007,A,Aberdeen North,1.2941015370518785,26064.0,2.0,indep,equal sd,6.404745667978754e-16,ILR + log volume,2,4.278366327285767,1.01579,282.909,0,571.16,0.49532355206947265,66.1236128429134
Scotland 2007,A,Aberdeen North,1.2941015370518785,26064.0,2.0,indep,equal sd,6.404745667978754e-16,log cells,2,3.1585500240325928,1.03757,64.3328,0,673.432,0.0955297639553808,20.367188838324882
Scotland 2007,A,Aberdeen North,1.2941015370518785,26064.0,2.0,indep,equal sd,6.404745667978754e-16,position logit,2,0.743281364440918,1.01193,328.736,1,35.778,9.18821622225949,442.1972297765183
Scotland 2007,A,Aberdeen North,1.2941015370518785,26064.0,2.0,indep,equal sd,6.404745667978754e-16,odds-ratio logit,2,0.4388899803161621,1.00387,255.556,0,25.032,10.209172259507831,582.0661941322004
Scotland 2007,A,Aberdeen North,1.2941015370518785,26064.0,2.0,indep,equal sd,6.404745667978754e-16,adjusted row,2,0.6650371551513672,1.01074,368.525,0,20.912,17.622656847742924,554.0446437058804
Scotland 2007,A,Aberdeen North,1.2941015370518785,26064.0,2.0,indep,equal sd,6.404745667978754e-16,adjusted table,2,2.005492925643921,1.00858,367.401,0,28.6,12.84618881118881,183.18729392403262
Scotland 2007,A,Aberdeen North,1.2941015370518785,26064.0,2.0,raked,equal sd,0.0,ILR + log volume,2,4.673858165740967,1.0051,419.011,0,919.576,0.4556567374529131,89.64817538902722
Scotland 2007,A,Aberdeen North,1.2941015370518785,26064.0,2.0,raked,equal sd,0.0,log cells,2,1.4987645149230957,1.01913,56.0905,5,274.334,0.2044606209948457,37.42081873409289
Scotland 2007,A,Aberdeen North,1.2941015370518785,26064.0,2.0,raked,equal sd,0.0,position logit,2,1.605501651763916,1.00902,323.034,0,90.81,3.557251404030393,201.19071847850296
Scotland 2007,A,Aberdeen North,1.2941015370518785,26064.0,2.0,raked,equal sd,0.0,odds-ratio logit,2,0.6472594738006592,1.00671,286.38,1,35.188,8.138569967034215,442.3827715806035
Scotland 2007,A,Aberdeen North,1.2941015370518785,26064.0,2.0,raked,equal sd,0.0,adjusted row,2,0.6662635803222656,1.00513,257.651,0,19.392,13.286458333333334,386.58705735952924
Scotland 2007,A,Aberdeen North,1.2941015370518785,26064.0,2.0,raked,equal sd,0.0,adjusted table,2,1.9566082954406738,1.00322,260.982,0,26.616,9.80545536519387,133.37864182054457
Scotland 2007,A,Aberdeen North,1.2941015370518785,26064.0,2.0,national,equal sd,0.9459901309424822,ILR + log volume,2,5.122751235961914,1.0038,365.752,0,948.248,0.3857134420531338,71.39629265704589
Scotland 2007,A,Aberdeen North,1.2941015370518785,26064.0,2.0,national,equal sd,0.9459901309424822,log cells,2,1.6814203262329102,1.09287,21.5666,10,266.675,0.08087222274303928,12.825365076343049
Scotland 2007,A,Aberdeen North,1.2941015370518785,26064.0,2.0,national,equal sd,0.9459901309424822,position logit,2,2.1752867698669434,1.00744,358.17,3,103.129,3.473028924938669,164.64718700598408
Scotland 2007,A,Aberdeen North,1.2941015370518785,26064.0,2.0,national,equal sd,0.9459901309424822,odds-ratio logit,2,0.5107908248901367,1.01818,196.544,0,25.136,7.819223424570338,384.6801291915171
Scotland 2007,A,Aberdeen North,1.2941015370518785,26064.0,2.0,national,equal sd,0.9459901309424822,adjusted row,2,0.6444666385650635,1.00855,327.651,0,19.512,16.792281672816728,508.3137481696505
Scotland 2007,A,Aberdeen North,1.2941015370518785,26064.0,2.0,national,equal sd,0.9459901309424822,adjusted table,2,1.9901106357574463,1.00258,263.148,0,25.2,10.442380952380953,132.22177353129575
Scotland 2007,A,Aberdeen North,1.2941015370518785,26064.0,2.0,national,interactions only,0.03783960523769929,ILR + log volume,2,5.707983732223511,1.01293,324.41,0,1002.776,0.3235119308798775,56.83309792586789
Scotland 2007,A,Aberdeen North,1.2941015370518785,26064.0,2.0,national,interactions only,0.03783960523769929,log cells,2,2.386443853378296,1.01619,41.2788,21,414.116,0.09967931690637405,17.296506754401378
Scotland 2007,A,Aberdeen North,1.2941015370518785,26064.0,2.0,national,interactions only,0.03783960523769929,position logit,2,3.897427797317505,1.00935,213.134,3,218.643,0.9748036753977946,54.68449634687861
Scotland 2007,A,Aberdeen North,1.2941015370518785,26064.0,2.0,national,interactions only,0.03783960523769929,odds-ratio logit,2,0.9534931182861328,1.01884,185.411,0,61.128,3.0331599267111633,194.43434330669604
Scotland 2007,A,Aberdeen North,1.2941015370518785,26064.0,2.0,national,interactions only,0.03783960523769929,adjusted row,2,0.771350622177124,1.01513,242.506,0,24.144,10.044151756129889,314.35389195853094
Scotland 2007,A,Aberdeen North,1.2941015370518785,26064.0,2.0,national,interactions only,0.03783960523769929,adjusted table,2,1.947812795639038,1.0044,258.616,0,19.168,13.492070116861436,132.76586649119818
Scotland 2007,A,Argyll and Bute,1.494623524812459,29692.0,0.5,indep,equal sd,0.0,ILR + log volume,2,0.8653769493103027,1.00917,554.809,0,91.032,6.094659021003603,641.0042167137701
Scotland 2007,A,Argyll and Bute,1.494623524812459,29692.0,0.5,indep,equal sd,0.0,log cells,2,0.6610507965087891,1.00185,819.309,0,125.032,6.5527944846119395,1239.2091317594418
Scotland 2007,A,Argyll and Bute,1.494623524812459,29692.0,0.5,indep,equal sd,0.0,position logit,2,0.23506426811218262,1.00259,805.029,0,10.2,78.9244117647059,3423.1424391246824
Scotland 2007,A,Argyll and Bute,1.494623524812459,29692.0,0.5,indep,equal sd,0.0,odds-ratio logit,2,0.22344040870666504,1.00241,1000.94,0,7.28,137.49175824175825,4476.9263576723915
Scotland 2007,A,Argyll and Bute,1.494623524812459,29692.0,0.5,indep,equal sd,0.0,adjusted row,2,0.4115605354309082,1.01134,369.532,0,10.456,35.3416220351951,897.6860919677767
Scotland 2007,A,Argyll and Bute,1.494623524812459,29692.0,0.5,indep,equal sd,0.0,adjusted table,2,0.9532632827758789,1.00618,406.218,0,14.48,28.053729281767957,426.0910556163534
Scotland 2007,A,Argyll and Bute,1.494623524812459,29692.0,0.5,raked,equal sd,0.0,ILR + log volume,2,1.4452097415924072,1.00379,729.437,0,204.312,3.5702112455460275,504.67556171151676
Scotland 2007,A,Argyll and Bute,1.494623524812459,29692.0,0.5,raked,equal sd,0.0,log cells,2,0.5544018745422363,1.00367,421.693,0,64.984,6.489181952480611,760.4169941306258
Scotland 2007,A,Argyll and Bute,1.494623524812459,29692.0,0.5,raked,equal sd,0.0,position logit,2,0.23876357078552246,1.00996,815.349,0,9.12,89.40230263157896,3413.571323003581
Scotland 2007,A,Argyll and Bute,1.494623524812459,29692.0,0.5,raked,equal sd,0.0,odds-ratio logit,2,0.22268199920654297,1.00154,829.08,0,8.108,102.25456339417859,3721.487305233756
Scotland 2007,A,Argyll and Bute,1.494623524812459,29692.0,0.5,raked,equal sd,0.0,adjusted row,2,0.3777344226837158,1.0056,438.915,0,10.824,40.55016629711752,1161.5573428094785
Scotland 2007,A,Argyll and Bute,1.494623524812459,29692.0,0.5,raked,equal sd,0.0,adjusted table,2,1.2135865688323975,1.01914,314.711,0,16.048,19.61060568295115,259.2843101872513
Scotland 2007,A,Argyll and Bute,1.494623524812459,29692.0,0.5,national,equal sd,6.027070464531985,ILR + log volume,2,1.4400062561035156,1.00459,585.711,0,224.28,2.611516853932584,406.6829313591254
Scotland 2007,A,Argyll and Bute,1.494623524812459,29692.0,0.5,national,equal sd,6.027070464531985,log cells,2,0.5538551807403564,1.00613,248.445,0,59.192,4.197273280172996,448.5013457702096
Scotland 2007,A,Argyll and Bute,1.494623524812459,29692.0,0.5,national,equal sd,6.027070464531985,position logit,2,0.32778000831604004,1.00449,739.915,0,13.32,55.54917417417417,2256.290600469953
Scotland 2007,A,Argyll and Bute,1.494623524812459,29692.0,0.5,national,equal sd,6.027070464531985,odds-ratio logit,2,0.27528953552246094,1.00802,501.266,0,8.584,58.39538676607643,1820.3496596590235
Scotland 2007,A,Argyll and Bute,1.494623524812459,29692.0,0.5,national,equal sd,6.027070464531985,adjusted row,2,0.4795186519622803,1.00106,496.458,0,13.528,36.69855115316381,1035.13993543076
Scotland 2007,A,Argyll and Bute,1.494623524812459,29692.0,0.5,national,equal sd,6.027070464531985,adjusted table,2,1.3436002731323242,1.00267,445.715,0,15.632,28.512986182190378,331.70906763215163
Scotland 2007,A,Argyll and Bute,1.494623524812459,29692.0,0.5,national,interactions only,0.06027070464531985,ILR + log volume,2,1.89808988571167,1.00693,622.35,0,252.568,2.464088879034557,327.8638916842469
Scotland 2007,A,Argyll and Bute,1.494623524812459,29692.0,0.5,national,interactions only,0.06027070464531985,log cells,2,0.652064323425293,1.00915,316.254,0,68.792,4.597249680195372,484.8420913179021
Scotland 2007,A,Argyll and Bute,1.494623524812459,29692.0,0.5,national,interactions only,0.06027070464531985,position logit,2,0.23181867599487305,1.00862,686.599,0,11.032,62.237037708484415,2960.7488447629753
Scotland 2007,A,Argyll and Bute,1.494623524812459,29692.0,0.5,national,interactions only,0.06027070464531985,odds-ratio logit,2,0.22077059745788574,1.00217,660.236,0,9.824,67.2064332247557,2989.2029517611513
Scotland 2007,A,Argyll and Bute,1.494623524812459,29692.0,0.5,national,interactions only,0.06027070464531985,adjusted row,2,0.3764505386352539,1.00291,471.221,0,11.312,41.65673620933522,1251.4327934580474
Scotland 2007,A,Argyll and Bute,1.494623524812459,29692.0,0.5,national,interactions only,0.06027070464531985,adjusted table,2,1.005558729171753,1.00475,347.854,0,13.896,25.032671272308576,345.9035882363819
Scotland 2007,A,Argyll and Bute,1.494623524812459,29692.0,2.0,indep,equal sd,0.0,ILR + log volume,2,3.941952705383301,1.01013,327.672,0,605.976,0.5407342865063963,83.12264098765732
Scotland 2007,A,Argyll and Bute,1.494623524812459,29692.0,2.0,indep,equal sd,0.0,log cells,2,2.932856321334839,1.00664,353.586,0,758.408,0.4662213478760773,120.55680793805968
Scotland 2007,A,Argyll and Bute,1.494623524812459,29692.0,2.0,indep,equal sd,0.0,position logit,2,1.0504186153411865,1.00917,433.485,0,62.812,6.901308667133669,412.6423647989099
Scotland 2007,A,Argyll and Bute,1.494623524812459,29692.0,2.0,indep,equal sd,0.0,odds-ratio logit,2,0.46536803245544434,1.01058,329.325,0,28.12,11.71141536273115,707.4587546210792
Scotland 2007,A,Argyll and Bute,1.494623524812459,29692.0,2.0,indep,equal sd,0.0,adjusted row,2,0.609891414642334,1.00827,429.926,0,18.928,22.7137573964497,704.8009745922432
Scotland 2007,A,Argyll and Bute,1.494623524812459,29692.0,2.0,indep,equal sd,0.0,adjusted table,2,1.5837388038635254,1.01916,278.466,0,23.152,12.027729785763649,175.8175428805227
Scotland 2007,A,Argyll and Bute,1.494623524812459,29692.0,2.0,raked,equal sd,0.0,ILR + log volume,2,4.408312559127808,1.00983,294.437,0,804.376,0.3660439893781018,66.78879894259214
Scotland 2007,A,Argyll and Bute,1.494623524812459,29692.0,2.0,raked,equal sd,0.0,log cells,2,2.1055219173431396,1.03821,37.4223,23,383.199,0.09765761392905513,17.772671387143728
Scotland 2007,A,Argyll and Bute,1.494623524812459,29692.0,2.0,raked,equal sd,0.0,position logit,2,1.6799402236938477,1.00821,259.551,2,97.467,2.662962848964265,154.48816904531267
Scotland 2007,A,Argyll and Bute,1.494623524812459,29692.0,2.0,raked,equal sd,0.0,odds-ratio logit,2,0.5256750583648682,1.00924,174.743,3,22.026,7.933487696358848,332.3572900786447
Scotland 2007,A,Argyll and Bute,1.494623524812459,29692.0,2.0,raked,equal sd,0.0,adjusted row,2,0.6458864212036133,1.01328,230.982,0,19.04,12.13140756302521,357.57184277314985
Scotland 2007,A,Argyll and Bute,1.494623524812459,29692.0,2.0,raked,equal sd,0.0,adjusted table,2,1.9715120792388916,1.00453,296.623,0,24.888,11.918314046930247,150.44747330186755
Scotland 2007,A,Argyll and Bute,1.494623524812459,29692.0,2.0,national,equal sd,1.5067676161329961,ILR + log volume,2,4.8941895961761475,1.01226,273.192,0,849.688,0.321520369829867,55.81865133911631
Scotland 2007,A,Argyll and Bute,1.494623524812459,29692.0,2.0,national,equal sd,1.5067676161329961,log cells,2,2.4871909618377686,1.07839,27.4096,5,427.588,0.06410282795588276,11.019915058726163
Scotland 2007,A,Argyll and Bute,1.494623524812459,29692.0,2.0,national,equal sd,1.5067676161329961,position logit,2,2.0626351833343506,1.01492,234.604,0,126.36,1.8566318455207345,113.73529828870073
Scotland 2007,A,Argyll and Bute,1.494623524812459,29692.0,2.0,national,equal sd,1.5067676161329961,odds-ratio logit,2,0.7127907276153564,1.03379,60.5258,0,37.016,1.6351253511994812,84.89402277224907
Scotland 2007,A,Argyll and Bute,1.494623524812459,29692.0,2.0,national,equal sd,1.5067676161329961,adjusted row,2,0.8850727081298828,1.01531,194.284,0,21.064,9.223509304975313,219.48737241652185
Scotland 2007,A,Argyll and Bute,1.494623524812459,29692.0,2.0,national,equal sd,1.5067676161329961,adjusted table,2,1.9282188415527344,1.01532,147.104,0,22.56,6.520567375886526,76.28662452175496
Scotland 2007,A,Argyll and Bute,1.494623524812459,29692.0,2.0,national,interactions only,0.06027070464531985,ILR + log volume,2,5.100616455078125,1.01556,232.316,0,992.28,0.23412343290200346,45.545844604131595
Scotland 2007,A,Argyll and Bute,1.494623524812459,29692.0,2.0,national,interactions only,0.06027070464531985,log cells,2,2.532600164413452,1.02967,66.3476,12,516.177,0.12853652913632338,26.1964719430068
Scotland 2007,A,Argyll and Bute,1.494623524812459,29692.0,2.0,national,interactions only,0.06027070464531985,position logit,2,2.632725954055786,1.02776,125.051,2,161.447,0.7745637887356223,47.49676303303716
Scotland 2007,A,Argyll and Bute,1.494623524812459,29692.0,2.0,national,interactions only,0.06027070464531985,odds-ratio logit,2,0.8925268650054932,1.09832,9.52143,6,40.334,0.23606461050230573,10.666614298761457
Scotland 2007,A,Argyll and Bute,1.494623524812459,29692.0,2.0,national,interactions only,0.06027070464531985,adjusted row,2,0.7024614810943604,1.00506,244.729,0,21.616,11.321659881569209,348.3077527341234
Scotland 2007,A,Argyll and Bute,1.494623524812459,29692.0,2.0,national,interactions only,0.06027070464531985,adjusted table,2,1.5232799053192139,1.00683,331.463,0,16.056,20.644182859990035,217.58317017638672
Scotland 2007,A,Tweeddale Ettrick and Lauderdale,1.8075139753584968,31141.0,0.5,indep,equal sd,1.6663704229186142e-15,ILR + log volume,2,0.9441390037536621,1.00437,700.23,0,105.08,6.663779977160259,741.5739035492045
Scotland 2007,A,Tweeddale Ettrick and Lauderdale,1.8075139753584968,31141.0,0.5,indep,equal sd,1.6663704229186142e-15,log cells,2,0.705899715423584,1.0007,868.772,0,125.096,6.944842361066701,1230.5754474433747
Scotland 2007,A,Tweeddale Ettrick and Lauderdale,1.8075139753584968,31141.0,0.5,indep,equal sd,1.6663704229186142e-15,position logit,2,0.23806238174438477,1.00487,829.316,0,10.0,82.9316,3482.0909503804533
Scotland 2007,A,Tweeddale Ettrick and Lauderdale,1.8075139753584968,31141.0,0.5,indep,equal sd,1.6663704229186142e-15,odds-ratio logit,2,0.273573637008667,1.00356,769.254,0,7.912,97.22623862487362,2811.0339836677867
Scotland 2007,A,Tweeddale Ettrick and Lauderdale,1.8075139753584968,31141.0,0.5,indep,equal sd,1.6663704229186142e-15,adjusted row,2,0.3749537467956543,1.00178,470.328,0,11.104,42.356628242074926,1254.0620920493793
Scotland 2007,A,Tweeddale Ettrick and Lauderdale,1.8075139753584968,31141.0,0.5,indep,equal sd,1.6663704229186142e-15,adjusted table,2,1.2061271667480469,1.00756,325.824,0,14.144,23.036199095022624,270.1200586047339
Scotland 2007,A,Tweeddale Ettrick and Lauderdale,1.8075139753584968,31141.0,0.5,raked,equal sd,0.0,ILR + log volume,2,2.036851644515991,1.00351,705.573,0,211.352,3.338378629016995,346.38410266514614
Scotland 2007,A,Tweeddale Ettrick and Lauderdale,1.8075139753584968,31141.0,0.5,raked,equal sd,0.0,log cells,2,0.5043063163757324,1.00513,518.895,0,58.344,8.893716577540106,1028.6539391561873
Scotland 2007,A,Tweeddale Ettrick and Lauderdale,1.8075139753584968,31141.0,0.5,raked,equal sd,0.0,position logit,2,0.21651196479797363,1.00384,788.214,0,7.536,104.59315286624205,3638.835194082782
Scotland 2007,A,Tweeddale Ettrick and Lauderdale,1.8075139753584968,31141.0,0.5,raked,equal sd,0.0,odds-ratio logit,2,0.22280192375183105,1.00291,843.847,0,7.792,108.2965862422998,3786.118706416081
Scotland 2007,A,Tweeddale Ettrick and Lauderdale,1.8075139753584968,31141.0,0.5,raked,equal sd,0.0,adjusted row,2,0.4775214195251465,1.00402,414.158,0,10.392,39.853541185527334,867.1466333233828
Scotland 2007,A,Tweeddale Ettrick and Lauderdale,1.8075139753584968,31141.0,0.5,raked,equal sd,0.0,adjusted table,2,1.7484512329101562,1.00618,375.825,0,16.24,23.141933497536947,214.93579647804157
Scotland 2007,A,Tweeddale Ettrick and Lauderdale,1.8075139753584968,31141.0,0.5,national,equal sd,6.719512695604821,ILR + log volume,2,2.092869758605957,1.00927,429.596,0,217.88,1.9717091977235175,205.24671851674745
Scotland 2007,A,Tweeddale Ettrick and Lauderdale,1.8075139753584968,31141.0,0.5,national,equal sd,6.719512695604821,log cells,2,0.6479113101959229,1.00791,325.976,0,62.296,5.232695518171311,503.0460496930197
Scotland 2007,A,Tweeddale Ettrick and Lauderdale,1.8075139753584968,31141.0,0.5,national,equal sd,6.719512695604821,position logit,2,0.25641632080078125,1.00638,629.383,0,11.728,53.6649897680764,2453.5843168606893
Scotland 2007,A,Tweeddale Ettrick and Lauderdale,1.8075139753584968,31141.0,0.5,national,equal sd,6.719512695604821,odds-ratio logit,2,0.2562410831451416,1.00438,576.232,0,10.664,54.035258814703674,2248.129590433349
Scotland 2007,A,Tweeddale Ettrick and Lauderdale,1.8075139753584968,31141.0,0.5,national,equal sd,6.719512695604821,adjusted row,2,0.4833102226257324,1.00297,477.613,0,10.672,44.75384182908545,987.9664461254238
Scotland 2007,A,Tweeddale Ettrick and Lauderdale,1.8075139753584968,31141.0,0.5,national,equal sd,6.719512695604821,adjusted table,2,1.2542133331298828,1.0091,412.279,0,16.752,24.610733046800384,328.69427889555504
Scotland 2007,A,Tweeddale Ettrick and Lauderdale,1.8075139753584968,31141.0,0.5,national,interactions only,0.0671951269560482,ILR + log volume,2,1.7353177070617676,1.00979,429.116,0,267.288,1.6054443147466402,247.2708471996606
Scotland 2007,A,Tweeddale Ettrick and Lauderdale,1.8075139753584968,31141.0,0.5,national,interactions only,0.0671951269560482,log cells,2,0.5653448104858398,1.00582,317.557,0,72.376,4.387600862164254,561.5804148861981
Scotland 2007,A,Tweeddale Ettrick and Lauderdale,1.8075139753584968,31141.0,0.5,national,interactions only,0.0671951269560482,position logit,2,0.23596429824829102,1.00485,703.45,0,11.448,61.4474143955276,2979.9940296758805
Scotland 2007,A,Tweeddale Ettrick and Lauderdale,1.8075139753584968,31141.0,0.5,national,interactions only,0.0671951269560482,odds-ratio logit,2,0.2403857707977295,1.00582,747.94,0,9.0,83.10444444444445,3110.1353012394593
Scotland 2007,A,Tweeddale Ettrick and Lauderdale,1.8075139753584968,31141.0,0.5,national,interactions only,0.0671951269560482,adjusted row,2,0.49020910263061523,1.00475,560.032,0,11.968,46.794117647058826,1141.9123121514692
Scotland 2007,A,Tweeddale Ettrick and Lauderdale,1.8075139753584968,31141.0,0.5,national,interactions only,0.0671951269560482,adjusted table,2,1.1816611289978027,1.00856,311.755,0,14.168,22.004164313946923,263.80821813605377
Scotland 2007,A,Tweeddale Ettrick and Lauderdale,1.8075139753584968,31141.0,2.0,indep,equal sd,4.1659260572965355e-16,ILR + log volume,2,4.006655931472778,1.00605,269.332,0,695.272,0.3873764512305975,67.21891721958455
Scotland 2007,A,Tweeddale Ettrick and Lauderdale,1.8075139753584968,31141.0,2.0,indep,equal sd,4.1659260572965355e-16,log cells,2,3.213857650756836,1.01111,277.659,0,747.032,0.37168287302284236,86.39194709658506
Scotland 2007,A,Tweeddale Ettrick and Lauderdale,1.8075139753584968,31141.0,2.0,indep,equal sd,4.1659260572965355e-16,position logit,2,0.8740880489349365,1.00589,374.86,0,47.784,7.844885317261008,428.815705375835
Scotland 2007,A,Tweeddale Ettrick and Lauderdale,1.8075139753584968,31141.0,2.0,indep,equal sd,4.1659260572965355e-16,odds-ratio logit,2,0.4433107376098633,1.01086,323.351,0,24.272,13.321975939353988,729.2363970194613
Scotland 2007,A,Tweeddale Ettrick and Lauderdale,1.8075139753584968,31141.0,2.0,indep,equal sd,4.1659260572965355e-16,adjusted row,2,0.5615630149841309,1.00528,523.212,0,20.384,25.667778649921505,931.5176151086405
Scotland 2007,A,Tweeddale Ettrick and Lauderdale,1.8075139753584968,31141.0,2.0,indep,equal sd,4.1659260572965355e-16,adjusted table,2,2.0042622089385986,1.00389,250.948,0,24.6,10.201138211382114,125.20137689609717
Scotland 2007,A,Tweeddale Ettrick and Lauderdale,1.8075139753584968,31141.0,2.0,raked,equal sd,0.0,ILR + log volume,2,4.804161071777344,1.01,238.377,0,773.656,0.3081175612933914,49.61785870666657
Scotland 2007,A,Tweeddale Ettrick and Lauderdale,1.8075139753584968,31141.0,2.0,raked,equal sd,0.0,log cells,2,2.1221916675567627,1.10377,37.2587,20,354.112,0.10521727589011384,17.555580120222128
Scotland 2007,A,Tweeddale Ettrick and Lauderdale,1.8075139753584968,31141.0,2.0,raked,equal sd,0.0,position logit,2,1.0608510971069336,1.01093,320.726,0,62.96,5.094123252858958,302.2769137491467
Scotland 2007,A,Tweeddale Ettrick and Lauderdale,1.8075139753584968,31141.0,2.0,raked,equal sd,0.0,odds-ratio logit,2,0.5300917625427246,1.01691,203.552,0,22.216,9.162405473532589,383.89702890787333
Scotland 2007,A,Tweeddale Ettrick and Lauderdale,1.8075139753584968,31141.0,2.0,raked,equal sd,0.0,adjusted row,2,0.5719864368438721,1.00795,400.034,0,17.808,22.463724168912847,699.2662554370476
Scotland 2007,A,Tweeddale Ettrick and Lauderdale,1.8075139753584968,31141.0,2.0,raked,equal sd,0.0,adjusted table,2,1.9752411842346191,1.01119,303.915,0,25.984,11.696236145320198,153.85486917207857
Scotland 2007,A,Tweeddale Ettrick and Lauderdale,1.8075139753584968,31141.0,2.0,national,equal sd,1.6798781739012052,ILR + log volume,2,4.769197463989258,1.01059,249.136,0,924.184,0.26957402422028515,52.23746155216657
Scotland 2007,A,Tweeddale Ettrick and Lauderdale,1.8075139753584968,31141.0,2.0,national,equal sd,1.6798781739012052,log cells,2,2.2861411571502686,1.0245,107.019,7,460.373,0.23246150404128826,46.80726180895531
Scotland 2007,A,Tweeddale Ettrick and Lauderdale,1.8075139753584968,31141.0,2.0,national,equal sd,1.6798781739012052,position logit,2,1.7372875213623047,1.02022,236.114,1,106.854,2.2096879854755085,135.9001515470172
Scotland 2007,A,Tweeddale Ettrick and Lauderdale,1.8075139753584968,31141.0,2.0,national,equal sd,1.6798781739012052,odds-ratio logit,2,0.5941958427429199,1.01614,252.912,0,29.368,8.611822391718878,425.5710193494655
Scotland 2007,A,Tweeddale Ettrick and Lauderdale,1.8075139753584968,31141.0,2.0,national,equal sd,1.6798781739012052,adjusted row,2,0.6185336112976074,1.00567,302.471,0,19.824,15.257818805488297,488.83855436483043
Scotland 2007,A,Tweeddale Ettrick and Lauderdale,1.8075139753584968,31141.0,2.0,national,equal sd,1.6798781739012052,adjusted table,2,1.9495413303375244,1.00619,376.554,0,23.432,16.070075110959372,193.14064642274218
Scotland 2007,A,Tweeddale Ettrick and Lauderdale,1.8075139753584968,31141.0,2.0,national,interactions only,0.0671951269560482,ILR + log volume,2,5.748239755630493,1.0138,265.922,0,1006.104,0.2643086599397279,46.260727627793166
Scotland 2007,A,Tweeddale Ettrick and Lauderdale,1.8075139753584968,31141.0,2.0,national,interactions only,0.0671951269560482,log cells,2,1.9111928939819336,1.04972,56.6484,42,365.466,0.15500320139219517,29.63886467393216
Scotland 2007,A,Tweeddale Ettrick and Lauderdale,1.8075139753584968,31141.0,2.0,national,interactions only,0.0671951269560482,position logit,2,2.9720818996429443,1.01369,276.929,1,148.161,1.869108604828531,93.17384288709468
Scotland 2007,A,Tweeddale Ettrick and Lauderdale,1.8075139753584968,31141.0,2.0,national,interactions only,0.0671951269560482,odds-ratio logit,2,1.0804715156555176,1.01613,200.889,2,39.298,5.111939538907833,185.90664843084986
Scotland 2007,A,Tweeddale Ettrick and Lauderdale,1.8075139753584968,31141.0,2.0,national,interactions only,0.0671951269560482,adjusted row,2,0.833784818649292,1.00585,277.001,0,19.672,14.080978039853598,332.1686829356434
Scotland 2007,A,Tweeddale Ettrick and Lauderdale,1.8075139753584968,31141.0,2.0,national,interactions only,0.0671951269560482,adjusted table,2,1.8720283508300781,1.00349,338.905,0,17.696,19.15150316455696,181.02744683999643
Scotland 2007,A,West Aberdeenshire and Kincardine,2.388024616466966,35807.0,0.5,indep,equal sd,2.705666128784368e-15,ILR + log volume,2,1.0605597496032715,1.00306,939.569,0,120.344,7.807360566376388,885.666958674443
Scotland 2007,A,West Aberdeenshire and Kincardine,2.388024616466966,35807.0,0.5,indep,equal sd,2.705666128784368e-15,log cells,2,0.750044584274292,1.0041,584.28,0,128.6,4.543390357698289,778.88054594943
Scotland 2007,A,West Aberdeenshire and Kincardine,2.388024616466966,35807.0,0.5,indep,equal sd,2.705666128784368e-15,position logit,2,0.2774484157562256,1.00195,840.087,0,10.8,77.78583333333333,3026.1740828054362
Scotland 2007,A,West Aberdeenshire and Kincardine,2.388024616466966,35807.0,0.5,indep,equal sd,2.705666128784368e-15,odds-ratio logit,2,0.24237847328186035,1.0046,826.108,0,8.872,93.11406672678088,3406.629990032631
Scotland 2007,A,West Aberdeenshire and Kincardine,2.388024616466966,35807.0,0.5,indep,equal sd,2.705666128784368e-15,adjusted row,2,0.4731631278991699,1.01012,352.171,0,10.96,32.1323905109489,744.1262742176563
Scotland 2007,A,West Aberdeenshire and Kincardine,2.388024616466966,35807.0,0.5,indep,equal sd,2.705666128784368e-15,adjusted table,2,1.1837809085845947,1.00563,360.74,0,14.6,24.708219178082192,304.7083179947394
Scotland 2007,A,West Aberdeenshire and Kincardine,2.388024616466966,35807.0,0.5,raked,equal sd,1.945901422236198e-15,ILR + log volume,2,1.5460782051086426,1.00168,839.699,0,235.544,3.564934789253812,543.0854101122252
Scotland 2007,A,West Aberdeenshire and Kincardine,2.388024616466966,35807.0,0.5,raked,equal sd,1.945901422236198e-15,log cells,2,0.48250389099121094,1.00735,388.693,0,61.36,6.334631681877444,805.3742800730337
Scotland 2007,A,West Aberdeenshire and Kincardine,2.388024616466966,35807.0,0.5,raked,equal sd,1.945901422236198e-15,position logit,2,0.33286309242248535,1.00173,886.783,0,12.24,72.44959150326797,2662.5682808890315
Scotland 2007,A,West Aberdeenshire and Kincardine,2.388024616466966,35807.0,0.5,raked,equal sd,1.945901422236198e-15,odds-ratio logit,2,0.30152368545532227,1.00304,493.957,0,9.304,53.0908211521926,1637.600864506654
Scotland 2007,A,West Aberdeenshire and Kincardine,2.388024616466966,35807.0,0.5,raked,equal sd,1.945901422236198e-15,adjusted row,2,0.39624500274658203,1.00474,435.777,0,9.488,45.92927908937605,1099.457612705188
Scotland 2007,A,West Aberdeenshire and Kincardine,2.388024616466966,35807.0,0.5,raked,equal sd,1.945901422236198e-15,adjusted table,2,1.65767502784729,1.00475,362.638,0,23.008,15.761387343532684,218.74908516725162
Scotland 2007,A,West Aberdeenshire and Kincardine,2.388024616466966,35807.0,0.5,national,equal sd,8.68212382767835,ILR + log volume,2,1.6810698509216309,1.00483,527.875,0,228.12,2.3140233210590915,313.9722008446925
Scotland 2007,A,West Aberdeenshire and Kincardine,2.388024616466966,35807.0,0.5,national,equal sd,8.68212382767835,log cells,2,0.5026700496673584,1.01076,425.81,0,62.392,6.82475317348378,846.8566253127152
Scotland 2007,A,West Aberdeenshire and Kincardine,2.388024616466966,35807.0,0.5,national,equal sd,8.68212382767835,position logit,2,0.23821377754211426,1.00646,502.889,0,8.936,56.27674574753805,2110.2970589236957
Scotland 2007,A,West Aberdeenshire and Kincardine,2.388024616466966,35807.0,0.5,national,equal sd,8.68212382767835,odds-ratio logit,2,0.29816675186157227,1.00319,504.685,0,9.888,51.04014967637541,1691.821762871874
Scotland 2007,A,West Aberdeenshire and Kincardine,2.388024616466966,35807.0,0.5,national,equal sd,8.68212382767835,adjusted row,2,0.3510773181915283,1.00868,355.027,0,10.216,34.7520555990603,1010.8684900613068
Scotland 2007,A,West Aberdeenshire and Kincardine,2.388024616466966,35807.0,0.5,national,equal sd,8.68212382767835,adjusted table,2,1.2416582107543945,1.01265,399.702,0,17.344,23.04554889298893,321.86633353940294
Scotland 2007,A,West Aberdeenshire and Kincardine,2.388024616466966,35807.0,0.5,national,interactions only,0.08682123827678351,ILR + log volume,2,2.1007869243621826,1.00917,351.779,0,293.912,1.196885462315251,167.43967862869667
Scotland 2007,A,West Aberdeenshire and Kincardine,2.388024616466966,35807.0,0.5,national,interactions only,0.08682123827678351,log cells,2,0.6372296810150146,1.01061,316.958,0,71.744,4.4179025423728815,497.28941227660346
Scotland 2007,A,West Aberdeenshire and Kincardine,2.388024616466966,35807.0,0.5,national,interactions only,0.08682123827678351,position logit,2,0.3460116386413574,1.00517,673.628,0,12.304,54.74869960988297,1946.3976873267866
Scotland 2007,A,West Aberdeenshire and Kincardine,2.388024616466966,35807.0,0.5,national,interactions only,0.08682123827678351,odds-ratio logit,2,0.22916674613952637,1.00523,582.881,0,11.312,51.52766973125884,2541.948638478478
Scotland 2007,A,West Aberdeenshire and Kincardine,2.388024616466966,35807.0,0.5,national,interactions only,0.08682123827678351,adjusted row,2,0.41672396659851074,1.0025,641.341,0,12.532,51.1762687519949,1538.5991898920684
Scotland 2007,A,West Aberdeenshire and Kincardine,2.388024616466966,35807.0,0.5,national,interactions only,0.08682123827678351,adjusted table,2,1.2175195217132568,1.00451,363.64,0,13.976,26.018889524899826,298.6537050237577
Scotland 2007,A,West Aberdeenshire and Kincardine,2.388024616466966,35807.0,2.0,indep,equal sd,6.76416532196092e-16,ILR + log volume,2,3.767615556716919,1.00838,326.054,0,644.376,0.5059996027164264,86.53820113833548
Scotland 2007,A,West Aberdeenshire and Kincardine,2.388024616466966,35807.0,2.0,indep,equal sd,6.76416532196092e-16,log cells,2,3.280794858932495,1.01321,300.589,0,912.408,0.32944581809892065,91.61808839786714
Scotland 2007,A,West Aberdeenshire and Kincardine,2.388024616466966,35807.0,2.0,indep,equal sd,6.76416532196092e-16,position logit,2,1.0684385299682617,1.01261,415.155,0,66.776,6.217128908589912,388.5244760567924
Scotland 2007,A,West Aberdeenshire and Kincardine,2.388024616466966,35807.0,2.0,indep,equal sd,6.76416532196092e-16,odds-ratio logit,2,0.5378985404968262,1.0142,218.162,0,24.408,8.93813503769256,405.5072927358249
Scotland 2007,A,West Aberdeenshire and Kincardine,2.388024616466966,35807.0,2.0,indep,equal sd,6.76416532196092e-16,adjusted row,2,0.6596617698669434,1.01527,195.257,0,20.288,9.624260646687697,295.93990196661565
Scotland 2007,A,West Aberdeenshire and Kincardine,2.388024616466966,35807.0,2.0,indep,equal sd,6.76416532196092e-16,adjusted table,2,2.2853970527648926,1.00798,375.856,0,27.208,13.81417230226404,164.41862478676586
Scotland 2007,A,West Aberdeenshire and Kincardine,2.388024616466966,35807.0,2.0,raked,equal sd,4.864753555590495e-16,ILR + log volume,2,4.850151538848877,1.00263,384.588,0,903.192,0.42580979459516916,79.29221263016399
Scotland 2007,A,West Aberdeenshire and Kincardine,2.388024616466966,35807.0,2.0,raked,equal sd,4.864753555590495e-16,log cells,2,2.506060838699341,1.04644,47.5442,5,441.754,0.10762596377169192,18.970976966608426
Scotland 2007,A,West Aberdeenshire and Kincardine,2.388024616466966,35807.0,2.0,raked,equal sd,4.864753555590495e-16,position logit,2,0.7946312427520752,1.00958,375.235,1,48.028,7.812838344299159,472.1399315961684
Scotland 2007,A,West Aberdeenshire and Kincardine,2.388024616466966,35807.0,2.0,raked,equal sd,4.864753555590495e-16,odds-ratio logit,2,0.427095890045166,1.00809,307.928,0,21.08,14.607590132827326,720.7065654969833
Scotland 2007,A,West Aberdeenshire and Kincardine,2.388024616466966,35807.0,2.0,raked,equal sd,4.864753555590495e-16,adjusted row,2,0.6425285339355469,1.01039,270.551,0,17.76,15.233727477477476,420.98846390999506
Scotland 2007,A,West Aberdeenshire and Kincardine,2.388024616466966,35807.0,2.0,raked,equal sd,4.864753555590495e-16,adjusted table,2,1.967594861984253,1.00163,269.616,0,25.416,10.608120868744097,137.00586358699385
Scotland 2007,A,West Aberdeenshire and Kincardine,2.388024616466966,35807.0,2.0,national,equal sd,2.1705309569195874,ILR + log volume,2,4.867146253585815,1.01732,200.471,0,910.616,0.2201487784093405,41.187498585416506
Scotland 2007,A,West Aberdeenshire and Kincardine,2.388024616466966,35807.0,2.0,national,equal sd,2.1705309569195874,log cells,2,2.263709306716919,1.03498,47.8137,11,449.641,0.10633750036139941,21.12092540040937
Scotland 2007,A,West Aberdeenshire and Kincardine,2.388024616466966,35807.0,2.0,national,equal sd,2.1705309569195874,position logit,2,0.9039134979248047,1.01542,257.329,0,62.728,4.1022988139267955,284.6550587475733
Scotland 2007,A,West Aberdeenshire and Kincardine,2.388024616466966,35807.0,2.0,national,equal sd,2.1705309569195874,odds-ratio logit,2,0.37554407119750977,1.02231,207.437,0,22.264,9.317148760330578,552.1914544127523
Scotland 2007,A,West Aberdeenshire and Kincardine,2.388024616466966,35807.0,2.0,national,equal sd,2.1705309569195874,adjusted row,2,0.5671463012695312,1.00836,115.393,0,18.232,6.329146555506801,203.4229842025583
Scotland 2007,A,West Aberdeenshire and Kincardine,2.388024616466966,35807.0,2.0,national,equal sd,2.1705309569195874,adjusted table,2,1.9103727340698242,1.00846,299.915,0,25.544,11.741113373003445,156.98524314008753
Scotland 2007,A,West Aberdeenshire and Kincardine,2.388024616466966,35807.0,2.0,national,interactions only,0.08682123827678351,ILR + log volume,2,5.3812575340271,1.00665,316.518,0,1013.296,0.31236479765043973,58.81726719559877
Scotland 2007,A,West Aberdeenshire and Kincardine,2.388024616466966,35807.0,2.0,national,interactions only,0.08682123827678351,log cells,2,2.8759825229644775,1.02391,92.9452,14,508.92,0.1826322408237051,32.31674287483079
Scotland 2007,A,West Aberdeenshire and Kincardine,2.388024616466966,35807.0,2.0,national,interactions only,0.08682123827678351,position logit,2,2.2853379249572754,1.0143,226.433,0,155.2,1.4589755154639177,99.07366150112537
Scotland 2007,A,West Aberdeenshire and Kincardine,2.388024616466966,35807.0,2.0,national,interactions only,0.08682123827678351,odds-ratio logit,2,0.6701209545135498,1.03939,38.9176,4,31.216,1.2467196309584827,58.06302910702331
Scotland 2007,A,West Aberdeenshire and Kincardine,2.388024616466966,35807.0,2.0,national,interactions only,0.08682123827678351,adjusted row,2,0.7537214756011963,1.01048,282.092,0,18.352,15.371185701830862,374.2029560923834
Scotland 2007,A,West Aberdeenshire and Kincardine,2.388024616466966,35807.0,2.0,national,interactions only,0.08682123827678351,adjusted table,2,1.73610520362854,1.00289,443.458,0,16.752,26.471943648519584,255.4099483442343
Scotland 2007,B,Argyll and Bute,1.494623524812459,296.92,1.0,raked,equal sd,0.0,ILR + log volume,2,0.5435490608215332,1.00579,776.564,0,39.288,19.765933618407658,1428.427861675418
Scotland 2007,B,Argyll and Bute,1.494623524812459,296.92,1.0,raked,equal sd,0.0,log cells,2,0.2007429599761963,1.00736,226.469,0,16.704,13.557770593869732,1127.0885903748697
Scotland 2007,B,Argyll and Bute,1.494623524812459,296.92,1.0,raked,equal sd,0.0,position logit,2,0.42882728576660156,1.00356,459.314,1,16.949,27.09976989792908,1070.8324564669524
Scotland 2007,B,Argyll and Bute,1.494623524812459,296.92,1.0,raked,equal sd,0.0,odds-ratio logit,2,0.4183981418609619,1.01663,307.811,0,16.176,19.028869930761623,735.5253341597921
Scotland 2007,B,Argyll and Bute,1.494623524812459,296.92,1.0,raked,equal sd,0.0,adjusted row,2,0.6043226718902588,1.0044,385.645,0,17.784,21.684941520467838,638.0442529436592
Scotland 2007,B,Argyll and Bute,1.494623524812459,296.92,1.0,raked,equal sd,0.0,adjusted table,2,1.9248592853546143,1.00811,366.539,0,26.536,13.81289568887549,190.41376611909777
Scotland 2007,B,Argyll and Bute,1.494623524812459,29692.0,1.0,raked,equal sd,0.0,ILR + log volume,2,2.9250104427337646,1.00743,453.924,0,434.072,1.0457343482187287,155.1803205608447
Scotland 2007,B,Argyll and Bute,1.494623524812459,29692.0,1.0,raked,equal sd,0.0,log cells,2,0.9385313987731934,1.01841,201.703,0,142.04,1.4200436496761477,214.88662486776022
Scotland 2007,B,Argyll and Bute,1.494623524812459,29692.0,1.0,raked,equal sd,0.0,position logit,2,0.26657629013061523,1.00407,477.097,1,11.572,41.228568959557556,1788.920326879444
Scotland 2007,B,Argyll and Bute,1.494623524812459,29692.0,1.0,raked,equal sd,0.0,odds-ratio logit,2,0.3182663917541504,1.00835,625.844,0,11.888,52.645020188425306,1965.4556317104912
Scotland 2007,B,Argyll and Bute,1.494623524812459,29692.0,1.0,raked,equal sd,0.0,adjusted row,2,0.44205617904663086,1.01108,447.28,0,11.92,37.5234899328859,1011.6190422657336
Scotland 2007,B,Argyll and Bute,1.494623524812459,29692.0,1.0,raked,equal sd,0.0,adjusted table,2,1.5918469429016113,1.00339,328.428,0,19.848,16.547158403869407,206.30878830016107
Scotland 2007,B,Argyll and Bute,1.494623524812459,2969200.0,1.0,raked,equal sd,0.0,ILR + log volume,2,6.0224244594573975,1.0628,39.6464,0,1023.0,0.03875503421309873,6.582874086174187
Scotland 2007,B,Argyll and Bute,1.494623524812459,2969200.0,1.0,raked,equal sd,0.0,log cells,2,4.31737494468689,1.03436,100.419,2,1020.77,0.09837573596402716,23.25880104236902
Scotland 2007,B,Argyll and Bute,1.494623524812459,2969200.0,1.0,raked,equal sd,0.0,position logit,2,0.26189517974853516,1.00701,652.842,0,13.784,47.36230412071967,2491.821516748841
Scotland 2007,B,Argyll and Bute,1.494623524812459,2969200.0,1.0,raked,equal sd,0.0,odds-ratio logit,2,0.32967114448547363,1.00488,442.744,0,10.76,41.147211895910786,1342.5712477477446
Scotland 2007,B,Argyll and Bute,1.494623524812459,2969200.0,1.0,raked,equal sd,0.0,adjusted row,2,0.5059757232666016,1.01117,385.914,0,11.152,34.60491391678623,762.584200334217
Scotland 2007,B,Argyll and Bute,1.494623524812459,2969200.0,1.0,raked,equal sd,0.0,adjusted table,2,1.433629035949707,1.00262,259.591,0,16.688,15.555548897411315,181.05791983025046
New Zealand 2017,A,East Coast,0.5705341122621032,37932.0,0.5,indep,equal sd,2.9724135207732003e-15,ILR + log volume,1,1.4723565578460693,1.00196,771.264,0,138.648,5.562748831573481,523.7510164039533
New Zealand 2017,A,East Coast,0.5705341122621032,37932.0,0.5,indep,equal sd,2.9724135207732003e-15,log cells,1,0.7556421756744385,1.00337,468.063,0,128.088,3.654229904440697,619.3494847905608
New Zealand 2017,A,East Coast,0.5705341122621032,37932.0,0.5,indep,equal sd,2.9724135207732003e-15,position logit,1,0.26511478424072266,1.00284,1137.08,0,13.928,81.63986214819069,4287.568069935074
New Zealand 2017,A,East Coast,0.5705341122621032,37932.0,0.5,indep,equal sd,2.9724135207732003e-15,odds-ratio logit,1,0.28270673751831055,0.999756,814.568,0,14.656,55.57914847161572,2880.3851652432845
New Zealand 2017,A,East Coast,0.5705341122621032,37932.0,0.5,indep,equal sd,2.9724135207732003e-15,adjusted row,1,0.4553494453430176,1.00368,487.511,0,14.592,33.40947094298246,1070.4304020529455
New Zealand 2017,A,East Coast,0.5705341122621032,37932.0,0.5,indep,equal sd,2.9724135207732003e-15,adjusted table,1,1.1337332725524902,1.00369,320.031,0,18.976,16.86504005059022,282.2571752869974
New Zealand 2017,A,East Coast,0.5705341122621032,37932.0,0.5,raked,equal sd,0.0,ILR + log volume,1,1.688020944595337,1.00405,633.345,0,254.552,2.488077092303341,375.17217369788096
New Zealand 2017,A,East Coast,0.5705341122621032,37932.0,0.5,raked,equal sd,0.0,log cells,1,0.4613306522369385,1.00185,580.22,0,62.312,9.31152907947105,1256.9515377495704
New Zealand 2017,A,East Coast,0.5705341122621032,37932.0,0.5,raked,equal sd,0.0,position logit,1,0.32920384407043457,1.00102,961.645,0,14.928,64.41887727759914,2920.3280076631404
New Zealand 2017,A,East Coast,0.5705341122621032,37932.0,0.5,raked,equal sd,0.0,odds-ratio logit,1,0.26532816886901855,1.0025,620.847,0,14.352,43.25857023411371,2339.09303881839
New Zealand 2017,A,East Coast,0.5705341122621032,37932.0,0.5,raked,equal sd,0.0,adjusted row,1,0.5462386608123779,1.01012,524.789,0,15.808,33.19768471659919,960.5673013016892
New Zealand 2017,A,East Coast,0.5705341122621032,37932.0,0.5,raked,equal sd,0.0,adjusted table,1,1.6427571773529053,1.0087,281.82,0,18.904,14.907955988150656,171.54107233165146
New Zealand 2017,A,East Coast,0.5705341122621032,37932.0,0.5,national,equal sd,2.6104722889847296,ILR + log volume,1,1.678251028060913,1.00647,893.559,0,246.936,3.6185853824472733,532.3631808819268
New Zealand 2017,A,East Coast,0.5705341122621032,37932.0,0.5,national,equal sd,2.6104722889847296,log cells,1,0.5471012592315674,1.00668,439.289,0,62.36,7.04440346375882,802.8128161040839
New Zealand 2017,A,East Coast,0.5705341122621032,37932.0,0.5,national,equal sd,2.6104722889847296,position logit,1,0.2893404960632324,1.00386,841.734,0,15.176,55.46481286241434,2908.193119438541
New Zealand 2017,A,East Coast,0.5705341122621032,37932.0,0.5,national,equal sd,2.6104722889847296,odds-ratio logit,1,0.26561951637268066,1.0051,868.417,0,13.96,62.20752148997134,3267.9735583468514
New Zealand 2017,A,East Coast,0.5705341122621032,37932.0,0.5,national,equal sd,2.6104722889847296,adjusted row,1,0.483365535736084,1.00461,548.856,0,15.816,34.70257966616085,1135.2113151951523
New Zealand 2017,A,East Coast,0.5705341122621032,37932.0,0.5,national,equal sd,2.6104722889847296,adjusted table,1,1.376936435699463,1.00616,290.382,0,19.296,15.0488184079602,210.8735149091744
New Zealand 2017,A,East Coast,0.5705341122621032,37932.0,0.5,national,interactions only,0.026104722889847297,ILR + log volume,1,2.016817808151245,1.00851,324.197,0,289.176,1.1211061775527706,160.73379880614635
New Zealand 2017,A,East Coast,0.5705341122621032,37932.0,0.5,national,interactions only,0.026104722889847297,log cells,1,0.5868024826049805,1.006,320.222,0,69.432,4.612023274570802,545.5962261795179
New Zealand 2017,A,East Coast,0.5705341122621032,37932.0,0.5,national,interactions only,0.026104722889847297,position logit,1,0.32033443450927734,1.00155,476.192,0,15.592,30.540790148794255,1486.1271886776308
New Zealand 2017,A,East Coast,0.5705341122621032,37932.0,0.5,national,interactions only,0.026104722889847297,odds-ratio logit,1,0.30700135231018066,1.00256,710.558,0,13.848,51.31123627960716,2313.7257542011685
New Zealand 2017,A,East Coast,0.5705341122621032,37932.0,0.5,national,interactions only,0.026104722889847297,adjusted row,1,0.5519440174102783,1.00422,604.158,0,19.016,31.771034917963824,1094.396392597212
New Zealand 2017,A,East Coast,0.5705341122621032,37932.0,0.5,national,interactions only,0.026104722889847297,adjusted table,1,1.2646303176879883,1.00435,368.973,0,14.272,25.852928811659194,291.7431198667575
New Zealand 2017,A,East Coast,0.5705341122621032,37932.0,2.0,indep,equal sd,7.431033801933001e-16,ILR + log volume,1,5.025808811187744,1.00332,331.179,0,861.976,0.38420907310644375,65.89246450150144
New Zealand 2017,A,East Coast,0.5705341122621032,37932.0,2.0,indep,equal sd,7.431033801933001e-16,log cells,1,3.9469447135925293,1.01966,118.129,0,852.744,0.13852809283911702,29.928562428401772
New Zealand 2017,A,East Coast,0.5705341122621032,37932.0,2.0,indep,equal sd,7.431033801933001e-16,position logit,1,1.2104988098144531,1.0108,218.677,0,72.112,3.032463390281784,180.6378698009867
New Zealand 2017,A,East Coast,0.5705341122621032,37932.0,2.0,indep,equal sd,7.431033801933001e-16,odds-ratio logit,1,0.5054781436920166,1.01602,142.982,0,31.528,4.535079928952043,282.78762306173223
New Zealand 2017,A,East Coast,0.5705341122621032,37932.0,2.0,indep,equal sd,7.431033801933001e-16,adjusted row,1,0.6536428928375244,1.00415,500.935,0,22.32,22.443324372759857,766.265120710789
New Zealand 2017,A,East Coast,0.5705341122621032,37932.0,2.0,indep,equal sd,7.431033801933001e-16,adjusted table,1,2.2344119548797607,1.00444,390.654,0,26.984,14.477245775274236,174.82151421236932
New Zealand 2017,A,East Coast,0.5705341122621032,37932.0,2.0,raked,equal sd,0.0,ILR + log volume,1,5.104944705963135,1.00982,488.422,0,1011.224,0.48300079903166854,95.67450508960316
New Zealand 2017,A,East Coast,0.5705341122621032,37932.0,2.0,raked,equal sd,0.0,log cells,1,2.380369186401367,1.00707,243.393,0,429.552,0.5666205721309643,102.24662335667524
New Zealand 2017,A,East Coast,0.5705341122621032,37932.0,2.0,raked,equal sd,0.0,position logit,1,2.2573676109313965,1.00901,403.937,1,148.022,2.7288984069935553,178.9286671784543
New Zealand 2017,A,East Coast,0.5705341122621032,37932.0,2.0,raked,equal sd,0.0,odds-ratio logit,1,0.7575206756591797,1.01015,208.211,0,57.544,3.618292089531489,274.8128359695387
New Zealand 2017,A,East Coast,0.5705341122621032,37932.0,2.0,raked,equal sd,0.0,adjusted row,1,0.667858362197876,1.01096,283.971,0,20.504,13.849541552867732,425.1301207308011
New Zealand 2017,A,East Coast,0.5705341122621032,37932.0,2.0,raked,equal sd,0.0,adjusted table,1,2.0393025875091553,1.00233,255.593,0,26.464,9.658139359129384,125.32781950947205
New Zealand 2017,A,East Coast,0.5705341122621032,37932.0,2.0,national,equal sd,0.6526180722461824,ILR + log volume,1,5.3178558349609375,1.00679,359.37,0,984.088,0.36518075619253565,67.57685833050475
New Zealand 2017,A,East Coast,0.5705341122621032,37932.0,2.0,national,equal sd,0.6526180722461824,log cells,1,2.14973521232605,1.02694,55.5245,8,447.334,0.12412313841559104,25.8273009739747
New Zealand 2017,A,East Coast,0.5705341122621032,37932.0,2.0,national,equal sd,0.6526180722461824,position logit,1,2.926856756210327,1.0105,340.995,1,186.438,1.8289994529012328,116.49941930822038
New Zealand 2017,A,East Coast,0.5705341122621032,37932.0,2.0,national,equal sd,0.6526180722461824,odds-ratio logit,1,0.9522264003753662,1.01048,208.289,1,42.843,4.861681021403729,218.7172061795688
New Zealand 2017,A,East Coast,0.5705341122621032,37932.0,2.0,national,equal sd,0.6526180722461824,adjusted row,1,0.9635024070739746,1.01247,285.11,0,21.568,13.219120919881306,295.8727370624121
New Zealand 2017,A,East Coast,0.5705341122621032,37932.0,2.0,national,equal sd,0.6526180722461824,adjusted table,1,2.271451950073242,1.01053,336.905,0,28.776,11.70784681679177,148.31512449613305
New Zealand 2017,A,East Coast,0.5705341122621032,37932.0,2.0,national,interactions only,0.026104722889847297,ILR + log volume,1,5.375185012817383,1.02468,158.018,0,1021.464,0.15469757132899445,29.397131610113465
New Zealand 2017,A,East Coast,0.5705341122621032,37932.0,2.0,national,interactions only,0.026104722889847297,log cells,1,2.3224034309387207,1.10113,25.395,11,490.195,0.05180591397301074,10.934378452013528
New Zealand 2017,A,East Coast,0.5705341122621032,37932.0,2.0,national,interactions only,0.026104722889847297,position logit,1,5.363427639007568,1.03333,225.364,1,384.098,0.5867356768324751,42.01705888743944
New Zealand 2017,A,East Coast,0.5705341122621032,37932.0,2.0,national,interactions only,0.026104722889847297,odds-ratio logit,1,1.1791460514068604,1.03182,62.935,3,69.108,0.9106760432945534,53.36928147484996
New Zealand 2017,A,East Coast,0.5705341122621032,37932.0,2.0,national,interactions only,0.026104722889847297,adjusted row,1,0.8881053924560547,1.00603,294.297,0,27.336,10.765913081650572,331.3396523826333
New Zealand 2017,A,East Coast,0.5705341122621032,37932.0,2.0,national,interactions only,0.026104722889847297,adjusted table,1,1.671416997909546,1.00225,240.865,0,15.88,15.167821158690176,144.09804707165728
New Zealand 2017,A,Tukituki,0.9193945134131708,38547.0,0.5,indep,equal sd,2.190039795013723e-15,ILR + log volume,1,1.4429574012756348,1.00484,443.412,0,155.672,2.8483735032632715,307.27409434635604
New Zealand 2017,A,Tukituki,0.9193945134131708,38547.0,0.5,indep,equal sd,2.190039795013723e-15,log cells,1,0.9105145931243896,1.00321,414.904,0,126.488,3.280184681550819,455.58498604264435
New Zealand 2017,A,Tukituki,0.9193945134131708,38547.0,0.5,indep,equal sd,2.190039795013723e-15,position logit,1,0.47250986099243164,1.00342,784.848,0,23.008,34.11196105702364,1660.6933401027827
New Zealand 2017,A,Tukituki,0.9193945134131708,38547.0,0.5,indep,equal sd,2.190039795013723e-15,odds-ratio logit,1,0.4214761257171631,1.00343,695.787,0,18.264,38.09609067017083,1650.3753328062705
New Zealand 2017,A,Tukituki,0.9193945134131708,38547.0,0.5,indep,equal sd,2.190039795013723e-15,adjusted row,1,0.6877865791320801,1.00453,471.998,0,21.328,22.13043885971493,685.4203761001695
New Zealand 2017,A,Tukituki,0.9193945134131708,38547.0,0.5,indep,equal sd,2.190039795013723e-15,adjusted table,1,1.791637659072876,1.00402,416.911,0,29.264,14.246548660470202,232.68679131406284
New Zealand 2017,A,Tukituki,0.9193945134131708,38547.0,0.5,raked,equal sd,0.0,ILR + log volume,1,1.9728827476501465,1.00464,720.343,0,252.44,2.853521628901917,365.1004779698379
New Zealand 2017,A,Tukituki,0.9193945134131708,38547.0,0.5,raked,equal sd,0.0,log cells,1,0.6546108722686768,1.01032,534.584,0,62.968,8.48977258289925,816.5202235849052
New Zealand 2017,A,Tukituki,0.9193945134131708,38547.0,0.5,raked,equal sd,0.0,position logit,1,0.3864734172821045,1.00763,647.329,0,17.912,36.139403751674855,1674.316214596075
New Zealand 2017,A,Tukituki,0.9193945134131708,38547.0,0.5,raked,equal sd,0.0,odds-ratio logit,1,0.42165160179138184,1.00299,496.362,0,20.984,23.65430804422417,1176.8870147695031
New Zealand 2017,A,Tukituki,0.9193945134131708,38547.0,0.5,raked,equal sd,0.0,adjusted row,1,0.7705879211425781,1.00973,373.17,0,23.136,16.129408713692946,484.1887099177133
New Zealand 2017,A,Tukituki,0.9193945134131708,38547.0,0.5,raked,equal sd,0.0,adjusted table,1,2.1589417457580566,1.00298,331.613,0,29.208,11.353499041358532,153.59292106519422
New Zealand 2017,A,Tukituki,0.9193945134131708,38547.0,0.5,national,equal sd,4.1474189737374045,ILR + log volume,1,1.8796703815460205,1.00201,368.519,0,259.352,1.4209221444214815,196.0455203383435
New Zealand 2017,A,Tukituki,0.9193945134131708,38547.0,0.5,national,equal sd,4.1474189737374045,log cells,1,0.5303349494934082,1.00727,438.789,0,62.84,6.9826384468491405,826.7442094246483
New Zealand 2017,A,Tukituki,0.9193945134131708,38547.0,0.5,national,equal sd,4.1474189737374045,position logit,1,0.40164685249328613,1.00103,734.127,0,21.68,33.861946494464945,1827.4245045650716
New Zealand 2017,A,Tukituki,0.9193945134131708,38547.0,0.5,national,equal sd,4.1474189737374045,odds-ratio logit,1,0.34561800956726074,1.00224,568.773,0,20.176,28.19057295796987,1645.2449818944954
New Zealand 2017,A,Tukituki,0.9193945134131708,38547.0,0.5,national,equal sd,4.1474189737374045,adjusted row,1,0.6347255706787109,1.0044,469.9,0,20.096,23.3827627388535,740.1753710446935
New Zealand 2017,A,Tukituki,0.9193945134131708,38547.0,0.5,national,equal sd,4.1474189737374045,adjusted table,1,1.762599229812622,1.00442,429.288,0,26.736,16.056552962298024,243.54136322723173
New Zealand 2017,A,Tukituki,0.9193945134131708,38547.0,0.5,national,interactions only,0.041474189737374045,ILR + log volume,1,2.3973424434661865,1.02036,388.926,0,414.488,0.9383287332805774,162.22693094748288
New Zealand 2017,A,Tukituki,0.9193945134131708,38547.0,0.5,national,interactions only,0.041474189737374045,log cells,1,0.566887617111206,1.00786,271.051,0,71.8,3.77508356545961,478.0538145242338
New Zealand 2017,A,Tukituki,0.9193945134131708,38547.0,0.5,national,interactions only,0.041474189737374045,position logit,1,0.29969072341918945,1.00513,481.692,0,17.584,27.393767060964514,1606.8112449979083
New Zealand 2017,A,Tukituki,0.9193945134131708,38547.0,0.5,national,interactions only,0.041474189737374045,odds-ratio logit,1,0.4226551055908203,1.01106,342.382,0,20.168,16.976497421658074,809.8878111566296
New Zealand 2017,A,Tukituki,0.9193945134131708,38547.0,0.5,national,interactions only,0.041474189737374045,adjusted row,1,0.6525540351867676,1.00797,309.045,0,22.168,13.941041140382534,473.4791361406862
New Zealand 2017,A,Tukituki,0.9193945134131708,38547.0,0.5,national,interactions only,0.041474189737374045,adjusted table,1,1.9094951152801514,1.00405,512.272,0,29.248,17.51477024070022,268.2620831348276
New Zealand 2017,A,Tukituki,0.9193945134131708,38547.0,2.0,indep,equal sd,5.475099487534308e-16,ILR + log volume,1,4.8674445152282715,1.01092,297.314,0,992.024,0.2997044426344524,61.080946210182965
New Zealand 2017,A,Tukituki,0.9193945134131708,38547.0,2.0,indep,equal sd,5.475099487534308e-16,log cells,1,3.918327808380127,1.01006,166.029,0,1004.504,0.16528455834919523,42.3713935583901
New Zealand 2017,A,Tukituki,0.9193945134131708,38547.0,2.0,indep,equal sd,5.475099487534308e-16,position logit,1,1.2630188465118408,1.00439,411.731,2,116.909,3.5218075597259406,325.96411902605166
New Zealand 2017,A,Tukituki,0.9193945134131708,38547.0,2.0,indep,equal sd,5.475099487534308e-16,odds-ratio logit,1,0.5515775680541992,1.00785,250.623,1,31.2,8.03278846153846,454.2773045206508
New Zealand 2017,A,Tukituki,0.9193945134131708,38547.0,2.0,indep,equal sd,5.475099487534308e-16,adjusted row,1,0.747204065322876,1.01534,242.069,0,23.048,10.502820201318986,323.9250418105405
New Zealand 2017,A,Tukituki,0.9193945134131708,38547.0,2.0,indep,equal sd,5.475099487534308e-16,adjusted table,1,2.390076160430908,1.0028,375.517,0,30.856,12.16998314752398,157.104122493605
New Zealand 2017,A,Tukituki,0.9193945134131708,38547.0,2.0,raked,equal sd,0.0,ILR + log volume,1,5.575432300567627,1.0095,400.925,0,1006.712,0.39825193302553263,71.90782614466598
New Zealand 2017,A,Tukituki,0.9193945134131708,38547.0,2.0,raked,equal sd,0.0,log cells,1,1.8597643375396729,1.00879,229.782,0,323.096,0.7111880060415481,123.548836322997
New Zealand 2017,A,Tukituki,0.9193945134131708,38547.0,2.0,raked,equal sd,0.0,position logit,1,3.1514081954956055,1.01317,299.544,1,227.08,1.3191122071516646,95.04718831162936
New Zealand 2017,A,Tukituki,0.9193945134131708,38547.0,2.0,raked,equal sd,0.0,odds-ratio logit,1,0.952347993850708,1.01568,295.865,0,52.784,5.6052023340406185,310.637660822461
New Zealand 2017,A,Tukituki,0.9193945134131708,38547.0,2.0,raked,equal sd,0.0,adjusted row,1,0.9444682598114014,1.01168,221.828,0,26.048,8.51612407862408,234.84908516810614
New Zealand 2017,A,Tukituki,0.9193945134131708,38547.0,2.0,raked,equal sd,0.0,adjusted table,1,2.5175039768218994,1.00417,326.332,0,29.2,11.175753424657534,129.6156426515752
New Zealand 2017,A,Tukituki,0.9193945134131708,38547.0,2.0,national,equal sd,1.0368547434343511,ILR + log volume,1,5.275284051895142,1.00763,294.16,0,1012.248,0.2906007223526251,55.76082238454985
New Zealand 2017,A,Tukituki,0.9193945134131708,38547.0,2.0,national,equal sd,1.0368547434343511,log cells,1,1.8309447765350342,1.02224,81.5253,3,345.001,0.2363045324506306,44.52448388931989
New Zealand 2017,A,Tukituki,0.9193945134131708,38547.0,2.0,national,equal sd,1.0368547434343511,position logit,1,1.853799819946289,1.01147,365.543,3,121.409,3.01083939411411,197.17517435423844
New Zealand 2017,A,Tukituki,0.9193945134131708,38547.0,2.0,national,equal sd,1.0368547434343511,odds-ratio logit,1,0.8048796653747559,1.0214,168.424,0,46.908,3.590517608936642,209.22544123517451
New Zealand 2017,A,Tukituki,0.9193945134131708,38547.0,2.0,national,equal sd,1.0368547434343511,adjusted row,1,0.8160092830657959,1.01097,195.708,0,24.36,8.033990147783252,239.80755048422577
New Zealand 2017,A,Tukituki,0.9193945134131708,38547.0,2.0,national,equal sd,1.0368547434343511,adjusted table,1,2.438149929046631,1.00396,288.698,0,28.056,10.290062731679496,118.39933590381284
New Zealand 2017,A,Tukituki,0.9193945134131708,38547.0,2.0,national,interactions only,0.041474189737374045,ILR + log volume,1,5.9728827476501465,1.01623,130.4,0,1020.728,0.12775195742646425,21.83150639870254
New Zealand 2017,A,Tukituki,0.9193945134131708,38547.0,2.0,national,interactions only,0.041474189737374045,log cells,1,2.40149188041687,1.0194,147.189,1,514.253,0.28621904004449167,61.28821075295632
New Zealand 2017,A,Tukituki,0.9193945134131708,38547.0,2.0,national,interactions only,0.041474189737374045,position logit,1,8.85815143585205,1.01939,168.151,11,608.697,0.27624745973776776,18.982425392482106
New Zealand 2017,A,Tukituki,0.9193945134131708,38547.0,2.0,national,interactions only,0.041474189737374045,odds-ratio logit,1,1.7961068153381348,1.01005,210.208,1,87.186,2.4110292936939413,117.02354991241248
New Zealand 2017,A,Tukituki,0.9193945134131708,38547.0,2.0,national,interactions only,0.041474189737374045,adjusted row,1,1.0012860298156738,1.00916,354.602,0,29.784,11.905788342734354,354.11274520148214
New Zealand 2017,A,Tukituki,0.9193945134131708,38547.0,2.0,national,interactions only,0.041474189737374045,adjusted table,1,2.577982187271118,1.01183,421.885,0,28.56,14.7718837535014,163.64199787595376
New Zealand 2017,A,Pakuranga,1.190502369445735,35422.0,0.5,indep,equal sd,3.1875583852294587e-15,ILR + log volume,1,1.333444595336914,1.00529,642.984,0,162.008,3.9688410448866724,482.16284713523044
New Zealand 2017,A,Pakuranga,1.190502369445735,35422.0,0.5,indep,equal sd,3.1875583852294587e-15,log cells,1,0.6616828441619873,1.01004,283.244,1,107.617,2.6319633515150955,427.94614204721273
New Zealand 2017,A,Pakuranga,1.190502369445735,35422.0,0.5,indep,equal sd,3.1875583852294587e-15,position logit,1,0.3061075210571289,1.003,819.22,0,15.192,53.92443391258557,2675.428149204782
New Zealand 2017,A,Pakuranga,1.190502369445735,35422.0,0.5,indep,equal sd,3.1875583852294587e-15,odds-ratio logit,1,0.30136537551879883,1.00295,693.75,0,15.528,44.67735703245749,2301.1836495505263
New Zealand 2017,A,Pakuranga,1.190502369445735,35422.0,0.5,indep,equal sd,3.1875583852294587e-15,adjusted row,1,0.6456577777862549,1.00216,665.309,0,20.224,32.89700356012658,1030.2883580290443
New Zealand 2017,A,Pakuranga,1.190502369445735,35422.0,0.5,indep,equal sd,3.1875583852294587e-15,adjusted table,1,1.4210398197174072,1.02146,287.837,0,21.512,13.380299367794718,202.53618696713238
New Zealand 2017,A,Pakuranga,1.190502369445735,35422.0,0.5,raked,equal sd,0.0,ILR + log volume,1,1.538299560546875,1.0069,1080.78,0,248.28,4.353069115514741,702.5365466057827
New Zealand 2017,A,Pakuranga,1.190502369445735,35422.0,0.5,raked,equal sd,0.0,log cells,1,0.5044045448303223,1.00185,660.214,0,60.088,10.987451737451739,1308.621928297336
New Zealand 2017,A,Pakuranga,1.190502369445735,35422.0,0.5,raked,equal sd,0.0,position logit,1,0.3147294521331787,1.00156,670.228,0,16.872,39.72427690848743,2128.930567688063
New Zealand 2017,A,Pakuranga,1.190502369445735,35422.0,0.5,raked,equal sd,0.0,odds-ratio logit,1,0.29992222785949707,1.0084,525.526,0,16.744,31.3859292881032,1751.6826140302078
New Zealand 2017,A,Pakuranga,1.190502369445735,35422.0,0.5,raked,equal sd,0.0,adjusted row,1,0.5712485313415527,1.00136,566.201,0,20.952,27.023720885834287,991.0052099981056
New Zealand 2017,A,Pakuranga,1.190502369445735,35422.0,0.5,raked,equal sd,0.0,adjusted table,1,1.6749107837677002,1.00288,313.026,0,22.24,14.074910071942448,186.8811195482945
New Zealand 2017,A,Pakuranga,1.190502369445735,35422.0,0.5,national,equal sd,3.3187297085238043,ILR + log volume,1,1.7498807907104492,1.00392,815.458,0,249.496,3.2684211370122163,465.9829833657633
New Zealand 2017,A,Pakuranga,1.190502369445735,35422.0,0.5,national,equal sd,3.3187297085238043,log cells,1,0.541107177734375,1.00381,550.677,0,57.352,9.601705258752965,1017.4735803485488
New Zealand 2017,A,Pakuranga,1.190502369445735,35422.0,0.5,national,equal sd,3.3187297085238043,position logit,1,0.4097433090209961,1.00441,665.637,0,21.96,30.311338797814205,1624.2081840039093
New Zealand 2017,A,Pakuranga,1.190502369445735,35422.0,0.5,national,equal sd,3.3187297085238043,odds-ratio logit,1,0.5060861110687256,1.00669,625.118,0,16.312,38.32258460029426,1234.9117208709972
New Zealand 2017,A,Pakuranga,1.190502369445735,35422.0,0.5,national,equal sd,3.3187297085238043,adjusted row,1,0.6416923999786377,1.00631,526.265,0,20.256,25.98069707740916,819.9384835199941
New Zealand 2017,A,Pakuranga,1.190502369445735,35422.0,0.5,national,equal sd,3.3187297085238043,adjusted table,1,1.6478548049926758,1.00454,343.345,0,21.64,15.866219963031424,208.3473148780437
New Zealand 2017,A,Pakuranga,1.190502369445735,35422.0,0.5,national,interactions only,0.03318729708523804,ILR + log volume,1,1.9522767066955566,1.00385,510.017,0,259.352,1.9665049816465654,261.22969453254206
New Zealand 2017,A,Pakuranga,1.190502369445735,35422.0,0.5,national,interactions only,0.03318729708523804,log cells,1,0.55344557762146,1.01677,392.862,0,65.336,6.01294845108363,709.7249703013283
New Zealand 2017,A,Pakuranga,1.190502369445735,35422.0,0.5,national,interactions only,0.03318729708523804,position logit,1,0.40761446952819824,1.00981,440.452,0,17.12,25.72733644859813,1080.284139257679
New Zealand 2017,A,Pakuranga,1.190502369445735,35422.0,0.5,national,interactions only,0.03318729708523804,odds-ratio logit,1,0.3589639663696289,1.00386,509.89,0,18.288,27.88112423447069,1420.074532858876
New Zealand 2017,A,Pakuranga,1.190502369445735,35422.0,0.5,national,interactions only,0.03318729708523804,adjusted row,1,0.6299691200256348,1.00976,548.512,0,22.832,24.02382620882971,870.2994209347648
New Zealand 2017,A,Pakuranga,1.190502369445735,35422.0,0.5,national,interactions only,0.03318729708523804,adjusted table,1,1.7458131313323975,1.00269,378.834,0,21.16,17.903308128544424,216.97253181932513
New Zealand 2017,A,Pakuranga,1.190502369445735,35422.0,2.0,indep,equal sd,7.968895963073647e-16,ILR + log volume,1,4.730148077011108,1.00444,302.184,0,872.472,0.34635380848898306,63.88323502429017
New Zealand 2017,A,Pakuranga,1.190502369445735,35422.0,2.0,indep,equal sd,7.968895963073647e-16,log cells,1,2.448321580886841,1.00664,130.336,0,524.824,0.24834230141914246,53.232939597176895
New Zealand 2017,A,Pakuranga,1.190502369445735,35422.0,2.0,indep,equal sd,7.968895963073647e-16,position logit,1,1.0304358005523682,1.00488,356.487,1,68.824,5.179690224340347,345.91492688316674
New Zealand 2017,A,Pakuranga,1.190502369445735,35422.0,2.0,indep,equal sd,7.968895963073647e-16,odds-ratio logit,1,0.6327168941497803,1.00943,267.878,0,32.52,8.237330873308732,423.32263320158995
New Zealand 2017,A,Pakuranga,1.190502369445735,35422.0,2.0,indep,equal sd,7.968895963073647e-16,adjusted row,1,0.6883499622344971,1.0051,456.412,0,22.048,20.700834542815677,662.9597241012456
New Zealand 2017,A,Pakuranga,1.190502369445735,35422.0,2.0,indep,equal sd,7.968895963073647e-16,adjusted table,1,2.2537856101989746,1.00729,339.275,0,28.968,11.712061585197459,150.52535900735646
New Zealand 2017,A,Pakuranga,1.190502369445735,35422.0,2.0,raked,equal sd,0.0,ILR + log volume,1,4.77186918258667,1.00408,373.855,0,976.408,0.38288809595988565,78.34431002904722
New Zealand 2017,A,Pakuranga,1.190502369445735,35422.0,2.0,raked,equal sd,0.0,log cells,1,1.7240879535675049,1.03828,56.0735,3,345.542,0.16227694462612363,32.521247675772756
New Zealand 2017,A,Pakuranga,1.190502369445735,35422.0,2.0,raked,equal sd,0.0,position logit,1,4.844101190567017,1.01649,184.924,0,417.688,0.44273237440386126,38.17417897149726
New Zealand 2017,A,Pakuranga,1.190502369445735,35422.0,2.0,raked,equal sd,0.0,odds-ratio logit,1,0.895336389541626,1.01184,236.045,0,52.184,4.523321324543922,263.6066823368028
New Zealand 2017,A,Pakuranga,1.190502369445735,35422.0,2.0,raked,equal sd,0.0,adjusted row,1,0.9195330142974854,1.00873,312.08,0,23.632,13.20582261340555,339.35147646435854
New Zealand 2017,A,Pakuranga,1.190502369445735,35422.0,2.0,raked,equal sd,0.0,adjusted table,1,2.5829081535339355,1.00426,251.694,0,29.752,8.459733799408443,97.4425377801719
New Zealand 2017,A,Pakuranga,1.190502369445735,35422.0,2.0,national,equal sd,0.8296824271309511,ILR + log volume,1,4.885688066482544,1.00668,519.208,0,997.048,0.5207452399483274,106.26923257671132
New Zealand 2017,A,Pakuranga,1.190502369445735,35422.0,2.0,national,equal sd,0.8296824271309511,log cells,1,1.7604410648345947,1.00779,184.892,1,301.37,0.6135049938613664,105.0199932678281
New Zealand 2017,A,Pakuranga,1.190502369445735,35422.0,2.0,national,equal sd,0.8296824271309511,position logit,1,2.4699008464813232,1.00753,325.254,1,192.164,1.6925854998855148,131.6821738835317
New Zealand 2017,A,Pakuranga,1.190502369445735,35422.0,2.0,national,equal sd,0.8296824271309511,odds-ratio logit,1,0.6352393627166748,1.00796,284.009,1,37.443,7.585102689421254,446.9842150050882
New Zealand 2017,A,Pakuranga,1.190502369445735,35422.0,2.0,national,equal sd,0.8296824271309511,adjusted row,1,0.8850550651550293,1.00714,266.345,0,28.856,9.2301427779318,300.8960360967969
New Zealand 2017,A,Pakuranga,1.190502369445735,35422.0,2.0,national,equal sd,0.8296824271309511,adjusted table,1,2.305388927459717,1.00501,371.528,0,28.904,12.85386105729311,161.14862232289593
New Zealand 2017,A,Pakuranga,1.190502369445735,35422.0,2.0,national,interactions only,0.03318729708523804,ILR + log volume,1,5.099693536758423,1.01155,241.157,0,1019.928,0.23644512161642783,47.28773421329495
New Zealand 2017,A,Pakuranga,1.190502369445735,35422.0,2.0,national,interactions only,0.03318729708523804,log cells,1,2.12449312210083,1.00965,173.413,0,460.256,0.37677509907529727,81.6221528829348
New Zealand 2017,A,Pakuranga,1.190502369445735,35422.0,2.0,national,interactions only,0.03318729708523804,position logit,1,8.63112187385559,1.01156,321.317,0,940.408,0.3416782928260925,37.22714445008868
New Zealand 2017,A,Pakuranga,1.190502369445735,35422.0,2.0,national,interactions only,0.03318729708523804,odds-ratio logit,1,1.2573745250701904,1.01699,170.475,2,70.174,2.429318551030296,135.5583574138835
New Zealand 2017,A,Pakuranga,1.190502369445735,35422.0,2.0,national,interactions only,0.03318729708523804,adjusted row,1,1.0835702419281006,1.01388,130.288,0,29.624,4.398055630569809,120.22780610071973
New Zealand 2017,A,Pakuranga,1.190502369445735,35422.0,2.0,national,interactions only,0.03318729708523804,adjusted table,1,2.6447741985321045,1.01188,401.549,0,30.944,12.976635211995863,151.82199044492944
New Zealand 2017,A,Helensville,1.5373180579824293,38676.0,0.5,indep,equal sd,3.5438207645306368e-15,ILR + log volume,1,1.4573521614074707,1.00369,694.234,0,183.32,3.7870063277329264,476.33667063517316
New Zealand 2017,A,Helensville,1.5373180579824293,38676.0,0.5,indep,equal sd,3.5438207645306368e-15,log cells,1,0.8088192939758301,1.0049,556.44,0,125.72,4.4260260897231944,687.8796076583201
New Zealand 2017,A,Helensville,1.5373180579824293,38676.0,0.5,indep,equal sd,3.5438207645306368e-15,position logit,1,0.3094189167022705,1.00091,712.632,0,18.728,38.05168731311405,2302.4611863494415
New Zealand 2017,A,Helensville,1.5373180579824293,38676.0,0.5,indep,equal sd,3.5438207645306368e-15,odds-ratio logit,1,0.3272132873535156,1.00349,663.234,0,17.92,37.01082589285714,2026.4144512970836
New Zealand 2017,A,Helensville,1.5373180579824293,38676.0,0.5,indep,equal sd,3.5438207645306368e-15,adjusted row,1,0.5697450637817383,1.00773,533.241,0,19.448,27.418809132044426,935.682449780238
New Zealand 2017,A,Helensville,1.5373180579824293,38676.0,0.5,indep,equal sd,3.5438207645306368e-15,adjusted table,1,1.6283137798309326,1.0036,460.371,0,33.744,13.643047652916074,282.71290507676105
New Zealand 2017,A,Helensville,1.5373180579824293,38676.0,0.5,raked,equal sd,0.0,ILR + log volume,1,1.8103454113006592,1.00313,788.486,0,253.72,3.1077014031215513,435.51496864934853
New Zealand 2017,A,Helensville,1.5373180579824293,38676.0,0.5,raked,equal sd,0.0,log cells,1,0.5571379661560059,1.00386,378.908,0,62.616,6.05129679315191,679.8301852708018
New Zealand 2017,A,Helensville,1.5373180579824293,38676.0,0.5,raked,equal sd,0.0,position logit,1,0.5109164714813232,1.00353,646.225,0,21.816,29.62160799413275,1264.6083219374775
New Zealand 2017,A,Helensville,1.5373180579824293,38676.0,0.5,raked,equal sd,0.0,odds-ratio logit,1,0.3553171157836914,1.00274,659.934,0,16.288,40.51657662082515,1856.398095246271
New Zealand 2017,A,Helensville,1.5373180579824293,38676.0,0.5,raked,equal sd,0.0,adjusted row,1,0.5826864242553711,1.00403,395.533,0,20.32,19.465206692913387,678.6619093236027
New Zealand 2017,A,Helensville,1.5373180579824293,38676.0,0.5,raked,equal sd,0.0,adjusted table,1,1.9248437881469727,1.00973,482.646,0,29.68,16.2616576819407,250.72544944226718
New Zealand 2017,A,Helensville,1.5373180579824293,38676.0,0.5,national,equal sd,6.590804685711675,ILR + log volume,1,1.6803312301635742,1.00279,763.887,0,251.288,3.039886504727643,454.58037378156865
New Zealand 2017,A,Helensville,1.5373180579824293,38676.0,0.5,national,equal sd,6.590804685711675,log cells,1,0.5575530529022217,1.01113,313.339,0,77.112,4.063427222740948,561.8946605157374
New Zealand 2017,A,Helensville,1.5373180579824293,38676.0,0.5,national,equal sd,6.590804685711675,position logit,1,0.32589292526245117,1.00189,782.182,0,16.504,47.39348036839554,2399.506957671753
New Zealand 2017,A,Helensville,1.5373180579824293,38676.0,0.5,national,equal sd,6.590804685711675,odds-ratio logit,1,0.36107444763183594,1.0051,437.762,0,19.712,22.20789366883117,1212.076562106725
New Zealand 2017,A,Helensville,1.5373180579824293,38676.0,0.5,national,equal sd,6.590804685711675,adjusted row,1,0.6466372013092041,1.008,473.363,0,21.632,21.882535133136095,731.9346349565874
New Zealand 2017,A,Helensville,1.5373180579824293,38676.0,0.5,national,equal sd,6.590804685711675,adjusted table,1,1.9206078052520752,1.0034,494.089,0,27.008,18.294172097156398,257.24610806558786
New Zealand 2017,A,Helensville,1.5373180579824293,38676.0,0.5,national,interactions only,0.06590804685711675,ILR + log volume,1,2.000192165374756,1.00487,435.656,0,284.056,1.5336975807587236,217.79731118704998
New Zealand 2017,A,Helensville,1.5373180579824293,38676.0,0.5,national,interactions only,0.06590804685711675,log cells,1,0.6028175354003906,1.00402,269.854,1,77.705,3.47280097805804,447.5870831107953
New Zealand 2017,A,Helensville,1.5373180579824293,38676.0,0.5,national,interactions only,0.06590804685711675,position logit,1,0.3993394374847412,1.00584,572.09,0,22.856,25.03018900945047,1432.2427656417315
New Zealand 2017,A,Helensville,1.5373180579824293,38676.0,0.5,national,interactions only,0.06590804685711675,odds-ratio logit,1,0.36658716201782227,1.01215,328.085,0,19.056,17.216887069689335,894.7536905182995
New Zealand 2017,A,Helensville,1.5373180579824293,38676.0,0.5,national,interactions only,0.06590804685711675,adjusted row,1,0.6024494171142578,1.00344,436.897,0,21.12,20.686410984848482,725.0711466971392
New Zealand 2017,A,Helensville,1.5373180579824293,38676.0,0.5,national,interactions only,0.06590804685711675,adjusted table,1,1.9319307804107666,1.00391,468.269,0,34.12,13.724179366940213,242.3724570707753
New Zealand 2017,A,Helensville,1.5373180579824293,38676.0,2.0,indep,equal sd,8.859551911326592e-16,ILR + log volume,1,4.904693603515625,1.00277,503.676,0,907.8,0.5548314606741573,102.68918907180324
New Zealand 2017,A,Helensville,1.5373180579824293,38676.0,2.0,indep,equal sd,8.859551911326592e-16,log cells,1,2.4615447521209717,1.0137,292.974,0,524.056,0.5590509411207962,119.01633714957494
New Zealand 2017,A,Helensville,1.5373180579824293,38676.0,2.0,indep,equal sd,8.859551911326592e-16,position logit,1,1.369380235671997,1.01185,447.89,0,95.032,4.713044027275023,327.04445014765497
New Zealand 2017,A,Helensville,1.5373180579824293,38676.0,2.0,indep,equal sd,8.859551911326592e-16,odds-ratio logit,1,0.6541943550109863,1.01083,229.942,1,32.848,7.00018265952265,351.43387134221643
New Zealand 2017,A,Helensville,1.5373180579824293,38676.0,2.0,indep,equal sd,8.859551911326592e-16,adjusted row,1,0.6836962699890137,1.00797,407.876,0,21.536,18.939264487369982,596.492270924925
New Zealand 2017,A,Helensville,1.5373180579824293,38676.0,2.0,indep,equal sd,8.859551911326592e-16,adjusted table,1,2.136866569519043,1.0109,385.286,0,29.408,13.101400979325353,180.29638673952277
New Zealand 2017,A,Helensville,1.5373180579824293,38676.0,2.0,raked,equal sd,0.0,ILR + log volume,1,4.868882417678833,1.0076,465.052,0,982.552,0.47331031843607263,95.51317855255361
New Zealand 2017,A,Helensville,1.5373180579824293,38676.0,2.0,raked,equal sd,0.0,log cells,1,1.8052139282226562,1.01314,159.069,2,373.904,0.42542738242971456,88.11224851851729
New Zealand 2017,A,Helensville,1.5373180579824293,38676.0,2.0,raked,equal sd,0.0,position logit,1,3.79638671875,1.00915,416.013,0,417.868,0.9955607991040233,109.5785150380206
New Zealand 2017,A,Helensville,1.5373180579824293,38676.0,2.0,raked,equal sd,0.0,odds-ratio logit,1,0.8026835918426514,1.02709,171.094,1,52.46,3.261418223408311,213.12867951441532
New Zealand 2017,A,Helensville,1.5373180579824293,38676.0,2.0,raked,equal sd,0.0,adjusted row,1,0.853543758392334,1.0066,267.7,0,26.928,9.941325014854426,313.5623900012148
New Zealand 2017,A,Helensville,1.5373180579824293,38676.0,2.0,raked,equal sd,0.0,adjusted table,1,2.8018651008605957,1.00276,387.233,0,29.736,13.022363465160074,138.1988313598985
New Zealand 2017,A,Helensville,1.5373180579824293,38676.0,2.0,national,equal sd,1.6477011714279188,ILR + log volume,1,5.315546274185181,1.00657,483.282,0,968.728,0.49888307140910554,90.91669082976624
New Zealand 2017,A,Helensville,1.5373180579824293,38676.0,2.0,national,equal sd,1.6477011714279188,log cells,1,2.230748414993286,1.0084,258.997,1,463.54,0.5587371100660137,116.09701993067388
New Zealand 2017,A,Helensville,1.5373180579824293,38676.0,2.0,national,equal sd,1.6477011714279188,position logit,1,1.8856024742126465,1.00674,399.929,2,130.329,3.0686109768355467,212.07881376320637
New Zealand 2017,A,Helensville,1.5373180579824293,38676.0,2.0,national,equal sd,1.6477011714279188,odds-ratio logit,1,0.6754992008209229,1.00736,217.643,2,35.193,6.184269599067997,322.15099272279537
New Zealand 2017,A,Helensville,1.5373180579824293,38676.0,2.0,national,equal sd,1.6477011714279188,adjusted row,1,0.812028169631958,1.01719,166.342,0,21.356,7.789005431728788,204.7952003625728
New Zealand 2017,A,Helensville,1.5373180579824293,38676.0,2.0,national,equal sd,1.6477011714279188,adjusted table,1,2.2847402095794678,1.00513,314.439,0,27.776,11.320528513824886,137.6204279748975
New Zealand 2017,A,Helensville,1.5373180579824293,38676.0,2.0,national,interactions only,0.06590804685711675,ILR + log volume,1,5.2773051261901855,1.01121,229.367,0,1019.16,0.22505494721142902,43.46217830257984
New Zealand 2017,A,Helensville,1.5373180579824293,38676.0,2.0,national,interactions only,0.06590804685711675,log cells,1,2.6160051822662354,1.01834,132.216,0,567.522,0.2329707042193959,50.53941094056471
New Zealand 2017,A,Helensville,1.5373180579824293,38676.0,2.0,national,interactions only,0.06590804685711675,position logit,1,7.604204177856445,1.01123,227.188,1,536.987,0.4230791434429511,29.876278492239468
New Zealand 2017,A,Helensville,1.5373180579824293,38676.0,2.0,national,interactions only,0.06590804685711675,odds-ratio logit,1,2.4698598384857178,1.015,162.005,4,173.363,0.9344842901887946,65.58991643562128
New Zealand 2017,A,Helensville,1.5373180579824293,38676.0,2.0,national,interactions only,0.06590804685711675,adjusted row,1,0.9053897857666016,1.01447,339.716,0,24.008,14.150116627790737,375.1515689493024
New Zealand 2017,A,Helensville,1.5373180579824293,38676.0,2.0,national,interactions only,0.06590804685711675,adjusted table,1,2.624727964401245,1.00396,455.207,0,32.336,14.077405987135082,173.42135766875523
New Zealand 2017,A,Mangere,2.1277620161787745,27383.0,0.5,indep,equal sd,2.961778733473797e-15,ILR + log volume,1,1.106835126876831,1.00159,770.996,0,135.72,5.680783966990863,696.5145335774379
New Zealand 2017,A,Mangere,2.1277620161787745,27383.0,0.5,indep,equal sd,2.961778733473797e-15,log cells,1,0.46271276473999023,1.00668,323.02,1,65.194,4.954750437156793,697.9512274691642
New Zealand 2017,A,Mangere,2.1277620161787745,27383.0,0.5,indep,equal sd,2.961778733473797e-15,position logit,1,0.21977567672729492,1.00533,605.249,0,11.24,53.847775800711744,2752.825971634574
New Zealand 2017,A,Mangere,2.1277620161787745,27383.0,0.5,indep,equal sd,2.961778733473797e-15,odds-ratio logit,1,0.23657727241516113,1.00287,628.924,0,11.888,52.90410497981157,2657.0022953999255
New Zealand 2017,A,Mangere,2.1277620161787745,27383.0,0.5,indep,equal sd,2.961778733473797e-15,adjusted row,1,0.43300437927246094,1.00784,434.388,0,12.672,34.279356060606055,1002.9888512204063
New Zealand 2017,A,Mangere,2.1277620161787745,27383.0,0.5,indep,equal sd,2.961778733473797e-15,adjusted table,1,1.1036651134490967,1.00245,247.712,0,17.144,14.448903406439571,224.42525960576404
New Zealand 2017,A,Mangere,2.1277620161787745,27383.0,0.5,raked,equal sd,0.0,ILR + log volume,1,1.2906737327575684,1.00368,836.487,0,207.896,4.023583907338285,648.0565161664989
New Zealand 2017,A,Mangere,2.1277620161787745,27383.0,0.5,raked,equal sd,0.0,log cells,1,0.4423332214355469,1.00667,464.483,0,54.168,8.574859695761335,1049.847390248976
New Zealand 2017,A,Mangere,2.1277620161787745,27383.0,0.5,raked,equal sd,0.0,position logit,1,0.3339650630950928,1.00712,576.367,0,11.944,48.25577695914266,1725.2070202453938
New Zealand 2017,A,Mangere,2.1277620161787745,27383.0,0.5,raked,equal sd,0.0,odds-ratio logit,1,0.25460362434387207,1.00121,634.183,0,10.8,58.72064814814814,2490.06652484163
New Zealand 2017,A,Mangere,2.1277620161787745,27383.0,0.5,raked,equal sd,0.0,adjusted row,1,0.4450829029083252,1.00868,502.515,0,13.616,36.90621327849589,1128.791360070779
New Zealand 2017,A,Mangere,2.1277620161787745,27383.0,0.5,raked,equal sd,0.0,adjusted table,1,1.7144832611083984,1.00685,326.491,0,23.856,13.685907109322601,190.41572781307644
New Zealand 2017,A,Mangere,2.1277620161787745,27383.0,0.5,national,equal sd,6.799553912994101,ILR + log volume,1,1.5047688484191895,1.00383,608.749,0,191.768,3.1744034458303787,404.5121020685219
New Zealand 2017,A,Mangere,2.1277620161787745,27383.0,0.5,national,equal sd,6.799553912994101,log cells,1,0.5461325645446777,1.00575,554.788,0,63.352,8.757229448162647,1015.6340004940794
New Zealand 2017,A,Mangere,2.1277620161787745,27383.0,0.5,national,equal sd,6.799553912994101,position logit,1,0.2681925296783447,1.0047,726.154,0,11.128,65.25467289719626,2706.5020219082207
New Zealand 2017,A,Mangere,2.1277620161787745,27383.0,0.5,national,equal sd,6.799553912994101,odds-ratio logit,1,0.23003649711608887,1.00351,445.368,0,10.824,41.146341463414636,1935.4174378136101
New Zealand 2017,A,Mangere,2.1277620161787745,27383.0,0.5,national,equal sd,6.799553912994101,adjusted row,1,0.42150306701660156,1.00348,439.976,0,11.536,38.13938973647711,1043.594344134072
New Zealand 2017,A,Mangere,2.1277620161787745,27383.0,0.5,national,equal sd,6.799553912994101,adjusted table,1,1.6608192920684814,1.00473,280.13,0,21.56,12.9930426716141,168.65056617596608
New Zealand 2017,A,Mangere,2.1277620161787745,27383.0,0.5,national,interactions only,0.06799553912994101,ILR + log volume,1,1.7852509021759033,1.00198,373.596,0,253.72,1.472473592937096,209.25395140797954
New Zealand 2017,A,Mangere,2.1277620161787745,27383.0,0.5,national,interactions only,0.06799553912994101,log cells,1,0.639594554901123,1.00191,299.6,0,65.848,4.5498724334831735,468.3431869953606
New Zealand 2017,A,Mangere,2.1277620161787745,27383.0,0.5,national,interactions only,0.06799553912994101,position logit,1,0.32100558280944824,1.0037,480.977,0,12.592,38.19702986022871,1497.6905833317867
New Zealand 2017,A,Mangere,2.1277620161787745,27383.0,0.5,national,interactions only,0.06799553912994101,odds-ratio logit,1,0.26201891899108887,1.00878,527.102,0,10.632,49.57693754702784,2010.4577738889095
New Zealand 2017,A,Mangere,2.1277620161787745,27383.0,0.5,national,interactions only,0.06799553912994101,adjusted row,1,0.4574429988861084,1.00096,659.124,0,12.496,52.74679897567221,1440.2811774418158
New Zealand 2017,A,Mangere,2.1277620161787745,27383.0,0.5,national,interactions only,0.06799553912994101,adjusted table,1,1.2248342037200928,1.00406,434.041,0,14.112,30.75687358276644,354.3434179541664
New Zealand 2017,A,Mangere,2.1277620161787745,27383.0,2.0,indep,equal sd,7.404446833684493e-16,ILR + log volume,1,4.406907558441162,1.00652,307.17,0,766.744,0.4006161117661175,69.69856374898194
New Zealand 2017,A,Mangere,2.1277620161787745,27383.0,2.0,indep,equal sd,7.404446833684493e-16,log cells,1,2.629735231399536,1.02325,291.22,0,502.552,0.5794823222273516,110.73685950569067
New Zealand 2017,A,Mangere,2.1277620161787745,27383.0,2.0,indep,equal sd,7.404446833684493e-16,position logit,1,0.6261966228485107,1.00656,433.316,0,40.04,10.822077922077922,691.8121593681851
New Zealand 2017,A,Mangere,2.1277620161787745,27383.0,2.0,indep,equal sd,7.404446833684493e-16,odds-ratio logit,1,0.45669102668762207,1.00666,386.601,0,20.856,18.536680092059836,845.9924144518471
New Zealand 2017,A,Mangere,2.1277620161787745,27383.0,2.0,indep,equal sd,7.404446833684493e-16,adjusted row,1,0.5142428874969482,1.00438,526.342,0,17.28,30.45960648148148,1023.2632873212762
New Zealand 2017,A,Mangere,2.1277620161787745,27383.0,2.0,indep,equal sd,7.404446833684493e-16,adjusted table,1,1.851609468460083,1.00746,347.131,0,25.408,13.662271725440805,187.46352270900124
New Zealand 2017,A,Mangere,2.1277620161787745,27383.0,2.0,raked,equal sd,0.0,ILR + log volume,1,4.123333930969238,1.00898,427.146,0,855.064,0.4995485718028125,103.58975645695523
New Zealand 2017,A,Mangere,2.1277620161787745,27383.0,2.0,raked,equal sd,0.0,log cells,1,1.821784496307373,1.01639,136.51,0,317.592,0.4298282072596287,74.92869999006733
New Zealand 2017,A,Mangere,2.1277620161787745,27383.0,2.0,raked,equal sd,0.0,position logit,1,1.2158513069152832,1.01159,417.055,0,65.72,6.345937309799148,342.96127333178316
New Zealand 2017,A,Mangere,2.1277620161787745,27383.0,2.0,raked,equal sd,0.0,odds-ratio logit,1,0.5059559345245361,1.01199,468.734,0,29.272,16.013050013664937,926.2473945981192
New Zealand 2017,A,Mangere,2.1277620161787745,27383.0,2.0,raked,equal sd,0.0,adjusted row,1,0.5851140022277832,1.00616,488.488,0,17.656,27.66696873584051,834.7381006875934
New Zealand 2017,A,Mangere,2.1277620161787745,27383.0,2.0,raked,equal sd,0.0,adjusted table,1,2.04124116897583,1.00448,285.049,0,26.712,10.671196466007785,139.63753508462935
New Zealand 2017,A,Mangere,2.1277620161787745,27383.0,2.0,national,equal sd,1.6998884782485253,ILR + log volume,1,4.391088247299194,1.00882,380.981,0,807.96,0.47153448190504477,86.76075519308915
New Zealand 2017,A,Mangere,2.1277620161787745,27383.0,2.0,national,equal sd,1.6998884782485253,log cells,1,1.6053075790405273,1.02171,92.9664,2,281.039,0.33079537003761045,57.90868453303999
New Zealand 2017,A,Mangere,2.1277620161787745,27383.0,2.0,national,equal sd,1.6998884782485253,position logit,1,1.391965389251709,1.01119,481.389,3,88.471,5.4412067231070065,345.80565856472344
New Zealand 2017,A,Mangere,2.1277620161787745,27383.0,2.0,national,equal sd,1.6998884782485253,odds-ratio logit,1,0.6293990612030029,1.01682,249.81,0,34.328,7.277149848520158,396.8234862385321
New Zealand 2017,A,Mangere,2.1277620161787745,27383.0,2.0,national,equal sd,1.6998884782485253,adjusted row,1,0.6655771732330322,1.0579,46.4233,0,16.304,2.8473564769381747,69.73819461924748
New Zealand 2017,A,Mangere,2.1277620161787745,27383.0,2.0,national,equal sd,1.6998884782485253,adjusted table,1,2.1291725635528564,1.00398,352.536,0,30.48,11.566141732283464,165.56709722007454
New Zealand 2017,A,Mangere,2.1277620161787745,27383.0,2.0,national,interactions only,0.06799553912994101,ILR + log volume,1,5.154716968536377,1.00999,295.516,0,964.632,0.3063510229807844,57.32829218002825
New Zealand 2017,A,Mangere,2.1277620161787745,27383.0,2.0,national,interactions only,0.06799553912994101,log cells,1,2.1772677898406982,1.09248,20.7428,12,427.793,0.04848793692276404,9.526591785886472
New Zealand 2017,A,Mangere,2.1277620161787745,27383.0,2.0,national,interactions only,0.06799553912994101,position logit,1,2.820729970932007,1.00673,300.644,1,210.306,1.4295550293382024,106.57564142496133
New Zealand 2017,A,Mangere,2.1277620161787745,27383.0,2.0,national,interactions only,0.06799553912994101,odds-ratio logit,1,0.7846713066101074,1.02897,176.907,2,31.64,5.591245259165613,225.42706106628575
New Zealand 2017,A,Mangere,2.1277620161787745,27383.0,2.0,national,interactions only,0.06799553912994101,adjusted row,1,0.6462185382843018,1.00513,442.766,0,20.952,21.132397861779303,685.0570795798533
New Zealand 2017,A,Mangere,2.1277620161787745,27383.0,2.0,national,interactions only,0.06799553912994101,adjusted table,1,1.6912102699279785,1.01123,415.114,0,17.952,23.123551693404632,245.44193926380427
New Zealand 2017,B,Pakuranga,1.190502369445735,354.22,1.0,raked,equal sd,0.0,ILR + log volume,1,0.4548633098602295,1.00154,921.508,0,61.432,15.00045578851413,2025.478382583259
New Zealand 2017,B,Pakuranga,1.190502369445735,354.22,1.0,raked,equal sd,0.0,log cells,1,0.24089932441711426,1.00594,523.894,0,18.44,28.410737527114964,2173.5851573985874
New Zealand 2017,B,Pakuranga,1.190502369445735,354.22,1.0,raked,equal sd,0.0,position logit,1,1.2808709144592285,1.00701,408.211,0,117.08,3.486598906730441,318.66822427368345
New Zealand 2017,B,Pakuranga,1.190502369445735,354.22,1.0,raked,equal sd,0.0,odds-ratio logit,1,0.49900245666503906,1.0042,499.955,0,33.0,15.150151515151515,1001.5519102991144
New Zealand 2017,B,Pakuranga,1.190502369445735,354.22,1.0,raked,equal sd,0.0,adjusted row,1,0.8080587387084961,1.01082,365.107,0,23.648,15.439233761840326,451.77493485450225
New Zealand 2017,B,Pakuranga,1.190502369445735,354.22,1.0,raked,equal sd,0.0,adjusted table,1,2.43869686126709,1.00471,205.54,0,28.704,7.160674470457079,84.27966941851437
New Zealand 2017,B,Pakuranga,1.190502369445735,35422.0,1.0,raked,equal sd,0.0,ILR + log volume,1,2.8781938552856445,1.00501,575.391,0,496.024,1.160006370659484,199.89937568129872
New Zealand 2017,B,Pakuranga,1.190502369445735,35422.0,1.0,raked,equal sd,0.0,log cells,1,0.8539679050445557,1.01839,295.406,0,134.584,2.194956309813945,345.8868045119121
New Zealand 2017,B,Pakuranga,1.190502369445735,35422.0,1.0,raked,equal sd,0.0,position logit,1,0.4194478988647461,1.00324,490.271,0,23.976,20.44840674007341,1168.6079288223707
New Zealand 2017,B,Pakuranga,1.190502369445735,35422.0,1.0,raked,equal sd,0.0,odds-ratio logit,1,0.3136742115020752,1.00216,529.331,0,15.76,33.5869923857868,1686.858080038901
New Zealand 2017,B,Pakuranga,1.190502369445735,35422.0,1.0,raked,equal sd,0.0,adjusted row,1,0.620851993560791,1.01,470.903,0,20.144,23.37683677521843,758.3700510525397
New Zealand 2017,B,Pakuranga,1.190502369445735,35422.0,1.0,raked,equal sd,0.0,adjusted table,1,2.010467767715454,1.00253,407.786,0,31.584,12.911157548125633,202.82125392215167
New Zealand 2017,B,Pakuranga,1.190502369445735,3542200.0,1.0,raked,equal sd,0.0,ILR + log volume,1,5.271531343460083,1.1225,30.7059,0,1023.0,0.030015542521994135,5.824749859507571
New Zealand 2017,B,Pakuranga,1.190502369445735,3542200.0,1.0,raked,equal sd,0.0,log cells,1,4.063575267791748,1.00661,248.861,0,1020.44,0.2438761710634628,61.24049937905763
New Zealand 2017,B,Pakuranga,1.190502369445735,3542200.0,1.0,raked,equal sd,0.0,position logit,1,0.4593393802642822,1.00587,485.415,1,21.448,22.632180156657963,1056.5241724851367
New Zealand 2017,B,Pakuranga,1.190502369445735,3542200.0,1.0,raked,equal sd,0.0,odds-ratio logit,1,0.32205677032470703,1.01133,412.741,0,15.576,26.49852336928608,1280.9705369171515
New Zealand 2017,B,Pakuranga,1.190502369445735,3542200.0,1.0,raked,equal sd,0.0,adjusted row,1,0.6000235080718994,1.00528,516.218,0,21.528,23.978911185432924,860.1601008876213
New Zealand 2017,B,Pakuranga,1.190502369445735,3542200.0,1.0,raked,equal sd,0.0,adjusted table,1,2.2959518432617188,1.00761,400.392,0,31.584,12.677051671732523,174.38225040011437
New Zealand 2017,A,East Coast,0.5705341122621032,37932.0,0.5,indep,equal sd,2.9724135207732003e-15,ILR + log volume,2,1.1772916316986084,1.00616,621.803,0,175.896,3.535060490289717,528.1202079149056
New Zealand 2017,A,East Coast,0.5705341122621032,37932.0,0.5,indep,equal sd,2.9724135207732003e-15,log cells,2,0.7125592231750488,1.00169,335.023,0,129.032,2.5964334428668856,470.0951836895821
New Zealand 2017,A,East Coast,0.5705341122621032,37932.0,0.5,indep,equal sd,2.9724135207732003e-15,position logit,2,0.30013370513916016,1.00404,1141.02,0,14.592,78.19490131578947,3799.9699467138626
New Zealand 2017,A,East Coast,0.5705341122621032,37932.0,0.5,indep,equal sd,2.9724135207732003e-15,odds-ratio logit,2,0.25765156745910645,1.00141,779.778,0,12.984,60.05683918669131,3025.4188149769343
New Zealand 2017,A,East Coast,0.5705341122621032,37932.0,0.5,indep,equal sd,2.9724135207732003e-15,adjusted row,2,0.5138492584228516,1.00674,751.418,0,18.52,40.57332613390929,1462.0670166364357
New Zealand 2017,A,East Coast,0.5705341122621032,37932.0,0.5,indep,equal sd,2.9724135207732003e-15,adjusted table,2,1.2066535949707031,1.033,230.897,0,16.76,13.776670644391407,191.33374611989206
New Zealand 2017,A,East Coast,0.5705341122621032,37932.0,0.5,raked,equal sd,0.0,ILR + log volume,2,1.7581806182861328,1.00466,793.114,0,257.304,3.0824005845225884,451.07462298788016
New Zealand 2017,A,East Coast,0.5705341122621032,37932.0,0.5,raked,equal sd,0.0,log cells,2,0.6952824592590332,1.00284,502.803,0,62.456,8.05051556295632,723.0562894435037
New Zealand 2017,A,East Coast,0.5705341122621032,37932.0,0.5,raked,equal sd,0.0,position logit,2,0.28138041496276855,1.00143,815.098,0,14.96,54.48516042780748,2895.9953120432083
New Zealand 2017,A,East Coast,0.5705341122621032,37932.0,0.5,raked,equal sd,0.0,odds-ratio logit,2,0.26413655281066895,1.0047,615.096,0,14.592,42.15296052631579,2327.7926823116063
New Zealand 2017,A,East Coast,0.5705341122621032,37932.0,0.5,raked,equal sd,0.0,adjusted row,2,0.46232056617736816,1.00373,494.91,0,13.736,36.030139778683754,1070.2365533050042
New Zealand 2017,A,East Coast,0.5705341122621032,37932.0,0.5,raked,equal sd,0.0,adjusted table,2,1.5435798168182373,1.01112,167.941,0,19.896,8.440942903096099,108.7897051406854
New Zealand 2017,A,East Coast,0.5705341122621032,37932.0,0.5,national,equal sd,2.6104722889847296,ILR + log volume,2,1.783858060836792,1.00243,766.037,0,251.16,3.0499960184742796,429.4027122131361
New Zealand 2017,A,East Coast,0.5705341122621032,37932.0,0.5,national,equal sd,2.6104722889847296,log cells,2,0.662524938583374,1.00432,513.082,0,60.824,8.435518874128634,774.2993812964705
New Zealand 2017,A,East Coast,0.5705341122621032,37932.0,0.5,national,equal sd,2.6104722889847296,position logit,2,0.304548978805542,1.008,699.595,0,15.16,46.147427440633244,2295.8425809581263
New Zealand 2017,A,East Coast,0.5705341122621032,37932.0,0.5,national,equal sd,2.6104722889847296,odds-ratio logit,2,0.27596068382263184,1.00747,857.488,0,14.128,60.69422423556059,3106.105135280879
New Zealand 2017,A,East Coast,0.5705341122621032,37932.0,0.5,national,equal sd,2.6104722889847296,adjusted row,2,0.6205754280090332,1.00655,554.799,0,15.52,35.74735824742268,893.8438988782948
New Zealand 2017,A,East Coast,0.5705341122621032,37932.0,0.5,national,equal sd,2.6104722889847296,adjusted table,2,1.5139272212982178,1.00309,319.101,0,19.752,16.15537667071689,210.76419607398506
New Zealand 2017,A,East Coast,0.5705341122621032,37932.0,0.5,national,interactions only,0.026104722889847297,ILR + log volume,2,1.771467924118042,1.00395,406.311,0,279.32,1.4546434197336389,229.35284325053829
New Zealand 2017,A,East Coast,0.5705341122621032,37932.0,0.5,national,interactions only,0.026104722889847297,log cells,2,0.5768015384674072,1.00426,318.904,0,72.6,4.392617079889807,552.7958934860377
New Zealand 2017,A,East Coast,0.5705341122621032,37932.0,0.5,national,interactions only,0.026104722889847297,position logit,2,0.306063175201416,1.00322,681.342,0,16.016,42.54133366633367,2225.0493445493307
New Zealand 2017,A,East Coast,0.5705341122621032,37932.0,0.5,national,interactions only,0.026104722889847297,odds-ratio logit,2,0.28221631050109863,1.00461,583.885,0,14.104,41.39853942144073,2068.0798379984226
New Zealand 2017,A,East Coast,0.5705341122621032,37932.0,0.5,national,interactions only,0.026104722889847297,adjusted row,2,0.5323755741119385,1.00445,577.856,0,18.624,31.02749140893471,1085.239181307246
New Zealand 2017,A,East Coast,0.5705341122621032,37932.0,0.5,national,interactions only,0.026104722889847297,adjusted table,2,1.2827277183532715,1.00732,324.068,0,14.496,22.355684326710815,252.61983362221204
New Zealand 2017,A,East Coast,0.5705341122621032,37932.0,2.0,indep,equal sd,7.431033801933001e-16,ILR + log volume,2,4.910112380981445,1.00697,236.176,0,901.144,0.2620846390809904,48.0981564544615
New Zealand 2017,A,East Coast,0.5705341122621032,37932.0,2.0,indep,equal sd,7.431033801933001e-16,log cells,2,3.865872383117676,1.01232,144.473,1,795.19,0.18168362278197664,37.3705309037661
New Zealand 2017,A,East Coast,0.5705341122621032,37932.0,2.0,indep,equal sd,7.431033801933001e-16,position logit,2,1.257223129272461,1.01197,311.499,1,89.062,3.4975522669600956,247.7390982741032
New Zealand 2017,A,East Coast,0.5705341122621032,37932.0,2.0,indep,equal sd,7.431033801933001e-16,odds-ratio logit,2,0.4518558979034424,1.03276,74.7339,1,29.351,2.5462130762154613,165.3613688356002
New Zealand 2017,A,East Coast,0.5705341122621032,37932.0,2.0,indep,equal sd,7.431033801933001e-16,adjusted row,2,0.725527286529541,1.0043,468.016,0,21.76,21.508088235294117,644.9855875111427
New Zealand 2017,A,East Coast,0.5705341122621032,37932.0,2.0,indep,equal sd,7.431033801933001e-16,adjusted table,2,2.149115800857544,1.00505,331.654,0,29.592,11.207556096242229,154.31389837048619
New Zealand 2017,A,East Coast,0.5705341122621032,37932.0,2.0,raked,equal sd,0.0,ILR + log volume,2,4.7469024658203125,1.00689,391.025,0,972.312,0.4021600062531368,82.37324772278897
New Zealand 2017,A,East Coast,0.5705341122621032,37932.0,2.0,raked,equal sd,0.0,log cells,2,2.287513256072998,1.0166,174.693,0,420.072,0.41586442324173,76.3649858984681
New Zealand 2017,A,East Coast,0.5705341122621032,37932.0,2.0,raked,equal sd,0.0,position logit,2,2.028182029724121,1.01379,386.854,0,124.776,3.1003878951080335,190.73090439259232
New Zealand 2017,A,East Coast,0.5705341122621032,37932.0,2.0,raked,equal sd,0.0,odds-ratio logit,2,0.7526016235351562,1.02211,251.283,0,47.568,5.28260595358224,333.8403304431007
New Zealand 2017,A,East Coast,0.5705341122621032,37932.0,2.0,raked,equal sd,0.0,adjusted row,2,0.7953994274139404,1.00885,291.705,1,20.036,14.559043721301656,366.6994898034418
New Zealand 2017,A,East Coast,0.5705341122621032,37932.0,2.0,raked,equal sd,0.0,adjusted table,2,2.4264562129974365,1.00771,238.885,0,28.344,8.428062376517076,98.44624139442114
New Zealand 2017,A,East Coast,0.5705341122621032,37932.0,2.0,national,equal sd,0.6526180722461824,ILR + log volume,2,5.171583890914917,1.00691,442.467,0,993.416,0.44539951037631764,85.555990654605
New Zealand 2017,A,East Coast,0.5705341122621032,37932.0,2.0,national,equal sd,0.6526180722461824,log cells,2,2.2405524253845215,1.02605,101.911,2,441.613,0.23076992751572079,45.482267424580826
New Zealand 2017,A,East Coast,0.5705341122621032,37932.0,2.0,national,equal sd,0.6526180722461824,position logit,2,2.998614549636841,1.01252,416.993,3,178.086,2.341526004290062,139.05494448735539
New Zealand 2017,A,East Coast,0.5705341122621032,37932.0,2.0,national,equal sd,0.6526180722461824,odds-ratio logit,2,0.85536789894104,1.00629,224.175,0,47.52,4.717487373737374,262.03500138784693
New Zealand 2017,A,East Coast,0.5705341122621032,37932.0,2.0,national,equal sd,0.6526180722461824,adjusted row,2,0.844325065612793,1.00567,306.047,0,25.888,11.821963844252164,362.4011298126723
New Zealand 2017,A,East Coast,0.5705341122621032,37932.0,2.0,national,equal sd,0.6526180722461824,adjusted table,2,2.2444944381713867,1.00602,292.199,0,29.152,10.023291712403951,130.1776659050841
New Zealand 2017,A,East Coast,0.5705341122621032,37932.0,2.0,national,interactions only,0.026104722889847297,ILR + log volume,2,5.22433876991272,1.01691,279.609,0,1008.616,0.2772204684438874,53.51952184106785
New Zealand 2017,A,East Coast,0.5705341122621032,37932.0,2.0,national,interactions only,0.026104722889847297,log cells,2,2.633324146270752,1.03781,117.64,0,528.286,0.2226824106639207,44.67184251167229
New Zealand 2017,A,East Coast,0.5705341122621032,37932.0,2.0,national,interactions only,0.026104722889847297,position logit,2,4.43077540397644,1.01063,255.081,1,304.248,0.8383982803502406,57.56910412087557
New Zealand 2017,A,East Coast,0.5705341122621032,37932.0,2.0,national,interactions only,0.026104722889847297,odds-ratio logit,2,1.3267014026641846,1.01167,250.0,0,87.48,2.8577960676726106,188.42383430973592
New Zealand 2017,A,East Coast,0.5705341122621032,37932.0,2.0,national,interactions only,0.026104722889847297,adjusted row,2,0.8911857604980469,1.0049,248.11,0,31.496,7.877508255016511,278.3753138303194
New Zealand 2017,A,East Coast,0.5705341122621032,37932.0,2.0,national,interactions only,0.026104722889847297,adjusted table,2,1.7157933712005615,1.00805,277.536,0,16.968,16.356435643564357,161.74493267273877
New Zealand 2017,A,Tukituki,0.9193945134131708,38547.0,0.5,indep,equal sd,2.190039795013723e-15,ILR + log volume,2,1.2704758644104004,1.00519,736.824,0,136.408,5.4016186733915905,579.9056360236603
New Zealand 2017,A,Tukituki,0.9193945134131708,38547.0,0.5,indep,equal sd,2.190039795013723e-15,log cells,2,0.7632830142974854,1.00227,398.583,0,128.344,3.1055834320264295,522.1361923140229
New Zealand 2017,A,Tukituki,0.9193945134131708,38547.0,0.5,indep,equal sd,2.190039795013723e-15,position logit,2,0.41452622413635254,1.00499,599.756,0,20.44,29.34227005870841,1446.5241336578806
New Zealand 2017,A,Tukituki,0.9193945134131708,38547.0,0.5,indep,equal sd,2.190039795013723e-15,odds-ratio logit,2,0.3685793876647949,1.00527,519.06,0,19.928,26.04676836611802,1407.7619662539912
New Zealand 2017,A,Tukituki,0.9193945134131708,38547.0,0.5,indep,equal sd,2.190039795013723e-15,adjusted row,2,0.5787353515625,1.00118,582.522,0,21.4,27.22065420560748,1006.37589034
New Zealand 2017,A,Tukituki,0.9193945134131708,38547.0,0.5,indep,equal sd,2.190039795013723e-15,adjusted table,2,1.462242603302002,1.0029,508.186,0,28.576,17.783664613661813,347.5118018692552
New Zealand 2017,A,Tukituki,0.9193945134131708,38547.0,0.5,raked,equal sd,0.0,ILR + log volume,2,1.8739850521087646,1.00202,780.648,0,252.024,3.0975145224264358,416.5513247601024
New Zealand 2017,A,Tukituki,0.9193945134131708,38547.0,0.5,raked,equal sd,0.0,log cells,2,0.5600113868713379,1.00206,620.074,0,61.368,10.104191109372962,1107.0653711478744
New Zealand 2017,A,Tukituki,0.9193945134131708,38547.0,0.5,raked,equal sd,0.0,position logit,2,0.6075434684753418,1.007,416.063,0,19.96,20.844839679358717,684.6902563278425
New Zealand 2017,A,Tukituki,0.9193945134131708,38547.0,0.5,raked,equal sd,0.0,odds-ratio logit,2,0.4217531681060791,1.00302,515.563,0,18.264,28.228372755146736,1222.1153179255957
New Zealand 2017,A,Tukituki,0.9193945134131708,38547.0,0.5,raked,equal sd,0.0,adjusted row,2,0.7500653266906738,1.01439,414.301,0,21.856,18.955938872620788,552.2687843868853
New Zealand 2017,A,Tukituki,0.9193945134131708,38547.0,0.5,raked,equal sd,0.0,adjusted table,2,1.7840712070465088,1.00459,312.313,0,26.464,11.801428355501814,175.0437216753656
New Zealand 2017,A,Tukituki,0.9193945134131708,38547.0,0.5,national,equal sd,4.1474189737374045,ILR + log volume,2,1.8227624893188477,1.00346,647.09,0,254.104,2.546555740956459,354.9761380640254
New Zealand 2017,A,Tukituki,0.9193945134131708,38547.0,0.5,national,equal sd,4.1474189737374045,log cells,2,0.5041806697845459,1.00687,276.73,0,63.456,4.360974533535048,548.7204663243299
New Zealand 2017,A,Tukituki,0.9193945134131708,38547.0,0.5,national,equal sd,4.1474189737374045,position logit,2,0.34053468704223633,1.01461,457.492,0,17.336,26.38970927549608,1343.0354285938258
New Zealand 2017,A,Tukituki,0.9193945134131708,38547.0,0.5,national,equal sd,4.1474189737374045,odds-ratio logit,2,0.38596630096435547,1.00296,546.802,0,22.008,24.845601599418394,1416.1248313138149
New Zealand 2017,A,Tukituki,0.9193945134131708,38547.0,0.5,national,equal sd,4.1474189737374045,adjusted row,2,0.6168868541717529,1.01518,386.554,0,21.472,18.00270119225037,626.5191254510536
New Zealand 2017,A,Tukituki,0.9193945134131708,38547.0,0.5,national,equal sd,4.1474189737374045,adjusted table,2,1.8843574523925781,1.00364,514.012,0,27.32,18.814494875549045,272.7644170403922
New Zealand 2017,A,Tukituki,0.9193945134131708,38547.0,0.5,national,interactions only,0.041474189737374045,ILR + log volume,2,2.235442876815796,1.00532,372.739,0,334.232,1.1152103927810622,166.73286137517383
New Zealand 2017,A,Tukituki,0.9193945134131708,38547.0,0.5,national,interactions only,0.041474189737374045,log cells,2,0.5958607196807861,1.01283,208.669,0,70.432,2.962701612903226,350.1456323175943
New Zealand 2017,A,Tukituki,0.9193945134131708,38547.0,0.5,national,interactions only,0.041474189737374045,position logit,2,0.37039780616760254,1.00428,546.528,0,19.984,27.348278622898317,1475.0671970574647
New Zealand 2017,A,Tukituki,0.9193945134131708,38547.0,0.5,national,interactions only,0.041474189737374045,odds-ratio logit,2,0.352006196975708,1.00651,541.948,0,19.296,28.086028192371476,1539.1517102913026
New Zealand 2017,A,Tukituki,0.9193945134131708,38547.0,0.5,national,interactions only,0.041474189737374045,adjusted row,2,0.6494185924530029,1.00757,413.715,0,22.24,18.602293165467625,636.9237317327958
New Zealand 2017,A,Tukituki,0.9193945134131708,38547.0,0.5,national,interactions only,0.041474189737374045,adjusted table,2,1.8948414325714111,1.0033,455.313,0,27.672,16.453924544666087,240.27325412871116
New Zealand 2017,A,Tukituki,0.9193945134131708,38547.0,2.0,indep,equal sd,5.475099487534308e-16,ILR + log volume,2,5.226636648178101,1.0062,375.836,0,974.536,0.38565635338253285,71.90652187342171
New Zealand 2017,A,Tukituki,0.9193945134131708,38547.0,2.0,indep,equal sd,5.475099487534308e-16,log cells,2,4.176639795303345,1.00792,164.516,0,1000.12,0.16449626044874613,39.38872265972557
New Zealand 2017,A,Tukituki,0.9193945134131708,38547.0,2.0,indep,equal sd,5.475099487534308e-16,position logit,2,0.980987548828125,1.01124,320.886,2,60.369,5.315410227103315,327.07192126322946
New Zealand 2017,A,Tukituki,0.9193945134131708,38547.0,2.0,indep,equal sd,5.475099487534308e-16,odds-ratio logit,2,0.5391302108764648,1.00375,265.981,1,34.517,7.705797143436567,493.26676837217855
New Zealand 2017,A,Tukituki,0.9193945134131708,38547.0,2.0,indep,equal sd,5.475099487534308e-16,adjusted row,2,0.7927188873291016,1.01616,322.525,0,22.88,14.096372377622377,406.81053859168276
New Zealand 2017,A,Tukituki,0.9193945134131708,38547.0,2.0,indep,equal sd,5.475099487534308e-16,adjusted table,2,2.274874448776245,1.00757,254.275,0,29.464,8.630023079011675,111.77094797207474
New Zealand 2017,A,Tukituki,0.9193945134131708,38547.0,2.0,raked,equal sd,0.0,ILR + log volume,2,5.475205183029175,1.00613,299.471,0,1009.944,0.2965223814389709,54.69483990397777
New Zealand 2017,A,Tukituki,0.9193945134131708,38547.0,2.0,raked,equal sd,0.0,log cells,2,2.115663766860962,1.02482,217.53,0,376.856,0.5772231303203346,102.81144986162963
New Zealand 2017,A,Tukituki,0.9193945134131708,38547.0,2.0,raked,equal sd,0.0,position logit,2,2.5204014778137207,1.00999,256.45,4,129.967,1.9731931951957031,101.74218448602535
New Zealand 2017,A,Tukituki,0.9193945134131708,38547.0,2.0,raked,equal sd,0.0,odds-ratio logit,2,0.7859501838684082,1.01318,193.249,2,52.067,3.711544740430599,245.79817761501988
New Zealand 2017,A,Tukituki,0.9193945134131708,38547.0,2.0,raked,equal sd,0.0,adjusted row,2,0.8507964611053467,1.01426,361.953,0,26.152,13.840356378097276,425.38444002748207
New Zealand 2017,A,Tukituki,0.9193945134131708,38547.0,2.0,raked,equal sd,0.0,adjusted table,2,2.4479446411132812,1.00536,251.22,0,28.416,8.84079391891892,102.62097179399626
New Zealand 2017,A,Tukituki,0.9193945134131708,38547.0,2.0,national,equal sd,1.0368547434343511,ILR + log volume,2,5.087009429931641,1.00812,369.238,0,1007.784,0.3663860509791781,72.5826729593979
New Zealand 2017,A,Tukituki,0.9193945134131708,38547.0,2.0,national,equal sd,1.0368547434343511,log cells,2,1.8416025638580322,1.1987,13.3227,27,344.138,0.03871324875485997,7.233634021506161
New Zealand 2017,A,Tukituki,0.9193945134131708,38547.0,2.0,national,equal sd,1.0368547434343511,position logit,2,2.2191882133483887,1.01701,240.913,6,100.557,2.3957854749047804,108.55436612169737
New Zealand 2017,A,Tukituki,0.9193945134131708,38547.0,2.0,national,equal sd,1.0368547434343511,odds-ratio logit,2,0.7671267986297607,1.02,122.776,0,38.592,3.181384742951907,160.0277033905521
New Zealand 2017,A,Tukituki,0.9193945134131708,38547.0,2.0,national,equal sd,1.0368547434343511,adjusted row,2,0.9751355648040771,1.00836,269.714,0,31.576,8.541740562452496,276.5369931040687
New Zealand 2017,A,Tukituki,0.9193945134131708,38547.0,2.0,national,equal sd,1.0368547434343511,adjusted table,2,2.3155148029327393,1.00527,371.061,0,28.392,13.069209636517328,160.24352441502626
New Zealand 2017,A,Tukituki,0.9193945134131708,38547.0,2.0,national,interactions only,0.041474189737374045,ILR + log volume,2,5.479264974594116,1.01584,189.082,0,1020.44,0.18529457880914113,34.50806660543927
New Zealand 2017,A,Tukituki,0.9193945134131708,38547.0,2.0,national,interactions only,0.041474189737374045,log cells,2,2.182060718536377,1.01663,90.6424,4,513.452,0.1765352944384285,41.53771885260374
New Zealand 2017,A,Tukituki,0.9193945134131708,38547.0,2.0,national,interactions only,0.041474189737374045,position logit,2,5.651195287704468,1.00474,275.608,4,525.375,0.5245929098263146,48.767489279417724
New Zealand 2017,A,Tukituki,0.9193945134131708,38547.0,2.0,national,interactions only,0.041474189737374045,odds-ratio logit,2,0.8948943614959717,1.0357,85.4392,4,47.559,1.7964885720894048,95.4655418802417
New Zealand 2017,A,Tukituki,0.9193945134131708,38547.0,2.0,national,interactions only,0.041474189737374045,adjusted row,2,1.0671217441558838,1.0056,238.082,0,25.224,9.438709165873771,223.08107144687398
New Zealand 2017,A,Tukituki,0.9193945134131708,38547.0,2.0,national,interactions only,0.041474189737374045,adjusted table,2,2.2061502933502197,1.00598,472.398,0,25.928,18.219608145634062,214.11865675087626
New Zealand 2017,A,Pakuranga,1.190502369445735,35422.0,0.5,indep,equal sd,3.1875583852294587e-15,ILR + log volume,2,1.3931331634521484,1.00189,593.106,0,182.168,3.2558188046199112,425.71281247560336
New Zealand 2017,A,Pakuranga,1.190502369445735,35422.0,0.5,indep,equal sd,3.1875583852294587e-15,log cells,2,0.6367595195770264,1.01067,455.242,0,105.064,4.332997030381482,714.8399703375363
New Zealand 2017,A,Pakuranga,1.190502369445735,35422.0,0.5,indep,equal sd,3.1875583852294587e-15,position logit,2,0.2518644332885742,1.00046,935.81,0,15.08,62.05636604774536,3714.4124391651853
New Zealand 2017,A,Pakuranga,1.190502369445735,35422.0,0.5,indep,equal sd,3.1875583852294587e-15,odds-ratio logit,2,0.31693458557128906,1.00155,758.341,0,15.776,48.06928245436106,2391.8280147117102
New Zealand 2017,A,Pakuranga,1.190502369445735,35422.0,0.5,indep,equal sd,3.1875583852294587e-15,adjusted row,2,0.5389971733093262,1.00361,493.432,0,19.936,24.7508025682183,915.3177053802237
New Zealand 2017,A,Pakuranga,1.190502369445735,35422.0,0.5,indep,equal sd,3.1875583852294587e-15,adjusted table,2,1.1573905944824219,1.01633,319.955,0,23.264,13.75322386519945,276.4256043813214
New Zealand 2017,A,Pakuranga,1.190502369445735,35422.0,0.5,raked,equal sd,0.0,ILR + log volume,2,1.5458984375,1.00337,856.662,0,244.248,3.5073449936130494,554.083347532972
New Zealand 2017,A,Pakuranga,1.190502369445735,35422.0,0.5,raked,equal sd,0.0,log cells,2,0.617666482925415,1.00253,697.232,0,59.952,11.62983720309581,1128.5941354875035
New Zealand 2017,A,Pakuranga,1.190502369445735,35422.0,0.5,raked,equal sd,0.0,position logit,2,0.3109292984008789,1.00352,593.899,0,17.432,34.06946994033961,1909.4418766823603
New Zealand 2017,A,Pakuranga,1.190502369445735,35422.0,0.5,raked,equal sd,0.0,odds-ratio logit,2,0.33661770820617676,1.00237,693.851,0,15.256,45.48053224960671,2060.596766103999
New Zealand 2017,A,Pakuranga,1.190502369445735,35422.0,0.5,raked,equal sd,0.0,adjusted row,2,0.5618083477020264,1.00477,465.707,0,21.112,22.058876468359227,828.810577238094
New Zealand 2017,A,Pakuranga,1.190502369445735,35422.0,0.5,raked,equal sd,0.0,adjusted table,2,1.6481220722198486,1.00301,359.607,0,28.84,12.469036061026353,218.18114309420943
New Zealand 2017,A,Pakuranga,1.190502369445735,35422.0,0.5,national,equal sd,3.3187297085238043,ILR + log volume,2,1.7516956329345703,1.00099,834.542,0,246.936,3.379588233388408,476.3950792067148
New Zealand 2017,A,Pakuranga,1.190502369445735,35422.0,0.5,national,equal sd,3.3187297085238043,log cells,2,0.5968341827392578,1.00172,570.71,0,59.448,9.600154757098641,956.0694805211923
New Zealand 2017,A,Pakuranga,1.190502369445735,35422.0,0.5,national,equal sd,3.3187297085238043,position logit,2,0.39446592330932617,1.00419,548.26,0,21.736,25.223592197276407,1389.3376215762269
New Zealand 2017,A,Pakuranga,1.190502369445735,35422.0,0.5,national,equal sd,3.3187297085238043,odds-ratio logit,2,0.32563090324401855,1.00269,619.409,0,15.904,38.94674295774648,1901.682788337763
New Zealand 2017,A,Pakuranga,1.190502369445735,35422.0,0.5,national,equal sd,3.3187297085238043,adjusted row,2,0.6133487224578857,1.00301,628.465,0,20.656,30.42530015491867,1024.4443861588231
New Zealand 2017,A,Pakuranga,1.190502369445735,35422.0,0.5,national,equal sd,3.3187297085238043,adjusted table,2,1.9062488079071045,1.01355,410.461,0,28.0,14.65932142857143,215.3138392743556
New Zealand 2017,A,Pakuranga,1.190502369445735,35422.0,0.5,national,interactions only,0.03318729708523804,ILR + log volume,2,2.287726640701294,1.00312,397.407,0,276.664,1.436424688430732,173.69881295815085
New Zealand 2017,A,Pakuranga,1.190502369445735,35422.0,0.5,national,interactions only,0.03318729708523804,log cells,2,0.5418643951416016,1.00743,285.401,0,62.576,4.560869982101765,526.6124488718199
New Zealand 2017,A,Pakuranga,1.190502369445735,35422.0,0.5,national,interactions only,0.03318729708523804,position logit,2,0.3513503074645996,1.00826,440.43,0,19.704,22.35231425091352,1253.216360911641
New Zealand 2017,A,Pakuranga,1.190502369445735,35422.0,0.5,national,interactions only,0.03318729708523804,odds-ratio logit,2,0.30883359909057617,1.00188,517.207,0,16.576,31.20215974903475,1674.2262306722841
New Zealand 2017,A,Pakuranga,1.190502369445735,35422.0,0.5,national,interactions only,0.03318729708523804,adjusted row,2,0.7610538005828857,1.00413,633.199,0,23.128,27.378026634382564,831.8424141319575
New Zealand 2017,A,Pakuranga,1.190502369445735,35422.0,0.5,national,interactions only,0.03318729708523804,adjusted table,2,1.5923888683319092,1.00232,425.718,0,19.296,22.0625,267.32760981463935
New Zealand 2017,A,Pakuranga,1.190502369445735,35422.0,2.0,indep,equal sd,7.968895963073647e-16,ILR + log volume,2,5.036179304122925,1.00836,525.791,0,960.536,0.5473933303905321,104.40092747588875
New Zealand 2017,A,Pakuranga,1.190502369445735,35422.0,2.0,indep,equal sd,7.968895963073647e-16,log cells,2,3.334991216659546,1.01222,164.827,0,691.224,0.23845670867909677,49.42208046539219
New Zealand 2017,A,Pakuranga,1.190502369445735,35422.0,2.0,indep,equal sd,7.968895963073647e-16,position logit,2,1.3050870895385742,1.01402,290.27,0,93.96,3.0892933163048104,222.38124736037932
New Zealand 2017,A,Pakuranga,1.190502369445735,35422.0,2.0,indep,equal sd,7.968895963073647e-16,odds-ratio logit,2,0.7495853900909424,1.01243,153.861,2,28.881,5.327412485717253,205.21610684698365
New Zealand 2017,A,Pakuranga,1.190502369445735,35422.0,2.0,indep,equal sd,7.968895963073647e-16,adjusted row,2,0.7791659832000732,1.00429,480.298,0,22.2,21.635045045045047,616.338650598237
New Zealand 2017,A,Pakuranga,1.190502369445735,35422.0,2.0,indep,equal sd,7.968895963073647e-16,adjusted table,2,2.484952926635742,1.00552,246.16,0,29.016,8.483595257788807,99.05645352581708
New Zealand 2017,A,Pakuranga,1.190502369445735,35422.0,2.0,raked,equal sd,0.0,ILR + log volume,2,5.259068250656128,1.00922,348.401,0,994.84,0.35020807366008605,66.24671454238303
New Zealand 2017,A,Pakuranga,1.190502369445735,35422.0,2.0,raked,equal sd,0.0,log cells,2,1.8188538551330566,1.01872,221.638,0,333.276,0.6650283848821997,121.85002970196972
New Zealand 2017,A,Pakuranga,1.190502369445735,35422.0,2.0,raked,equal sd,0.0,position logit,2,3.417470693588257,1.01254,343.994,0,200.92,1.712094365916783,100.65367053227142
New Zealand 2017,A,Pakuranga,1.190502369445735,35422.0,2.0,raked,equal sd,0.0,odds-ratio logit,2,0.8325746059417725,1.01003,288.842,0,51.448,5.614251282848701,346.8859368201995
New Zealand 2017,A,Pakuranga,1.190502369445735,35422.0,2.0,raked,equal sd,0.0,adjusted row,2,0.8100433349609375,1.01281,217.292,1,21.853,9.943348739303527,268.19851431601614
New Zealand 2017,A,Pakuranga,1.190502369445735,35422.0,2.0,raked,equal sd,0.0,adjusted table,2,2.4146738052368164,1.00261,233.288,0,28.56,8.168347338935575,96.60889616585976
New Zealand 2017,A,Pakuranga,1.190502369445735,35422.0,2.0,national,equal sd,0.8296824271309511,ILR + log volume,2,5.048401832580566,1.00733,431.397,0,942.04,0.45793915332682267,85.4506135719124
New Zealand 2017,A,Pakuranga,1.190502369445735,35422.0,2.0,national,equal sd,0.8296824271309511,log cells,2,1.789069652557373,1.00874,141.787,1,296.936,0.47750020206374444,79.24771837118746
New Zealand 2017,A,Pakuranga,1.190502369445735,35422.0,2.0,national,equal sd,0.8296824271309511,position logit,2,2.294567346572876,1.00765,350.275,1,149.3,2.346115204286671,152.6470877397722
New Zealand 2017,A,Pakuranga,1.190502369445735,35422.0,2.0,national,equal sd,0.8296824271309511,odds-ratio logit,2,0.8254845142364502,1.00611,235.491,1,49.842,4.724750210665704,285.23424646525785
New Zealand 2017,A,Pakuranga,1.190502369445735,35422.0,2.0,national,equal sd,0.8296824271309511,adjusted row,2,0.7962148189544678,1.01322,194.446,0,25.136,7.73575747931254,244.18724992552214
New Zealand 2017,A,Pakuranga,1.190502369445735,35422.0,2.0,national,equal sd,0.8296824271309511,adjusted table,2,2.428847551345825,1.01523,171.857,0,28.128,6.109819397042093,70.7526712376487
New Zealand 2017,A,Pakuranga,1.190502369445735,35422.0,2.0,national,interactions only,0.03318729708523804,ILR + log volume,2,5.25712513923645,1.01104,199.82,0,1017.88,0.196309977600503,38.00868117867724
New Zealand 2017,A,Pakuranga,1.190502369445735,35422.0,2.0,national,interactions only,0.03318729708523804,log cells,2,2.073526620864868,1.01565,128.452,1,436.115,0.2945369913898857,61.94537471941485
New Zealand 2017,A,Pakuranga,1.190502369445735,35422.0,2.0,national,interactions only,0.03318729708523804,position logit,2,6.444992303848267,1.01244,322.0,3,502.267,0.6410932830546303,49.95923880113146
New Zealand 2017,A,Pakuranga,1.190502369445735,35422.0,2.0,national,interactions only,0.03318729708523804,odds-ratio logit,2,1.2080466747283936,1.0206,116.269,0,64.912,1.7911788267192505,96.23878670983525
New Zealand 2017,A,Pakuranga,1.190502369445735,35422.0,2.0,national,interactions only,0.03318729708523804,adjusted row,2,1.1651403903961182,1.01109,262.153,0,39.224,6.683484601264533,224.96188944606826
New Zealand 2017,A,Pakuranga,1.190502369445735,35422.0,2.0,national,interactions only,0.03318729708523804,adjusted table,2,2.249178647994995,1.01103,303.175,0,24.96,12.146434294871796,134.78836371299082
New Zealand 2017,A,Helensville,1.5373180579824293,38676.0,0.5,indep,equal sd,3.5438207645306368e-15,ILR + log volume,2,1.2864410877227783,1.00407,674.193,0,152.6,4.418040629095675,524.0391720828264
New Zealand 2017,A,Helensville,1.5373180579824293,38676.0,0.5,indep,equal sd,3.5438207645306368e-15,log cells,2,0.6909399032592773,1.00231,639.973,0,119.336,5.362782395924113,926.0951155606908
New Zealand 2017,A,Helensville,1.5373180579824293,38676.0,0.5,indep,equal sd,3.5438207645306368e-15,position logit,2,0.3747420310974121,1.00193,788.78,0,15.656,50.381962187020946,2104.3538855880533
New Zealand 2017,A,Helensville,1.5373180579824293,38676.0,0.5,indep,equal sd,3.5438207645306368e-15,odds-ratio logit,2,0.3444836139678955,1.0168,542.45,0,18.48,29.35335497835498,1574.2617395341565
New Zealand 2017,A,Helensville,1.5373180579824293,38676.0,0.5,indep,equal sd,3.5438207645306368e-15,adjusted row,2,0.5956518650054932,1.00541,470.999,0,21.512,21.894709929341765,790.6004961264633
New Zealand 2017,A,Helensville,1.5373180579824293,38676.0,0.5,indep,equal sd,3.5438207645306368e-15,adjusted table,2,1.5739295482635498,1.00853,279.508,0,25.376,11.01465952080706,177.57302076741604
New Zealand 2017,A,Helensville,1.5373180579824293,38676.0,0.5,raked,equal sd,0.0,ILR + log volume,2,1.7645623683929443,1.00366,922.964,0,247.96,3.722229391837393,523.0216912957475
New Zealand 2017,A,Helensville,1.5373180579824293,38676.0,0.5,raked,equal sd,0.0,log cells,2,0.596876859664917,1.00376,473.935,0,65.016,7.2895133505598615,793.911538373059
New Zealand 2017,A,Helensville,1.5373180579824293,38676.0,0.5,raked,equal sd,0.0,position logit,2,0.4141428470611572,1.00226,707.639,0,23.912,29.593467714954837,1708.2575556560846
New Zealand 2017,A,Helensville,1.5373180579824293,38676.0,0.5,raked,equal sd,0.0,odds-ratio logit,2,0.3346729278564453,1.00327,536.61,0,18.008,29.79842292314527,1602.8245517343535
New Zealand 2017,A,Helensville,1.5373180579824293,38676.0,0.5,raked,equal sd,0.0,adjusted row,2,0.5767436027526855,1.00433,471.371,0,20.736,22.73201195987654,817.1405813196269
New Zealand 2017,A,Helensville,1.5373180579824293,38676.0,0.5,raked,equal sd,0.0,adjusted table,2,1.951547622680664,1.00135,440.24,0,32.528,13.534185932120021,225.57057101287455
New Zealand 2017,A,Helensville,1.5373180579824293,38676.0,0.5,national,equal sd,6.590804685711675,ILR + log volume,2,1.6499557495117188,1.00062,897.703,0,244.248,3.6753750286593956,544.0440761428354
New Zealand 2017,A,Helensville,1.5373180579824293,38676.0,0.5,national,equal sd,6.590804685711675,log cells,2,0.5469715595245361,1.01176,247.068,0,77.304,3.1960571251164236,451.6294829063182
New Zealand 2017,A,Helensville,1.5373180579824293,38676.0,0.5,national,equal sd,6.590804685711675,position logit,2,0.4280872344970703,1.00197,849.247,0,19.064,44.547156945027275,1983.2653439077785
New Zealand 2017,A,Helensville,1.5373180579824293,38676.0,0.5,national,equal sd,6.590804685711675,odds-ratio logit,2,0.4579477310180664,1.00491,585.414,0,20.408,28.685515484123872,1278.0948652761062
New Zealand 2017,A,Helensville,1.5373180579824293,38676.0,0.5,national,equal sd,6.590804685711675,adjusted row,2,0.6430530548095703,1.00129,310.594,0,20.928,14.841074159021407,482.8588508267224
New Zealand 2017,A,Helensville,1.5373180579824293,38676.0,0.5,national,equal sd,6.590804685711675,adjusted table,2,1.759833812713623,1.00497,447.068,0,27.168,16.45568315665489,254.0257866049066
New Zealand 2017,A,Helensville,1.5373180579824293,38676.0,0.5,national,interactions only,0.06590804685711675,ILR + log volume,2,2.2200167179107666,1.00594,416.211,0,296.504,1.4037281115937728,187.47175917056538
New Zealand 2017,A,Helensville,1.5373180579824293,38676.0,0.5,national,interactions only,0.06590804685711675,log cells,2,0.668161153793335,1.00655,262.056,0,68.92,3.802321532211259,392.1206908077994
New Zealand 2017,A,Helensville,1.5373180579824293,38676.0,0.5,national,interactions only,0.06590804685711675,position logit,2,0.3756265640258789,1.01066,571.623,0,18.552,30.811934023285904,1521.439626482216
New Zealand 2017,A,Helensville,1.5373180579824293,38676.0,0.5,national,interactions only,0.06590804685711675,odds-ratio logit,2,0.32938313484191895,1.00029,504.461,0,18.192,27.729826297273526,1530.7392446252447
New Zealand 2017,A,Helensville,1.5373180579824293,38676.0,0.5,national,interactions only,0.06590804685711675,adjusted row,2,0.6446564197540283,1.00274,544.638,0,20.696,26.31609972941631,844.7175755255779
New Zealand 2017,A,Helensville,1.5373180579824293,38676.0,0.5,national,interactions only,0.06590804685711675,adjusted table,2,2.397226095199585,1.00565,449.448,0,35.2,12.76840909090909,187.46689525134707
New Zealand 2017,A,Helensville,1.5373180579824293,38676.0,2.0,indep,equal sd,8.859551911326592e-16,ILR + log volume,2,4.808537006378174,1.00599,386.845,0,874.616,0.44230267911860754,80.44725987860912
New Zealand 2017,A,Helensville,1.5373180579824293,38676.0,2.0,indep,equal sd,8.859551911326592e-16,log cells,2,2.3863587379455566,1.01044,268.598,0,556.312,0.48281899365823494,112.54867922405084
New Zealand 2017,A,Helensville,1.5373180579824293,38676.0,2.0,indep,equal sd,8.859551911326592e-16,position logit,2,1.3785324096679688,1.01536,319.961,0,81.128,3.9439034611971207,232.0872580630043
New Zealand 2017,A,Helensville,1.5373180579824293,38676.0,2.0,indep,equal sd,8.859551911326592e-16,odds-ratio logit,2,0.6989598274230957,1.00993,357.712,0,44.808,7.983217282628102,511.64725391821094
New Zealand 2017,A,Helensville,1.5373180579824293,38676.0,2.0,indep,equal sd,8.859551911326592e-16,adjusted row,2,0.6970367431640625,1.00461,460.958,0,21.176,21.767944843218743,661.2283535834586
New Zealand 2017,A,Helensville,1.5373180579824293,38676.0,2.0,indep,equal sd,8.859551911326592e-16,adjusted table,2,2.09993052482605,1.00606,277.455,0,29.992,9.250966924513202,132.1205345717089
New Zealand 2017,A,Helensville,1.5373180579824293,38676.0,2.0,raked,equal sd,0.0,ILR + log volume,2,4.9993884563446045,1.00738,540.733,0,989.208,0.5466322552991888,108.15475872327328
New Zealand 2017,A,Helensville,1.5373180579824293,38676.0,2.0,raked,equal sd,0.0,log cells,2,1.9203474521636963,1.01053,188.585,4,353.959,0.5327876957500728,98.19937660539604
New Zealand 2017,A,Helensville,1.5373180579824293,38676.0,2.0,raked,equal sd,0.0,position logit,2,2.7162468433380127,1.01054,285.804,0,177.274,1.6122161174227465,105.21650179142509
New Zealand 2017,A,Helensville,1.5373180579824293,38676.0,2.0,raked,equal sd,0.0,odds-ratio logit,2,0.8133838176727295,1.01135,251.136,0,49.56,5.06731234866828,308.7229333740532
New Zealand 2017,A,Helensville,1.5373180579824293,38676.0,2.0,raked,equal sd,0.0,adjusted row,2,0.8539049625396729,1.01219,266.617,0,22.128,12.048852133044107,312.1986432353312
New Zealand 2017,A,Helensville,1.5373180579824293,38676.0,2.0,raked,equal sd,0.0,adjusted table,2,2.3587253093719482,1.00438,344.121,0,31.0,11.100677419354838,145.88707634815967
New Zealand 2017,A,Helensville,1.5373180579824293,38676.0,2.0,national,equal sd,1.6477011714279188,ILR + log volume,2,5.182126760482788,1.00649,256.514,0,989.016,0.2593628414504922,49.49892963366343
New Zealand 2017,A,Helensville,1.5373180579824293,38676.0,2.0,national,equal sd,1.6477011714279188,log cells,2,2.0813205242156982,1.01665,61.5724,4,388.224,0.15860018958127267,29.581321069083085
New Zealand 2017,A,Helensville,1.5373180579824293,38676.0,2.0,national,equal sd,1.6477011714279188,position logit,2,2.0727479457855225,1.00856,375.646,0,148.772,2.5249778184066898,181.21852996177165
New Zealand 2017,A,Helensville,1.5373180579824293,38676.0,2.0,national,equal sd,1.6477011714279188,odds-ratio logit,2,0.6002659797668457,1.01254,238.144,0,34.964,6.811120009152272,396.64666789080593
New Zealand 2017,A,Helensville,1.5373180579824293,38676.0,2.0,national,equal sd,1.6477011714279188,adjusted row,2,0.7999720573425293,1.00541,363.25,0,24.424,14.872666229937767,454.00258769219215
New Zealand 2017,A,Helensville,1.5373180579824293,38676.0,2.0,national,equal sd,1.6477011714279188,adjusted table,2,2.300727605819702,1.00441,354.802,0,26.816,13.230981503579953,154.20245520365143
New Zealand 2017,A,Helensville,1.5373180579824293,38676.0,2.0,national,interactions only,0.06590804685711675,ILR + log volume,2,5.388382911682129,1.01433,265.804,0,1017.88,0.2611349078476834,49.328148907755846
New Zealand 2017,A,Helensville,1.5373180579824293,38676.0,2.0,national,interactions only,0.06590804685711675,log cells,2,2.551909923553467,1.0056,154.458,0,575.744,0.26827548354824365,60.52448018209555
New Zealand 2017,A,Helensville,1.5373180579824293,38676.0,2.0,national,interactions only,0.06590804685711675,position logit,2,8.882859945297241,1.01915,249.088,3,640.417,0.38894657699592605,28.041119717681763
New Zealand 2017,A,Helensville,1.5373180579824293,38676.0,2.0,national,interactions only,0.06590804685711675,odds-ratio logit,2,1.1413428783416748,1.00693,207.661,0,70.2,2.958133903133903,181.92833450839186
New Zealand 2017,A,Helensville,1.5373180579824293,38676.0,2.0,national,interactions only,0.06590804685711675,adjusted row,2,0.9535746574401855,1.0061,380.207,0,28.168,13.497834422039194,398.65819494232505
New Zealand 2017,A,Helensville,1.5373180579824293,38676.0,2.0,national,interactions only,0.06590804685711675,adjusted table,2,2.957044839859009,1.00137,487.814,0,34.608,14.095411465557099,164.96144375804133
New Zealand 2017,A,Mangere,2.1277620161787745,27383.0,0.5,indep,equal sd,2.961778733473797e-15,ILR + log volume,2,1.2673439979553223,1.00456,573.194,0,151.576,3.781561724811316,452.2423798384707
New Zealand 2017,A,Mangere,2.1277620161787745,27383.0,0.5,indep,equal sd,2.961778733473797e-15,log cells,2,0.5033466815948486,1.0044,338.705,0,61.68,5.491326199740596,672.5425176558587
New Zealand 2017,A,Mangere,2.1277620161787745,27383.0,0.5,indep,equal sd,2.961778733473797e-15,position logit,2,0.2691948413848877,1.00391,775.82,0,13.048,59.458920907418765,2881.0576156464845
New Zealand 2017,A,Mangere,2.1277620161787745,27383.0,0.5,indep,equal sd,2.961778733473797e-15,odds-ratio logit,2,0.269742488861084,1.0022,369.065,0,9.512,38.79993692178301,1367.7203133799674
New Zealand 2017,A,Mangere,2.1277620161787745,27383.0,0.5,indep,equal sd,2.961778733473797e-15,adjusted row,2,0.40608954429626465,1.0073,605.018,0,14.32,42.249860335195535,1489.4228010473264
New Zealand 2017,A,Mangere,2.1277620161787745,27383.0,0.5,indep,equal sd,2.961778733473797e-15,adjusted table,2,1.1042895317077637,1.00342,314.164,0,18.712,16.7894399315947,284.4664081107401
New Zealand 2017,A,Mangere,2.1277620161787745,27383.0,0.5,raked,equal sd,0.0,ILR + log volume,2,1.4011850357055664,1.0049,722.449,0,214.104,3.374290064641482,515.5662862630254
New Zealand 2017,A,Mangere,2.1277620161787745,27383.0,0.5,raked,equal sd,0.0,log cells,2,0.548253059387207,1.00837,465.537,0,55.864,8.33339896892453,848.9806474206489
New Zealand 2017,A,Mangere,2.1277620161787745,27383.0,0.5,raked,equal sd,0.0,position logit,2,0.32909679412841797,1.00232,743.544,0,11.792,63.05495251017639,2258.4442816167034
New Zealand 2017,A,Mangere,2.1277620161787745,27383.0,0.5,raked,equal sd,0.0,odds-ratio logit,2,0.2884087562561035,1.00359,504.269,0,11.32,44.54673144876325,1747.8903856873567
New Zealand 2017,A,Mangere,2.1277620161787745,27383.0,0.5,raked,equal sd,0.0,adjusted row,2,0.5876009464263916,1.00247,601.577,0,14.648,41.06888312397597,1023.5760370486962
New Zealand 2017,A,Mangere,2.1277620161787745,27383.0,0.5,raked,equal sd,0.0,adjusted table,2,1.6032726764678955,1.00285,407.733,0,24.112,16.90996184472462,254.29986306712055
New Zealand 2017,A,Mangere,2.1277620161787745,27383.0,0.5,national,equal sd,6.799553912994101,ILR + log volume,2,1.4668636322021484,1.00094,772.354,0,210.184,3.674656491455106,526.4894486549317
New Zealand 2017,A,Mangere,2.1277620161787745,27383.0,0.5,national,equal sd,6.799553912994101,log cells,2,0.5066401958465576,1.00176,464.263,0,60.472,7.677321735679322,916.1081088738645
New Zealand 2017,A,Mangere,2.1277620161787745,27383.0,0.5,national,equal sd,6.799553912994101,position logit,2,0.2732834815979004,1.0008,871.632,0,14.208,61.34797297297297,3188.1831203697566
New Zealand 2017,A,Mangere,2.1277620161787745,27383.0,0.5,national,equal sd,6.799553912994101,odds-ratio logit,2,0.2540140151977539,1.00229,669.809,0,12.728,52.62484286612194,2635.4383649711726
New Zealand 2017,A,Mangere,2.1277620161787745,27383.0,0.5,national,equal sd,6.799553912994101,adjusted row,2,0.5114037990570068,1.00382,573.477,0,12.904,44.44180099194048,1121.1391952270862
New Zealand 2017,A,Mangere,2.1277620161787745,27383.0,0.5,national,equal sd,6.799553912994101,adjusted table,2,1.992037296295166,1.00644,368.418,0,25.376,14.518363808322825,184.93295962011396
New Zealand 2017,A,Mangere,2.1277620161787745,27383.0,0.5,national,interactions only,0.06799553912994101,ILR + log volume,2,1.6650359630584717,1.0022,491.168,0,251.544,1.9526126641859873,294.97345837147384
New Zealand 2017,A,Mangere,2.1277620161787745,27383.0,0.5,national,interactions only,0.06799553912994101,log cells,2,0.5041666030883789,1.00217,300.115,0,64.104,4.681689130163485,595.1825255125802
New Zealand 2017,A,Mangere,2.1277620161787745,27383.0,0.5,national,interactions only,0.06799553912994101,position logit,2,0.22152185440063477,1.003,758.936,0,12.912,58.77757125154895,3424.597935202628
New Zealand 2017,A,Mangere,2.1277620161787745,27383.0,0.5,national,interactions only,0.06799553912994101,odds-ratio logit,2,0.2512214183807373,1.00185,547.15,0,11.272,48.54063165365507,2177.1678423500257
New Zealand 2017,A,Mangere,2.1277620161787745,27383.0,0.5,national,interactions only,0.06799553912994101,adjusted row,2,0.4263315200805664,1.01,543.709,0,14.712,36.95683795541055,1275.0751512496176
New Zealand 2017,A,Mangere,2.1277620161787745,27383.0,0.5,national,interactions only,0.06799553912994101,adjusted table,2,1.0352561473846436,1.00366,436.575,0,13.864,31.48982977495672,421.66993750004315
New Zealand 2017,A,Mangere,2.1277620161787745,27383.0,2.0,indep,equal sd,7.404446833684493e-16,ILR + log volume,2,3.5226736068725586,1.00407,368.789,0,623.352,0.5916223899177351,104.68740692260222
New Zealand 2017,A,Mangere,2.1277620161787745,27383.0,2.0,indep,equal sd,7.404446833684493e-16,log cells,2,2.2473621368408203,1.01629,286.573,4,461.524,0.6209276223988351,127.5103506452671
New Zealand 2017,A,Mangere,2.1277620161787745,27383.0,2.0,indep,equal sd,7.404446833684493e-16,position logit,2,0.7447137832641602,1.00636,519.907,1,44.452,11.695919193737065,698.0367659157106
New Zealand 2017,A,Mangere,2.1277620161787745,27383.0,2.0,indep,equal sd,7.404446833684493e-16,odds-ratio logit,2,0.35615992546081543,1.00591,362.448,0,19.376,18.70602807597027,1017.2425396865333
New Zealand 2017,A,Mangere,2.1277620161787745,27383.0,2.0,indep,equal sd,7.404446833684493e-16,adjusted row,2,0.5716860294342041,1.0091,473.967,0,18.28,25.928172866520786,828.9518618909557
New Zealand 2017,A,Mangere,2.1277620161787745,27383.0,2.0,indep,equal sd,7.404446833684493e-16,adjusted table,2,1.9158556461334229,1.00542,326.455,0,28.848,11.316382418191901,170.38790439721635
New Zealand 2017,A,Mangere,2.1277620161787745,27383.0,2.0,raked,equal sd,0.0,ILR + log volume,2,4.819843292236328,1.00765,369.4,0,785.432,0.4703144256918485,76.64003635091393
New Zealand 2017,A,Mangere,2.1277620161787745,27383.0,2.0,raked,equal sd,0.0,log cells,2,1.5796167850494385,1.01279,126.903,0,281.368,0.4510214381166302,80.33009205388686
New Zealand 2017,A,Mangere,2.1277620161787745,27383.0,2.0,raked,equal sd,0.0,position logit,2,1.1268572807312012,1.00605,378.8,1,79.931,4.739087462936784,336.1134057812351
New Zealand 2017,A,Mangere,2.1277620161787745,27383.0,2.0,raked,equal sd,0.0,odds-ratio logit,2,0.5440609455108643,1.00637,206.159,0,26.808,7.690204416592062,378.86420433144883
New Zealand 2017,A,Mangere,2.1277620161787745,27383.0,2.0,raked,equal sd,0.0,adjusted row,2,0.561023473739624,1.00661,495.745,0,18.776,26.403121005538985,883.5204231437323
New Zealand 2017,A,Mangere,2.1277620161787745,27383.0,2.0,raked,equal sd,0.0,adjusted table,2,2.0745959281921387,1.00355,335.296,0,27.104,12.370720188902007,161.61284878254847
New Zealand 2017,A,Mangere,2.1277620161787745,27383.0,2.0,national,equal sd,1.6998884782485253,ILR + log volume,2,4.8599395751953125,1.00798,445.675,0,858.168,0.5193330443456293,91.70145774837343
New Zealand 2017,A,Mangere,2.1277620161787745,27383.0,2.0,national,equal sd,1.6998884782485253,log cells,2,1.880000114440918,1.0071,226.209,0,332.952,0.6794042384487854,120.31657431927418
New Zealand 2017,A,Mangere,2.1277620161787745,27383.0,2.0,national,equal sd,1.6998884782485253,position logit,2,1.122744083404541,1.01301,325.918,1,63.309,5.148051619832883,290.26375182625276
New Zealand 2017,A,Mangere,2.1277620161787745,27383.0,2.0,national,equal sd,1.6998884782485253,odds-ratio logit,2,0.5170102119445801,1.00969,271.101,0,23.788,11.39654447620649,524.140096755815
New Zealand 2017,A,Mangere,2.1277620161787745,27383.0,2.0,national,equal sd,1.6998884782485253,adjusted row,2,0.6430275440216064,1.00772,389.317,0,18.256,21.32542725679229,605.3463280334622
New Zealand 2017,A,Mangere,2.1277620161787745,27383.0,2.0,national,equal sd,1.6998884782485253,adjusted table,2,2.155195474624634,1.00646,368.551,0,30.048,12.26540867944622,170.99855126134827
New Zealand 2017,A,Mangere,2.1277620161787745,27383.0,2.0,national,interactions only,0.06799553912994101,ILR + log volume,2,5.238236665725708,1.00436,285.222,0,983.064,0.29013573887356264,54.44908811173355
New Zealand 2017,A,Mangere,2.1277620161787745,27383.0,2.0,national,interactions only,0.06799553912994101,log cells,2,2.08001708984375,1.01883,137.853,0,390.424,0.3530853636046965,66.27226232105721
New Zealand 2017,A,Mangere,2.1277620161787745,27383.0,2.0,national,interactions only,0.06799553912994101,position logit,2,3.2043097019195557,1.00647,227.385,3,191.404,1.187984577124825,70.95860411540073
New Zealand 2017,A,Mangere,2.1277620161787745,27383.0,2.0,national,interactions only,0.06799553912994101,odds-ratio logit,2,0.597435474395752,1.0225,224.019,2,26.45,8.46952741020794,374.91038767157886
New Zealand 2017,A,Mangere,2.1277620161787745,27383.0,2.0,national,interactions only,0.06799553912994101,adjusted row,2,0.6089365482330322,1.00537,382.885,0,18.944,20.21141258445946,628.5626505577052
New Zealand 2017,A,Mangere,2.1277620161787745,27383.0,2.0,national,interactions only,0.06799553912994101,adjusted table,2,1.5660417079925537,1.00342,342.311,0,15.472,22.124547569803514,218.56640812449925
New Zealand 2017,B,Pakuranga,1.190502369445735,354.22,1.0,raked,equal sd,0.0,ILR + log volume,2,0.5519082546234131,1.00227,810.357,0,59.032,13.727419026968425,1467.9516930731384
New Zealand 2017,B,Pakuranga,1.190502369445735,354.22,1.0,raked,equal sd,0.0,log cells,2,0.24667096138000488,1.00302,507.054,0,17.672,28.692507922136713,2054.4427790222085
New Zealand 2017,B,Pakuranga,1.190502369445735,354.22,1.0,raked,equal sd,0.0,position logit,2,1.4959352016448975,1.01074,428.619,0,104.088,4.117852201982938,286.50485724084564
New Zealand 2017,B,Pakuranga,1.190502369445735,354.22,1.0,raked,equal sd,0.0,odds-ratio logit,2,0.5693309307098389,1.01031,544.67,0,30.532,17.839316127341803,956.5377568518029
New Zealand 2017,B,Pakuranga,1.190502369445735,354.22,1.0,raked,equal sd,0.0,adjusted row,2,0.8606908321380615,1.01624,282.01,0,28.904,9.75678106836424,327.60503541561764
New Zealand 2017,B,Pakuranga,1.190502369445735,354.22,1.0,raked,equal sd,0.0,adjusted table,2,2.252079963684082,1.00446,243.263,0,29.6,8.218344594594594,108.01262102915705
New Zealand 2017,B,Pakuranga,1.190502369445735,35422.0,1.0,raked,equal sd,0.0,ILR + log volume,2,2.8357605934143066,1.00279,673.846,0,501.784,1.3429005309057285,237.61404355906507
New Zealand 2017,B,Pakuranga,1.190502369445735,35422.0,1.0,raked,equal sd,0.0,log cells,2,0.8895168304443359,1.00741,294.733,0,135.96,2.1677919976463667,331.29597820017443
New Zealand 2017,B,Pakuranga,1.190502369445735,35422.0,1.0,raked,equal sd,0.0,position logit,2,0.38123321533203125,1.00477,482.28,0,19.512,24.71709717097171,1264.7850640949487
New Zealand 2017,B,Pakuranga,1.190502369445735,35422.0,1.0,raked,equal sd,0.0,odds-ratio logit,2,0.2923123836517334,1.00549,397.872,0,16.328,24.367466927976484,1360.5266354916635
New Zealand 2017,B,Pakuranga,1.190502369445735,35422.0,1.0,raked,equal sd,0.0,adjusted row,2,0.5809533596038818,1.01537,408.582,0,20.576,19.85721228615863,703.158340932171
New Zealand 2017,B,Pakuranga,1.190502369445735,35422.0,1.0,raked,equal sd,0.0,adjusted table,2,1.85164475440979,1.00389,388.466,0,29.896,12.993912229060744,209.7841080954137
New Zealand 2017,B,Pakuranga,1.190502369445735,3542200.0,1.0,raked,equal sd,0.0,ILR + log volume,2,5.076139211654663,1.14503,20.3398,0,1022.232,0.019897440111442413,4.006749444903905
New Zealand 2017,B,Pakuranga,1.190502369445735,3542200.0,1.0,raked,equal sd,0.0,log cells,2,4.117551326751709,1.00861,269.476,0,1020.44,0.2640782407588883,65.44324127375114
New Zealand 2017,B,Pakuranga,1.190502369445735,3542200.0,1.0,raked,equal sd,0.0,position logit,2,0.4075160026550293,1.00806,499.121,0,23.704,21.056403982450217,1224.572347067178
New Zealand 2017,B,Pakuranga,1.190502369445735,3542200.0,1.0,raked,equal sd,0.0,odds-ratio logit,2,0.2575242519378662,1.00476,429.19,0,16.384,26.1956787109375,1666.1113439190265
New Zealand 2017,B,Pakuranga,1.190502369445735,3542200.0,1.0,raked,equal sd,0.0,adjusted row,2,0.6373350620269775,1.00676,401.277,0,21.208,18.921020369671822,629.5298815423854
New Zealand 2017,B,Pakuranga,1.190502369445735,3542200.0,1.0,raked,equal sd,0.0,adjusted table,2,2.212589740753174,1.01796,324.563,0,33.392,9.719783181600382,146.68335902501582
