part,design,rep,coords,param,max_rhat,min_ess,leapfrogs,ess_per_1000_grad,ess_per_s,div,max_corr_margin,last_col_share,balance,last_rank
A,"balance 0.5, rank 1 last",1,last,position logit,1.00135,928.855,7.1,130.82464788732395,2245.915765579422,0,0.2507413323695841,0.580503390144466,0.5,1.0
A,"balance 0.5, rank 1 last",1,last,odds-ratio logit,1.00125,731.859,7.032,104.07551194539249,1688.057175848596,0,0.31956862663965635,0.580503390144466,0.5,1.0
A,"balance 0.5, rank 1 last",1,last,adjusted row,1.00385,482.542,9.18,52.56448801742919,736.7544520877759,0,0.18693720163124503,0.580503390144466,0.5,1.0
A,"balance 0.5, rank 1 last",1,last,adjusted table,1.00259,317.817,13.44,23.647098214285716,198.4458223004613,0,0.25114737674736415,0.580503390144466,0.5,1.0
A,"balance 0.5, rank 1 last",1,largest,position logit,1.00135,928.855,7.1,130.82464788732395,2424.6057997358757,0,0.2507413323695841,0.580503390144466,0.5,1.0
A,"balance 0.5, rank 1 last",1,largest,odds-ratio logit,1.00125,731.859,7.032,104.07551194539249,1920.7765674853767,0,0.31956862663965635,0.580503390144466,0.5,1.0
A,"balance 0.5, rank 1 last",1,largest,adjusted row,1.00385,482.542,9.18,52.56448801742919,711.7832250092405,0,0.18693720163124503,0.580503390144466,0.5,1.0
A,"balance 0.5, rank 1 last",1,largest,adjusted table,1.00259,317.817,13.44,23.647098214285716,181.99174652077704,0,0.25114737674736415,0.580503390144466,0.5,1.0
A,"balance 0.5, rank 1 last",1,whitened,position logit,1.00187,743.462,7.0,106.20885714285714,1694.2028087151073,0,0.12354384497405944,0.580503390144466,0.5,1.0
A,"balance 0.5, rank 1 last",1,whitened,odds-ratio logit,0.999689,816.972,7.0,116.71028571428572,2375.8630874089195,0,0.1154638286808107,0.580503390144466,0.5,1.0
A,"balance 0.5, rank 1 last",1,whitened,adjusted row,1.01101,317.601,11.096,28.623017303532805,457.4283775106166,0,0.09951276455631061,0.580503390144466,0.5,1.0
A,"balance 0.5, rank 1 last",1,whitened,adjusted table,1.00285,414.884,13.176,31.487856709168184,209.83167649727955,0,0.1101290008053586,0.580503390144466,0.5,1.0
A,"balance 0.5, rank 1 last",2,last,position logit,1.00154,567.678,7.136,79.55128923766816,1261.6562656743038,0,0.22099226989033327,0.5945287687372025,0.5,1.0
A,"balance 0.5, rank 1 last",2,last,odds-ratio logit,1.00706,610.706,7.144,85.48516237402016,1358.385212070945,0,0.25028647587274516,0.5945287687372025,0.5,1.0
A,"balance 0.5, rank 1 last",2,last,adjusted row,1.01578,360.119,10.208,35.27811520376176,486.25641029656055,0,0.25205080814170133,0.5945287687372025,0.5,1.0
A,"balance 0.5, rank 1 last",2,last,adjusted table,1.0042,419.433,13.928,30.114373923032737,236.62742037423143,0,0.23408447397017643,0.5945287687372025,0.5,1.0
A,"balance 0.5, rank 1 last",2,largest,position logit,1.00154,567.678,7.136,79.55128923766816,1312.3285432313514,0,0.22099226989033327,0.5945287687372025,0.5,1.0
A,"balance 0.5, rank 1 last",2,largest,odds-ratio logit,1.00706,610.706,7.144,85.48516237402016,1353.7396592162593,0,0.25028647587274516,0.5945287687372025,0.5,1.0
A,"balance 0.5, rank 1 last",2,largest,adjusted row,1.01578,360.119,10.208,35.27811520376176,519.317359672439,0,0.25205080814170133,0.5945287687372025,0.5,1.0
A,"balance 0.5, rank 1 last",2,largest,adjusted table,1.0042,419.433,13.928,30.114373923032737,244.97856120288137,0,0.23408447397017643,0.5945287687372025,0.5,1.0
A,"balance 0.5, rank 1 last",2,whitened,position logit,1.00273,705.69,7.056,100.01275510204083,1695.772934558236,0,0.0801166792983406,0.5945287687372025,0.5,1.0
A,"balance 0.5, rank 1 last",2,whitened,odds-ratio logit,1.00463,794.007,7.008,113.30008561643835,2302.7615631392946,0,0.10967355172632104,0.5945287687372025,0.5,1.0
A,"balance 0.5, rank 1 last",2,whitened,adjusted row,1.00212,431.882,8.992,48.0295818505338,650.0866689663538,0,0.09887066658184576,0.5945287687372025,0.5,1.0
A,"balance 0.5, rank 1 last",2,whitened,adjusted table,1.00252,407.901,12.896,31.630040322580644,242.53929617960313,0,0.09559009676263906,0.5945287687372025,0.5,1.0
A,"balance 0.5, rank 1 last",3,last,position logit,1.0018,800.477,7.04,113.70411931818181,1538.6755404968299,0,0.20986324757840472,0.5881803511806525,0.5,1.0
A,"balance 0.5, rank 1 last",3,last,odds-ratio logit,1.00246,691.615,7.176,96.37890189520624,1549.1010675863158,0,0.2041249531483833,0.5881803511806525,0.5,1.0
A,"balance 0.5, rank 1 last",3,last,adjusted row,1.00544,476.931,9.976,47.807838813151555,580.3918385760451,0,0.26690096286370435,0.5881803511806525,0.5,1.0
A,"balance 0.5, rank 1 last",3,last,adjusted table,1.00633,425.124,13.52,31.44408284023669,224.26628493161644,0,0.22548281760713784,0.5881803511806525,0.5,1.0
A,"balance 0.5, rank 1 last",3,largest,position logit,1.0018,800.477,7.04,113.70411931818181,1853.154766817626,0,0.20986324757840472,0.5881803511806525,0.5,1.0
A,"balance 0.5, rank 1 last",3,largest,odds-ratio logit,1.00246,691.615,7.176,96.37890189520624,1768.3606461295747,0,0.2041249531483833,0.5881803511806525,0.5,1.0
A,"balance 0.5, rank 1 last",3,largest,adjusted row,1.00544,476.931,9.976,47.807838813151555,674.3167232444163,0,0.26690096286370435,0.5881803511806525,0.5,1.0
A,"balance 0.5, rank 1 last",3,largest,adjusted table,1.00633,425.124,13.52,31.44408284023669,251.2566775453012,0,0.22548281760713784,0.5881803511806525,0.5,1.0
A,"balance 0.5, rank 1 last",3,whitened,position logit,1.00402,929.795,7.0,132.82785714285714,2233.8838194307605,0,0.08868797903341756,0.5881803511806525,0.5,1.0
A,"balance 0.5, rank 1 last",3,whitened,odds-ratio logit,1.00127,824.689,7.08,116.48149717514124,2324.3834540925386,0,0.12885563726746338,0.5881803511806525,0.5,1.0
A,"balance 0.5, rank 1 last",3,whitened,adjusted row,1.00222,424.608,10.072,42.15726767275616,597.2712437552527,0,0.0815937530790322,0.5881803511806525,0.5,1.0
A,"balance 0.5, rank 1 last",3,whitened,adjusted table,1.00431,456.828,13.268,34.43081097377148,225.66069785199738,0,0.16130459454850893,0.5881803511806525,0.5,1.0
A,"balance 0.5, rank 2 last",1,last,position logit,1.00632,594.214,7.256,81.89277839029769,1555.324478330546,0,0.43507944217665506,0.2327044712509562,0.5,2.0
A,"balance 0.5, rank 2 last",1,last,odds-ratio logit,1.00829,512.098,9.944,51.4981898632341,1074.1347814153569,0,0.4817604727650682,0.2327044712509562,0.5,2.0
A,"balance 0.5, rank 2 last",1,last,adjusted row,1.00423,508.884,12.256,41.521214099216714,673.6995361516117,0,0.5259479723185874,0.2327044712509562,0.5,2.0
A,"balance 0.5, rank 2 last",1,last,adjusted table,1.00212,243.157,16.168,15.039398812469075,125.94278896476848,0,0.5349694197165888,0.2327044712509562,0.5,2.0
A,"balance 0.5, rank 2 last",1,largest,position logit,1.00431,695.368,7.456,93.26287553648069,1403.291098957895,0,0.25393393768033473,0.2327044712509562,0.5,2.0
A,"balance 0.5, rank 2 last",1,largest,odds-ratio logit,1.00148,636.274,7.472,85.15444325481798,1440.346897024885,0,0.19280493381524627,0.2327044712509562,0.5,2.0
A,"balance 0.5, rank 2 last",1,largest,adjusted row,1.01707,412.876,9.872,41.82293354943274,605.48280983484,0,0.27750932491470115,0.2327044712509562,0.5,2.0
A,"balance 0.5, rank 2 last",1,largest,adjusted table,1.00603,338.334,15.552,21.755015432098766,193.51763433089835,0,0.2695825171640564,0.2327044712509562,0.5,2.0
A,"balance 0.5, rank 2 last",1,whitened,position logit,1.00293,505.679,7.128,70.94262065095398,1268.4871800426781,0,0.09605101432709441,0.2327044712509562,0.5,2.0
A,"balance 0.5, rank 2 last",1,whitened,odds-ratio logit,1.00195,627.658,7.296,86.02768640350877,1538.9062529415066,0,0.08253193885066006,0.2327044712509562,0.5,2.0
A,"balance 0.5, rank 2 last",1,whitened,adjusted row,1.00585,420.063,10.544,39.83905538694992,609.4930500467531,0,0.09616321416744468,0.2327044712509562,0.5,2.0
A,"balance 0.5, rank 2 last",1,whitened,adjusted table,1.00485,223.859,15.872,14.104019657258066,107.92551928781064,0,0.10200603352055332,0.2327044712509562,0.5,2.0
A,"balance 0.5, rank 2 last",2,last,position logit,1.00248,581.433,7.56,76.90912698412698,1550.2672181289286,0,0.5156529618436043,0.2270151283432463,0.5,2.0
A,"balance 0.5, rank 2 last",2,last,odds-ratio logit,1.00486,495.646,8.2,60.44463414634147,1234.3457208176683,0,0.5056646139737107,0.2270151283432463,0.5,2.0
A,"balance 0.5, rank 2 last",2,last,adjusted row,1.0051,487.658,10.928,44.624633967789165,739.6713802744983,0,0.4692185571539255,0.2270151283432463,0.5,2.0
A,"balance 0.5, rank 2 last",2,last,adjusted table,1.01226,209.804,15.704,13.359908303616912,105.08178355378675,0,0.4350217694310962,0.2270151283432463,0.5,2.0
A,"balance 0.5, rank 2 last",2,largest,position logit,1.0158,482.772,9.896,48.78455941794664,1049.2454000132652,0,0.2215977539700717,0.2270151283432463,0.5,2.0
A,"balance 0.5, rank 2 last",2,largest,odds-ratio logit,1.00651,457.805,8.732,52.428424186898766,1182.8432632192362,0,0.24538324763796407,0.2270151283432463,0.5,2.0
A,"balance 0.5, rank 2 last",2,largest,adjusted row,1.00463,452.295,11.752,38.48664057181756,620.5734824274252,0,0.23823971656241053,0.2270151283432463,0.5,2.0
A,"balance 0.5, rank 2 last",2,largest,adjusted table,1.01219,332.974,15.576,21.377375449409346,168.16935349367085,0,0.27648429549813935,0.2270151283432463,0.5,2.0
A,"balance 0.5, rank 2 last",2,whitened,position logit,1.00292,590.577,8.248,71.6024490785645,1543.843269334038,0,0.10094745378216877,0.2270151283432463,0.5,2.0
A,"balance 0.5, rank 2 last",2,whitened,odds-ratio logit,1.00328,628.608,7.784,80.75642343268242,1439.549888361945,0,0.10407977307609248,0.2270151283432463,0.5,2.0
A,"balance 0.5, rank 2 last",2,whitened,adjusted row,1.00248,449.166,11.208,40.0754817987152,674.7815307522698,0,0.11409429376371141,0.2270151283432463,0.5,2.0
A,"balance 0.5, rank 2 last",2,whitened,adjusted table,1.00196,365.332,15.736,23.21631926792069,171.35099493276073,0,0.12280465858418335,0.2270151283432463,0.5,2.0
A,"balance 0.5, rank 2 last",3,last,position logit,1.00343,624.433,9.28,67.28803879310345,1522.0900258859615,0,0.4923753387925172,0.2171962121281097,0.5,2.0
A,"balance 0.5, rank 2 last",3,last,odds-ratio logit,1.00844,378.645,8.864,42.717170577617324,941.0670239060255,0,0.5388302965004637,0.2171962121281097,0.5,2.0
A,"balance 0.5, rank 2 last",3,last,adjusted row,1.00503,485.812,13.144,36.960742544126596,602.2034263773456,0,0.517625044052071,0.2171962121281097,0.5,2.0
A,"balance 0.5, rank 2 last",3,last,adjusted table,1.00593,208.827,15.4,13.560194805194804,104.19917926418492,0,0.5148324202428807,0.2171962121281097,0.5,2.0
A,"balance 0.5, rank 2 last",3,largest,position logit,1.00327,648.33,8.376,77.40329512893983,1426.3729982024079,0,0.2698361153778227,0.2171962121281097,0.5,2.0
A,"balance 0.5, rank 2 last",3,largest,odds-ratio logit,1.0042,657.072,7.256,90.55567805953693,1698.4387310628401,0,0.28127937517088136,0.2171962121281097,0.5,2.0
A,"balance 0.5, rank 2 last",3,largest,adjusted row,1.00302,480.193,11.368,42.24076354679803,660.767472256187,0,0.2302998548286836,0.2171962121281097,0.5,2.0
A,"balance 0.5, rank 2 last",3,largest,adjusted table,1.00794,255.948,15.64,16.364961636828646,130.85994847535378,0,0.22815160811636803,0.2171962121281097,0.5,2.0
A,"balance 0.5, rank 2 last",3,whitened,position logit,1.0045,639.472,8.912,71.75403949730699,1231.6784612115005,0,0.09469875200831458,0.2171962121281097,0.5,2.0
A,"balance 0.5, rank 2 last",3,whitened,odds-ratio logit,1.00154,734.078,7.052,104.09500850822462,1799.3464569157413,0,0.09824560084593566,0.2171962121281097,0.5,2.0
A,"balance 0.5, rank 2 last",3,whitened,adjusted row,1.00974,517.944,13.032,39.744014732965006,684.9803802479521,0,0.09818085067085923,0.2171962121281097,0.5,2.0
A,"balance 0.5, rank 2 last",3,whitened,adjusted table,1.00292,264.945,15.328,17.285033924843425,136.04199755499965,0,0.1522900729467376,0.2171962121281097,0.5,2.0
A,"balance 0.5, rank 3 last",1,last,position logit,1.00437,814.087,12.312,66.12142625081222,1591.6484299228352,0,0.7717339711751554,0.11509787382347603,0.5,3.0
A,"balance 0.5, rank 3 last",1,last,odds-ratio logit,1.00265,723.563,10.912,66.30892595307917,1682.6166929478916,0,0.7300409381852341,0.11509787382347603,0.5,3.0
A,"balance 0.5, rank 3 last",1,last,adjusted row,1.00428,501.084,14.0,35.791714285714285,538.9625881545603,0,0.7621869349867136,0.11509787382347603,0.5,3.0
A,"balance 0.5, rank 3 last",1,last,adjusted table,1.00586,306.213,16.728,18.30541606886657,147.84524397444633,0,0.7111937610695342,0.11509787382347603,0.5,3.0
A,"balance 0.5, rank 3 last",1,largest,position logit,1.0008,751.276,12.176,61.70137976346911,1521.4655585360695,0,0.23309392774123555,0.11509787382347603,0.5,3.0
A,"balance 0.5, rank 3 last",1,largest,odds-ratio logit,1.0015,715.035,9.072,78.81779100529101,1566.0209330100067,0,0.22518604488568167,0.11509787382347603,0.5,3.0
A,"balance 0.5, rank 3 last",1,largest,adjusted row,1.00236,492.381,11.736,41.95475460122699,626.0913794090924,0,0.22866646122912745,0.11509787382347603,0.5,3.0
A,"balance 0.5, rank 3 last",1,largest,adjusted table,1.00402,278.785,15.552,17.92599022633745,136.1359258498621,0,0.25514846327178414,0.11509787382347603,0.5,3.0
A,"balance 0.5, rank 3 last",1,whitened,position logit,1.0022,807.819,10.92,73.9760989010989,1249.9828316449177,0,0.1029493392532469,0.11509787382347603,0.5,3.0
A,"balance 0.5, rank 3 last",1,whitened,odds-ratio logit,1.00557,563.574,9.056,62.232111307420496,1338.7389660801543,0,0.09922507516505742,0.11509787382347603,0.5,3.0
A,"balance 0.5, rank 3 last",1,whitened,adjusted row,1.00456,369.594,10.928,33.82082723279648,531.5319663920868,0,0.0719791495851512,0.11509787382347603,0.5,3.0
A,"balance 0.5, rank 3 last",1,whitened,adjusted table,1.00425,233.044,15.456,15.077898550724639,127.6554311984932,0,0.13327185260038796,0.11509787382347603,0.5,3.0
A,"balance 0.5, rank 3 last",2,last,position logit,1.00233,718.917,10.144,70.87115536277602,1522.1892545476023,0,0.7733336616331142,0.11207250486326113,0.5,3.0
A,"balance 0.5, rank 3 last",2,last,odds-ratio logit,1.0022,854.298,11.512,74.2093467685893,2080.0040393943864,0,0.7325623608350661,0.11207250486326113,0.5,3.0
A,"balance 0.5, rank 3 last",2,last,adjusted row,1.00282,535.766,12.208,43.88646788990825,764.5258491970687,0,0.7370740913827428,0.11207250486326113,0.5,3.0
A,"balance 0.5, rank 3 last",2,last,adjusted table,1.00502,290.894,16.76,17.356443914081144,139.49844131868505,0,0.7459757377296601,0.11207250486326113,0.5,3.0
A,"balance 0.5, rank 3 last",2,largest,position logit,1.00206,570.512,10.344,55.153905645784995,1335.7526905385375,0,0.2920830823309493,0.11207250486326113,0.5,3.0
A,"balance 0.5, rank 3 last",2,largest,odds-ratio logit,1.00868,557.029,9.704,57.40199917559769,1239.6318179201915,0,0.21610611105248814,0.11207250486326113,0.5,3.0
A,"balance 0.5, rank 3 last",2,largest,adjusted row,1.00392,407.832,11.088,36.78138528138528,636.0176541643567,0,0.26096145134364573,0.11207250486326113,0.5,3.0
A,"balance 0.5, rank 3 last",2,largest,adjusted table,1.00154,258.662,15.712,16.462703665987778,141.1700107412906,0,0.1737033734887583,0.11207250486326113,0.5,3.0
A,"balance 0.5, rank 3 last",2,whitened,position logit,1.00281,848.936,11.672,72.73269362577108,2109.1906972913453,0,0.10639889598817054,0.11207250486326113,0.5,3.0
A,"balance 0.5, rank 3 last",2,whitened,odds-ratio logit,1.00213,762.802,12.4,61.516290322580645,1881.3841013260856,0,0.10537353513037982,0.11207250486326113,0.5,3.0
A,"balance 0.5, rank 3 last",2,whitened,adjusted row,1.00311,652.586,13.648,47.8155041031653,715.6263362105907,0,0.09550433343354608,0.11207250486326113,0.5,3.0
A,"balance 0.5, rank 3 last",2,whitened,adjusted table,1.00718,218.472,16.52,13.224697336561745,104.40003270845162,0,0.16917774902412092,0.11207250486326113,0.5,3.0
A,"balance 0.5, rank 3 last",3,last,position logit,1.00423,703.339,9.76,72.06342213114755,1646.0773825048127,0,0.7607727656243426,0.11487136624139582,0.5,3.0
A,"balance 0.5, rank 3 last",3,last,odds-ratio logit,1.00323,674.69,11.56,58.36418685121107,1296.2553093124457,0,0.7302941552864273,0.11487136624139582,0.5,3.0
A,"balance 0.5, rank 3 last",3,last,adjusted row,1.00777,569.489,13.424,42.423197258641245,574.7006667173532,0,0.7280693261711412,0.11487136624139582,0.5,3.0
A,"balance 0.5, rank 3 last",3,last,adjusted table,1.00495,274.338,16.288,16.842951866404718,133.3605972386011,0,0.6922788719284927,0.11487136624139582,0.5,3.0
A,"balance 0.5, rank 3 last",3,largest,position logit,1.00632,670.068,7.368,90.942996742671,1330.2030150680705,0,0.23746731171625265,0.11487136624139582,0.5,3.0
A,"balance 0.5, rank 3 last",3,largest,odds-ratio logit,1.00434,744.937,8.456,88.09567171239357,1267.7626130817034,0,0.23700534302009785,0.11487136624139582,0.5,3.0
A,"balance 0.5, rank 3 last",3,largest,adjusted row,1.00194,609.463,11.992,50.82246497665109,800.8311647784712,0,0.26160145819090247,0.11487136624139582,0.5,3.0
A,"balance 0.5, rank 3 last",3,largest,adjusted table,1.00788,270.304,15.656,17.26520183955033,132.41941373140938,0,0.2276352059605367,0.11487136624139582,0.5,3.0
A,"balance 0.5, rank 3 last",3,whitened,position logit,1.00297,924.831,7.312,126.4812636761488,2332.281355219013,0,0.14422129568208872,0.11487136624139582,0.5,3.0
A,"balance 0.5, rank 3 last",3,whitened,odds-ratio logit,1.00393,763.831,7.312,104.46266411378555,2200.0576968961145,0,0.07847073579951533,0.11487136624139582,0.5,3.0
A,"balance 0.5, rank 3 last",3,whitened,adjusted row,1.00292,429.618,12.392,34.66897998708845,556.8882887471046,0,0.10522309353640952,0.11487136624139582,0.5,3.0
A,"balance 0.5, rank 3 last",3,whitened,adjusted table,1.00576,251.363,15.512,16.20442238267148,142.05557092593293,0,0.11138360829828675,0.11487136624139582,0.5,3.0
A,"balance 0.5, rank 4 last",1,last,position logit,1.00113,747.888,14.384,51.9944382647386,1363.7377749552213,0,0.8628102263390303,0.049815924237330084,0.5,4.0
A,"balance 0.5, rank 4 last",1,last,odds-ratio logit,1.00147,966.756,14.472,66.80182421227197,2254.6788509406015,0,0.8645858011087253,0.049815924237330084,0.5,4.0
A,"balance 0.5, rank 4 last",1,last,adjusted row,1.00615,412.136,15.6,26.41897435897436,493.63663328320695,0,0.8824781597837514,0.049815924237330084,0.5,4.0
A,"balance 0.5, rank 4 last",1,last,adjusted table,1.00352,364.425,16.168,22.539893617021278,189.46828408096724,0,0.8745604479990983,0.049815924237330084,0.5,4.0
A,"balance 0.5, rank 4 last",1,largest,position logit,1.00398,454.648,8.712,52.186409550045916,1077.185572875872,0,0.3223515210348666,0.049815924237330084,0.5,4.0
A,"balance 0.5, rank 4 last",1,largest,odds-ratio logit,1.00516,365.58,8.432,43.35626185958254,922.866435102485,0,0.2377773403966721,0.049815924237330084,0.5,4.0
A,"balance 0.5, rank 4 last",1,largest,adjusted row,1.00235,523.361,11.312,46.26600070721358,808.2726438623848,0,0.2578087030665028,0.049815924237330084,0.5,4.0
A,"balance 0.5, rank 4 last",1,largest,adjusted table,1.00433,285.913,15.224,18.780412506568577,164.56502049669513,0,0.27563234929750147,0.049815924237330084,0.5,4.0
A,"balance 0.5, rank 4 last",1,whitened,position logit,1.00426,786.108,11.576,67.90843123704215,1751.6293102189393,0,0.08291025227310952,0.049815924237330084,0.5,4.0
A,"balance 0.5, rank 4 last",1,whitened,odds-ratio logit,1.00454,695.443,10.232,67.96745504300235,1723.7473188049769,0,0.09962002434116617,0.049815924237330084,0.5,4.0
A,"balance 0.5, rank 4 last",1,whitened,adjusted row,1.00247,569.258,12.096,47.061673280423285,726.8493093534422,0,0.11084947153273461,0.049815924237330084,0.5,4.0
A,"balance 0.5, rank 4 last",1,whitened,adjusted table,1.00916,220.786,15.28,14.44934554973822,115.61216354280913,0,0.148364128328555,0.049815924237330084,0.5,4.0
A,"balance 0.5, rank 4 last",2,last,position logit,1.00233,1090.54,14.784,73.76488095238095,1778.430049017035,0,0.8740055662615516,0.04718579337149985,0.5,4.0
A,"balance 0.5, rank 4 last",2,last,odds-ratio logit,1.00331,791.285,14.472,54.67696241017136,1513.579728321891,0,0.8821331937045334,0.04718579337149985,0.5,4.0
A,"balance 0.5, rank 4 last",2,last,adjusted row,1.00639,655.851,16.112,40.70574726911619,606.5084476758184,0,0.8673209619884885,0.04718579337149985,0.5,4.0
A,"balance 0.5, rank 4 last",2,last,adjusted table,1.00474,382.445,15.34,24.93122555410691,203.73830978133788,0,0.8689806998338312,0.04718579337149985,0.5,4.0
A,"balance 0.5, rank 4 last",2,largest,position logit,1.00645,704.638,11.224,62.7795794725588,1589.3395960928308,0,0.22533747459836567,0.04718579337149985,0.5,4.0
A,"balance 0.5, rank 4 last",2,largest,odds-ratio logit,1.0047,754.247,11.432,65.97681945416375,1176.0826563574738,0,0.26798091605694896,0.04718579337149985,0.5,4.0
A,"balance 0.5, rank 4 last",2,largest,adjusted row,1.00278,412.422,10.984,37.547523670793886,459.99930442274695,0,0.2844827853967666,0.04718579337149985,0.5,4.0
A,"balance 0.5, rank 4 last",2,largest,adjusted table,1.00239,263.873,15.336,17.2061163275952,133.8321424394262,0,0.21397178360273214,0.04718579337149985,0.5,4.0
A,"balance 0.5, rank 4 last",2,whitened,position logit,1.00285,716.959,10.456,68.56914690130068,1333.3303780970068,0,0.12242972790514278,0.04718579337149985,0.5,4.0
A,"balance 0.5, rank 4 last",2,whitened,odds-ratio logit,1.00249,594.434,9.544,62.28352891869237,1462.3330494201664,0,0.12303576149923474,0.04718579337149985,0.5,4.0
A,"balance 0.5, rank 4 last",2,whitened,adjusted row,1.00454,518.565,12.376,41.90085649644474,644.9951940899392,0,0.1206007319253547,0.04718579337149985,0.5,4.0
A,"balance 0.5, rank 4 last",2,whitened,adjusted table,1.00965,256.078,15.44,16.585362694300517,127.0655677398167,0,0.12418015703689149,0.04718579337149985,0.5,4.0
A,"balance 0.5, rank 4 last",3,last,position logit,1.00162,1026.31,14.824,69.23300053966541,1921.6648698029433,0,0.8734493473487666,0.047688548820612076,0.5,4.0
A,"balance 0.5, rank 4 last",3,last,odds-ratio logit,1.00435,881.395,14.096,62.528022133938705,1699.3193113434172,0,0.8667730271132829,0.047688548820612076,0.5,4.0
A,"balance 0.5, rank 4 last",3,last,adjusted row,1.00381,659.689,18.216,36.21481115502854,718.7732233672405,0,0.8573618110218016,0.047688548820612076,0.5,4.0
A,"balance 0.5, rank 4 last",3,last,adjusted table,1.00071,274.856,16.512,16.645833333333332,120.31934951403315,0,0.8547908291965042,0.047688548820612076,0.5,4.0
A,"balance 0.5, rank 4 last",3,largest,position logit,1.00433,628.655,7.8,80.59679487179487,1495.8624373733837,0,0.2264845782081368,0.047688548820612076,0.5,4.0
A,"balance 0.5, rank 4 last",3,largest,odds-ratio logit,1.00403,705.693,10.468,67.41431027894535,1400.5132751650985,0,0.21402189553292417,0.047688548820612076,0.5,4.0
A,"balance 0.5, rank 4 last",3,largest,adjusted row,1.00428,499.829,12.56,39.7953025477707,736.646232961034,0,0.23289418935089531,0.047688548820612076,0.5,4.0
A,"balance 0.5, rank 4 last",3,largest,adjusted table,1.002,328.72,15.424,21.31224066390042,179.92889908307168,0,0.2388307506750331,0.047688548820612076,0.5,4.0
A,"balance 0.5, rank 4 last",3,whitened,position logit,1.00366,466.201,12.024,38.7725382568197,1140.2700760499333,0,0.109650550956962,0.047688548820612076,0.5,4.0
A,"balance 0.5, rank 4 last",3,whitened,odds-ratio logit,1.00153,594.874,7.184,82.8054008908686,1687.4227904087215,0,0.09346621647397617,0.047688548820612076,0.5,4.0
A,"balance 0.5, rank 4 last",3,whitened,adjusted row,1.00298,450.005,10.88,41.36075367647059,677.6959515135848,0,0.10419108300829068,0.047688548820612076,0.5,4.0
A,"balance 0.5, rank 4 last",3,whitened,adjusted table,1.00574,280.379,15.968,17.558805110220444,139.64419796743167,0,0.0948504180905908,0.047688548820612076,0.5,4.0
A,"balance 0.5, rank 5 last",1,last,position logit,1.00276,757.323,18.616,40.68129565964762,1176.6163395709505,0,0.9361280634559149,0.021878340543771562,0.5,5.0
A,"balance 0.5, rank 5 last",1,last,odds-ratio logit,1.00952,389.395,17.168,22.68144221808015,682.385685335009,0,0.9430523779696622,0.021878340543771562,0.5,5.0
A,"balance 0.5, rank 5 last",1,last,adjusted row,1.00248,500.216,20.408,24.51078008624069,489.6612607808271,0,0.9268273437425117,0.021878340543771562,0.5,5.0
A,"balance 0.5, rank 5 last",1,last,adjusted table,1.00645,608.623,31.24,19.482170294494242,209.75281691550654,0,0.9421112806113129,0.021878340543771562,0.5,5.0
A,"balance 0.5, rank 5 last",1,largest,position logit,1.00316,685.257,10.264,66.76315276695246,1559.2879233272317,0,0.28632192702357917,0.021878340543771562,0.5,5.0
A,"balance 0.5, rank 5 last",1,largest,odds-ratio logit,1.00709,671.877,11.32,59.353091872791516,1341.906053507552,0,0.2616854051159442,0.021878340543771562,0.5,5.0
A,"balance 0.5, rank 5 last",1,largest,adjusted row,1.00983,418.12,10.608,39.41553544494721,526.740007995461,0,0.29932240781067426,0.021878340543771562,0.5,5.0
A,"balance 0.5, rank 5 last",1,largest,adjusted table,1.00352,364.242,14.912,24.426099785407725,200.2031039045027,0,0.2567604605935901,0.021878340543771562,0.5,5.0
A,"balance 0.5, rank 5 last",1,whitened,position logit,1.00255,694.989,9.336,74.4418380462725,1654.0105667653968,0,0.12091781662246447,0.021878340543771562,0.5,5.0
A,"balance 0.5, rank 5 last",1,whitened,odds-ratio logit,1.00721,817.114,12.264,66.62703848662754,2025.643378114437,0,0.12457960926250945,0.021878340543771562,0.5,5.0
A,"balance 0.5, rank 5 last",1,whitened,adjusted row,1.00704,450.195,9.696,46.431002475247524,774.4992333081627,0,0.12515325990063236,0.021878340543771562,0.5,5.0
A,"balance 0.5, rank 5 last",1,whitened,adjusted table,1.029,189.793,15.112,12.559092112228694,110.16269839081134,0,0.12664592990494208,0.021878340543771562,0.5,5.0
A,"balance 0.5, rank 5 last",2,last,position logit,1.00352,621.46,17.816,34.882128423888645,1074.9126218857916,0,0.9476393725264975,0.019197804684790112,0.5,5.0
A,"balance 0.5, rank 5 last",2,last,odds-ratio logit,1.00336,594.431,19.016,31.259518300378634,1102.6106573559803,0,0.9490693157302992,0.019197804684790112,0.5,5.0
A,"balance 0.5, rank 5 last",2,last,adjusted row,1.00127,505.723,20.024,25.255842988413903,501.2658339771798,0,0.9455043541193464,0.019197804684790112,0.5,5.0
A,"balance 0.5, rank 5 last",2,last,adjusted table,1.00653,337.555,19.664,17.166141171684295,147.65703373585754,0,0.9446021069328815,0.019197804684790112,0.5,5.0
A,"balance 0.5, rank 5 last",2,largest,position logit,1.00549,709.481,11.392,62.27887991573034,1221.686461519766,0,0.22860967481464103,0.019197804684790112,0.5,5.0
A,"balance 0.5, rank 5 last",2,largest,odds-ratio logit,1.00578,775.102,10.944,70.82437865497076,1381.5580897979303,0,0.24652267211843257,0.019197804684790112,0.5,5.0
A,"balance 0.5, rank 5 last",2,largest,adjusted row,1.00958,463.441,11.184,41.43785765379113,581.9844771391864,0,0.25728637152398104,0.019197804684790112,0.5,5.0
A,"balance 0.5, rank 5 last",2,largest,adjusted table,1.00658,217.078,15.688,13.837200407955125,107.86173704840972,0,0.2917996498170443,0.019197804684790112,0.5,5.0
A,"balance 0.5, rank 5 last",2,whitened,position logit,1.00182,712.394,9.088,78.38842429577466,1611.8027469591218,0,0.10302129074794011,0.019197804684790112,0.5,5.0
A,"balance 0.5, rank 5 last",2,whitened,odds-ratio logit,1.005,411.897,7.744,53.18917871900827,977.129829348262,0,0.1308632346582545,0.019197804684790112,0.5,5.0
A,"balance 0.5, rank 5 last",2,whitened,adjusted row,1.00214,641.101,12.144,52.791584321475625,796.4520021550926,0,0.06807238740200895,0.019197804684790112,0.5,5.0
A,"balance 0.5, rank 5 last",2,whitened,adjusted table,1.01531,163.057,14.824,10.999527792768482,88.28361167535526,0,0.10168235511309655,0.019197804684790112,0.5,5.0
A,"balance 0.5, rank 5 last",3,last,position logit,1.00373,862.494,15.128,57.01308831306187,1384.049456174878,0,0.9052699943710278,0.032063521629229944,0.5,5.0
A,"balance 0.5, rank 5 last",3,last,odds-ratio logit,1.00281,622.111,15.24,40.82093175853018,1068.776918151396,0,0.9107927170366927,0.032063521629229944,0.5,5.0
A,"balance 0.5, rank 5 last",3,last,adjusted row,1.00272,558.755,19.704,28.3574401136825,423.11569526202305,0,0.915789402827644,0.032063521629229944,0.5,5.0
A,"balance 0.5, rank 5 last",3,last,adjusted table,1.00564,328.074,22.88,14.338898601398602,135.92222587330818,0,0.8962857155162242,0.032063521629229944,0.5,5.0
A,"balance 0.5, rank 5 last",3,largest,position logit,1.00426,735.431,9.32,78.90890557939915,1823.1322036744912,0,0.3021902140219575,0.032063521629229944,0.5,5.0
A,"balance 0.5, rank 5 last",3,largest,odds-ratio logit,1.00365,781.439,10.784,72.4628152818991,1675.588087151632,0,0.2252702070489789,0.032063521629229944,0.5,5.0
A,"balance 0.5, rank 5 last",3,largest,adjusted row,1.00682,508.449,10.864,46.801270250368184,685.5900888564549,0,0.19515590483861642,0.032063521629229944,0.5,5.0
A,"balance 0.5, rank 5 last",3,largest,adjusted table,1.00365,373.846,15.512,24.100438370293965,198.4159577137463,0,0.27019084084718686,0.032063521629229944,0.5,5.0
A,"balance 0.5, rank 5 last",3,whitened,position logit,1.00214,627.964,9.864,63.66220600162206,1459.2088183135736,0,0.1421250974327411,0.032063521629229944,0.5,5.0
A,"balance 0.5, rank 5 last",3,whitened,odds-ratio logit,1.00342,460.697,7.772,59.27650540401441,1279.7261272094495,0,0.10396157407472373,0.032063521629229944,0.5,5.0
A,"balance 0.5, rank 5 last",3,whitened,adjusted row,1.00433,517.933,12.848,40.31234433374844,645.3088784229805,0,0.08674704774232862,0.032063521629229944,0.5,5.0
A,"balance 0.5, rank 5 last",3,whitened,adjusted table,1.00768,373.801,14.632,25.5468151995626,191.54393934259795,0,0.1295602718341791,0.032063521629229944,0.5,5.0
A,"balance 0.35, rank 1 last",1,last,position logit,1.00197,848.433,7.008,121.06635273972603,2328.2028785876587,0,0.27970725101238847,0.7403725505154428,0.35,1.0
A,"balance 0.35, rank 1 last",1,last,odds-ratio logit,1.00156,627.33,7.024,89.3123576309795,1562.664384715753,0,0.2515311788465469,0.7403725505154428,0.35,1.0
A,"balance 0.35, rank 1 last",1,last,adjusted row,1.01736,394.36,10.8,36.51481481481481,545.9087106076013,0,0.29892805463285005,0.7403725505154428,0.35,1.0
A,"balance 0.35, rank 1 last",1,last,adjusted table,1.00139,523.496,14.096,37.13791146424517,351.6184924571098,0,0.19533273842552776,0.7403725505154428,0.35,1.0
A,"balance 0.35, rank 1 last",1,largest,position logit,1.00197,848.433,7.008,121.06635273972603,2308.849538553969,0,0.27970725101238847,0.7403725505154428,0.35,1.0
A,"balance 0.35, rank 1 last",1,largest,odds-ratio logit,1.00156,627.33,7.024,89.3123576309795,1936.9954838894905,0,0.2515311788465469,0.7403725505154428,0.35,1.0
A,"balance 0.35, rank 1 last",1,largest,adjusted row,1.01736,394.36,10.8,36.51481481481481,613.5716073193885,0,0.29892805463285005,0.7403725505154428,0.35,1.0
A,"balance 0.35, rank 1 last",1,largest,adjusted table,1.00139,523.496,14.096,37.13791146424517,352.339075687624,0,0.19533273842552776,0.7403725505154428,0.35,1.0
A,"balance 0.35, rank 1 last",1,whitened,position logit,1.00173,813.739,7.0,116.24842857142858,1735.7266906751195,0,0.10586736879591378,0.7403725505154428,0.35,1.0
A,"balance 0.35, rank 1 last",1,whitened,odds-ratio logit,1.00145,804.171,7.004,114.81596230725302,2470.8735845940055,0,0.11707721133280281,0.7403725505154428,0.35,1.0
A,"balance 0.35, rank 1 last",1,whitened,adjusted row,1.00563,582.813,11.504,50.661769819193324,820.1029809780666,0,0.11226116542850124,0.7403725505154428,0.35,1.0
A,"balance 0.35, rank 1 last",1,whitened,adjusted table,1.00246,452.229,13.064,34.61642682180037,306.32842333455693,0,0.09981041175605673,0.7403725505154428,0.35,1.0
A,"balance 0.35, rank 1 last",2,last,position logit,1.00248,790.23,7.008,112.76113013698631,2329.741402583162,0,0.2773632918213358,0.7503044211221261,0.35,1.0
A,"balance 0.35, rank 1 last",2,last,odds-ratio logit,1.00291,926.149,7.028,131.77988047808765,2359.7863221623857,0,0.27190240523449816,0.7503044211221261,0.35,1.0
A,"balance 0.35, rank 1 last",2,last,adjusted row,1.00909,497.622,10.512,47.3384703196347,731.224493437408,0,0.25562242876000824,0.7503044211221261,0.35,1.0
A,"balance 0.35, rank 1 last",2,last,adjusted table,1.00868,425.746,13.776,30.904907084785133,217.2593894918572,0,0.2179456340034217,0.7503044211221261,0.35,1.0
A,"balance 0.35, rank 1 last",2,largest,position logit,1.00248,790.23,7.008,112.76113013698631,1750.578523572454,0,0.2773632918213358,0.7503044211221261,0.35,1.0
A,"balance 0.35, rank 1 last",2,largest,odds-ratio logit,1.00291,926.149,7.028,131.77988047808765,2434.798427568743,0,0.27190240523449816,0.7503044211221261,0.35,1.0
A,"balance 0.35, rank 1 last",2,largest,adjusted row,1.00909,497.622,10.512,47.3384703196347,713.2620035615635,0,0.25562242876000824,0.7503044211221261,0.35,1.0
A,"balance 0.35, rank 1 last",2,largest,adjusted table,1.00868,425.746,13.776,30.904907084785133,245.31974065273133,0,0.2179456340034217,0.7503044211221261,0.35,1.0
A,"balance 0.35, rank 1 last",2,whitened,position logit,1.001,750.347,7.0,107.19242857142856,2286.697040464259,0,0.11358219886161007,0.7503044211221261,0.35,1.0
A,"balance 0.35, rank 1 last",2,whitened,odds-ratio logit,1.00227,599.924,7.096,84.54396843291995,1382.3452099812887,0,0.13327105409218468,0.7503044211221261,0.35,1.0
A,"balance 0.35, rank 1 last",2,whitened,adjusted row,1.00181,622.157,13.352,46.5965398442181,707.4553593396291,0,0.14655073974451305,0.7503044211221261,0.35,1.0
A,"balance 0.35, rank 1 last",2,whitened,adjusted table,1.00481,628.566,13.696,45.8941296728972,384.55467775697764,0,0.11145840921044249,0.7503044211221261,0.35,1.0
A,"balance 0.35, rank 1 last",3,last,position logit,1.00196,750.922,7.016,107.0299315849487,1933.7641464053766,0,0.34150379296735095,0.75114676119213,0.35,1.0
A,"balance 0.35, rank 1 last",3,last,odds-ratio logit,1.0005,753.687,7.008,107.54666095890411,2230.990029858583,0,0.23609349608483018,0.75114676119213,0.35,1.0
A,"balance 0.35, rank 1 last",3,last,adjusted row,1.00397,634.286,11.944,53.104989953114526,825.4282624305004,0,0.31526997898357884,0.75114676119213,0.35,1.0
A,"balance 0.35, rank 1 last",3,last,adjusted table,1.00334,676.583,13.36,50.64244011976048,468.5438366562505,0,0.18913271306385762,0.75114676119213,0.35,1.0
A,"balance 0.35, rank 1 last",3,largest,position logit,1.00196,750.922,7.016,107.0299315849487,2074.916859771611,0,0.34150379296735095,0.75114676119213,0.35,1.0
A,"balance 0.35, rank 1 last",3,largest,odds-ratio logit,1.0005,753.687,7.008,107.54666095890411,2054.4352556599138,0,0.23609349608483018,0.75114676119213,0.35,1.0
A,"balance 0.35, rank 1 last",3,largest,adjusted row,1.00397,634.286,11.944,53.104989953114526,746.7662322704695,0,0.31526997898357884,0.75114676119213,0.35,1.0
A,"balance 0.35, rank 1 last",3,largest,adjusted table,1.00334,676.583,13.36,50.64244011976048,450.1526605711356,0,0.18913271306385762,0.75114676119213,0.35,1.0
A,"balance 0.35, rank 1 last",3,whitened,position logit,1.00364,853.552,6.992,122.07551487414187,2091.5906925731592,0,0.12995288203909655,0.75114676119213,0.35,1.0
A,"balance 0.35, rank 1 last",3,whitened,odds-ratio logit,1.00097,758.221,7.0,108.31728571428572,1664.584000833284,0,0.09458107085954649,0.75114676119213,0.35,1.0
A,"balance 0.35, rank 1 last",3,whitened,adjusted row,1.00577,582.298,12.632,46.097055098163395,800.0674921296535,0,0.131211127106376,0.75114676119213,0.35,1.0
A,"balance 0.35, rank 1 last",3,whitened,adjusted table,1.00268,570.89,13.8,41.368840579710145,335.19081637106854,0,0.1063953841117012,0.75114676119213,0.35,1.0
A,"balance 0.35, rank 2 last",1,last,position logit,1.00536,579.378,11.152,51.95283357245338,1375.0531684566236,0,0.4162656941331132,0.18397109187010485,0.35,2.0
A,"balance 0.35, rank 2 last",1,last,odds-ratio logit,1.00554,399.149,10.4,38.379711538461535,636.6876115417848,0,0.404194146418815,0.18397109187010485,0.35,2.0
A,"balance 0.35, rank 2 last",1,last,adjusted row,1.00332,689.089,15.536,44.354338311019575,877.2663543146864,0,0.47652721717189195,0.18397109187010485,0.35,2.0
A,"balance 0.35, rank 2 last",1,last,adjusted table,1.00293,193.699,20.024,9.673341989612465,89.40624483763963,0,0.3471593007474793,0.18397109187010485,0.35,2.0
A,"balance 0.35, rank 2 last",1,largest,position logit,1.0059,574.185,9.92,57.88155241935483,1270.1823820695008,0,0.2639844760842302,0.18397109187010485,0.35,2.0
A,"balance 0.35, rank 2 last",1,largest,odds-ratio logit,1.00003,440.733,9.38,46.986460554371,993.1261042752005,0,0.29039224543066045,0.18397109187010485,0.35,2.0
A,"balance 0.35, rank 2 last",1,largest,adjusted row,1.00711,677.649,12.784,53.00758760951189,932.6647273395488,0,0.3390936380634326,0.18397109187010485,0.35,2.0
A,"balance 0.35, rank 2 last",1,largest,adjusted table,1.00526,217.508,16.896,12.873342803030303,100.62750261023066,0,0.23222315967975216,0.18397109187010485,0.35,2.0
A,"balance 0.35, rank 2 last",1,whitened,position logit,1.00201,544.138,8.816,61.721642468239565,1072.7934942507773,0,0.14644163843398406,0.18397109187010485,0.35,2.0
A,"balance 0.35, rank 2 last",1,whitened,odds-ratio logit,1.00281,550.784,11.528,47.777931991672446,1177.6773964050121,0,0.1272064927823692,0.18397109187010485,0.35,2.0
A,"balance 0.35, rank 2 last",1,whitened,adjusted row,1.00398,557.978,12.824,43.510449157829065,616.4361302193465,0,0.12685943643881908,0.18397109187010485,0.35,2.0
A,"balance 0.35, rank 2 last",1,whitened,adjusted table,1.00172,303.853,17.128,17.74013311536665,139.4686828517734,0,0.12427845634743691,0.18397109187010485,0.35,2.0
A,"balance 0.35, rank 2 last",2,last,position logit,1.00674,473.756,10.768,43.99665676077265,1060.084059673974,0,0.3999297550191049,0.17759009517631355,0.35,2.0
A,"balance 0.35, rank 2 last",2,last,odds-ratio logit,1.00466,569.891,11.888,47.93834118438762,1322.322408023677,0,0.4229160919242248,0.17759009517631355,0.35,2.0
A,"balance 0.35, rank 2 last",2,last,adjusted row,1.00283,516.131,12.856,40.14709085252022,681.0854394531207,0,0.4347286067422342,0.17759009517631355,0.35,2.0
A,"balance 0.35, rank 2 last",2,last,adjusted table,1.00608,218.591,20.656,10.582445778466306,88.68193353457488,0,0.3879672192937789,0.17759009517631355,0.35,2.0
A,"balance 0.35, rank 2 last",2,largest,position logit,1.01035,329.728,8.384,39.32824427480916,753.2703307368814,0,0.25293487554648575,0.17759009517631355,0.35,2.0
A,"balance 0.35, rank 2 last",2,largest,odds-ratio logit,1.00544,551.994,12.624,43.72576045627376,947.5881034802284,0,0.29779195998259206,0.17759009517631355,0.35,2.0
A,"balance 0.35, rank 2 last",2,largest,adjusted row,1.00185,584.925,14.344,40.77837423312883,700.8377324922205,0,0.2157289561112805,0.17759009517631355,0.35,2.0
A,"balance 0.35, rank 2 last",2,largest,adjusted table,1.01121,189.237,18.296,10.343080454744207,91.08951491203577,0,0.2439679535257938,0.17759009517631355,0.35,2.0
A,"balance 0.35, rank 2 last",2,whitened,position logit,1.00603,518.742,10.792,48.06727205337287,1004.1099388090394,0,0.08321376008161327,0.17759009517631355,0.35,2.0
A,"balance 0.35, rank 2 last",2,whitened,odds-ratio logit,1.01936,177.851,9.312,19.09911941580756,366.069912543013,0,0.10320975603450618,0.17759009517631355,0.35,2.0
A,"balance 0.35, rank 2 last",2,whitened,adjusted row,1.00284,666.591,14.664,45.45765139116203,684.8044327142245,0,0.12742050261391416,0.17759009517631355,0.35,2.0
A,"balance 0.35, rank 2 last",2,whitened,adjusted table,1.00387,295.422,17.824,16.57439407540395,148.7274789945742,0,0.12054882621686895,0.17759009517631355,0.35,2.0
A,"balance 0.35, rank 2 last",3,last,position logit,1.00422,594.104,12.816,46.35642946317104,1054.1884822748802,0,0.47156589650783043,0.17193561366553467,0.35,2.0
A,"balance 0.35, rank 2 last",3,last,odds-ratio logit,1.00481,448.904,9.432,47.59372349448685,964.7183519671835,0,0.4733921495742042,0.17193561366553467,0.35,2.0
A,"balance 0.35, rank 2 last",3,last,adjusted row,1.00619,479.707,13.848,34.6408867706528,608.9534452536099,0,0.4723351076718602,0.17193561366553467,0.35,2.0
A,"balance 0.35, rank 2 last",3,last,adjusted table,1.00179,262.157,17.976,14.583722741433021,119.0948591946964,0,0.5552892433445302,0.17193561366553467,0.35,2.0
A,"balance 0.35, rank 2 last",3,largest,position logit,1.004,431.977,8.968,48.16871097234612,779.814842044962,0,0.15327523559913983,0.17193561366553467,0.35,2.0
A,"balance 0.35, rank 2 last",3,largest,odds-ratio logit,1.00289,560.684,9.92,56.52056451612903,971.0247252562397,0,0.22727113620483425,0.17193561366553467,0.35,2.0
A,"balance 0.35, rank 2 last",3,largest,adjusted row,1.00624,495.32,13.736,36.059988351776354,598.707974121112,0,0.20821015061344994,0.17193561366553467,0.35,2.0
A,"balance 0.35, rank 2 last",3,largest,adjusted table,1.00394,239.622,18.064,13.265168290522587,96.39082927181083,0,0.28692538088260133,0.17193561366553467,0.35,2.0
A,"balance 0.35, rank 2 last",3,whitened,position logit,1.00395,511.263,9.984,51.20823317307692,887.2594187660744,0,0.08747917044310478,0.17193561366553467,0.35,2.0
A,"balance 0.35, rank 2 last",3,whitened,odds-ratio logit,1.00438,619.724,12.928,47.93657178217822,1415.509962166457,0,0.06937966214819145,0.17193561366553467,0.35,2.0
A,"balance 0.35, rank 2 last",3,whitened,adjusted row,1.00413,609.135,13.16,46.286854103343465,681.8816544955021,0,0.11047777339063179,0.17193561366553467,0.35,2.0
A,"balance 0.35, rank 2 last",3,whitened,adjusted table,1.01519,183.287,16.6,11.041385542168674,91.09093474656183,0,0.12493073303198655,0.17193561366553467,0.35,2.0
A,"balance 0.35, rank 3 last",1,last,position logit,1.00676,917.468,14.192,64.64684329199548,1547.1643662834947,0,0.8381786829244733,0.056404203186072206,0.35,3.0
A,"balance 0.35, rank 3 last",1,last,odds-ratio logit,1.00265,775.135,14.456,53.62029607083564,1654.776936734078,0,0.8549071196564971,0.056404203186072206,0.35,3.0
A,"balance 0.35, rank 3 last",1,last,adjusted row,1.00562,491.648,15.992,30.74337168584292,589.7879928257165,0,0.8537822623748667,0.056404203186072206,0.35,3.0
A,"balance 0.35, rank 3 last",1,last,adjusted table,1.00969,279.298,16.8,16.624880952380952,140.89009669870745,0,0.8445896933959506,0.056404203186072206,0.35,3.0
A,"balance 0.35, rank 3 last",1,largest,position logit,1.00135,709.954,12.584,56.41719643992371,1366.4590208692985,0,0.2814485965633371,0.056404203186072206,0.35,3.0
A,"balance 0.35, rank 3 last",1,largest,odds-ratio logit,1.0031,714.456,13.232,53.99455864570738,1758.2409518647362,0,0.27044262283451065,0.056404203186072206,0.35,3.0
A,"balance 0.35, rank 3 last",1,largest,adjusted row,1.00422,644.564,14.264,45.188166012338755,768.3933141491091,0,0.3048321886519191,0.056404203186072206,0.35,3.0
A,"balance 0.35, rank 3 last",1,largest,adjusted table,1.00957,272.756,16.104,16.937158469945356,120.06588195269619,0,0.2927100220595992,0.056404203186072206,0.35,3.0
A,"balance 0.35, rank 3 last",1,whitened,position logit,1.00598,941.237,14.08,66.84921874999999,1447.434477390402,0,0.10568688071123129,0.056404203186072206,0.35,3.0
A,"balance 0.35, rank 3 last",1,whitened,odds-ratio logit,1.00518,502.344,13.824,36.338541666666664,961.552409844512,0,0.10148783313725086,0.056404203186072206,0.35,3.0
A,"balance 0.35, rank 3 last",1,whitened,adjusted row,1.00264,543.065,12.736,42.64015389447236,671.311790459731,0,0.11699953805559883,0.056404203186072206,0.35,3.0
A,"balance 0.35, rank 3 last",1,whitened,adjusted table,1.00627,205.729,16.32,12.605943627450982,106.00729757561233,0,0.13738432126891106,0.056404203186072206,0.35,3.0
A,"balance 0.35, rank 3 last",2,last,position logit,1.0053,850.578,13.936,61.03458668197474,1627.46667030639,0,0.8240977163917959,0.054345342289064694,0.35,3.0
A,"balance 0.35, rank 3 last",2,last,odds-ratio logit,1.00203,885.561,14.672,60.35721101417666,2042.6972802863277,0,0.8498645377553601,0.054345342289064694,0.35,3.0
A,"balance 0.35, rank 3 last",2,last,adjusted row,1.00258,742.069,16.048,46.24059072781655,758.5491578544343,0,0.8524783282790614,0.054345342289064694,0.35,3.0
A,"balance 0.35, rank 3 last",2,last,adjusted table,1.01358,288.694,17.568,16.432946265938067,131.72631054793567,0,0.8475851419326362,0.054345342289064694,0.35,3.0
A,"balance 0.35, rank 3 last",2,largest,position logit,1.00337,795.336,14.16,56.16779661016949,1478.2964799884426,0,0.2665632205636815,0.054345342289064694,0.35,3.0
A,"balance 0.35, rank 3 last",2,largest,odds-ratio logit,1.00159,743.771,14.288,52.055641097424406,1732.2834357476784,0,0.2292145688316461,0.054345342289064694,0.35,3.0
A,"balance 0.35, rank 3 last",2,largest,adjusted row,1.00215,503.257,13.344,37.71410371702638,672.2301798328989,0,0.21725871766317167,0.054345342289064694,0.35,3.0
A,"balance 0.35, rank 3 last",2,largest,adjusted table,1.02475,196.135,16.496,11.889852085354025,100.75422882978832,0,0.2934813237071804,0.054345342289064694,0.35,3.0
A,"balance 0.35, rank 3 last",2,whitened,position logit,1.00385,691.509,12.192,56.71825787401575,1159.519067561479,0,0.11753947262587286,0.054345342289064694,0.35,3.0
A,"balance 0.35, rank 3 last",2,whitened,odds-ratio logit,1.00723,846.392,13.368,63.314781567923404,1664.2111607147713,0,0.10464892346052422,0.054345342289064694,0.35,3.0
A,"balance 0.35, rank 3 last",2,whitened,adjusted row,1.00829,458.685,13.992,32.781946826758144,657.9815404146807,0,0.11584598725634272,0.054345342289064694,0.35,3.0
A,"balance 0.35, rank 3 last",2,whitened,adjusted table,1.0038,378.596,16.84,22.481947743467934,165.95704590559362,0,0.12722865840638892,0.054345342289064694,0.35,3.0
A,"balance 0.35, rank 3 last",3,last,position logit,1.00365,821.447,13.968,58.8092067583047,1411.0925827248998,0,0.8127445824792132,0.056366970256882434,0.35,3.0
A,"balance 0.35, rank 3 last",3,last,odds-ratio logit,1.00047,745.368,13.936,53.485074626865675,1625.061588328125,0,0.822211819476739,0.056366970256882434,0.35,3.0
A,"balance 0.35, rank 3 last",3,last,adjusted row,1.00756,506.58,14.424,35.12063227953411,495.5968387052231,0,0.8266044214808594,0.056366970256882434,0.35,3.0
A,"balance 0.35, rank 3 last",3,last,adjusted table,1.00406,300.294,17.288,17.37008329477094,153.62786200325155,0,0.8338580964863074,0.056366970256882434,0.35,3.0
A,"balance 0.35, rank 3 last",3,largest,position logit,1.0021,824.853,12.856,64.16093652769135,1534.9134790179028,0,0.22596437605196876,0.056366970256882434,0.35,3.0
A,"balance 0.35, rank 3 last",3,largest,odds-ratio logit,1.005,691.491,13.944,49.59057659208261,1379.6183959986015,0,0.17374795709923269,0.056366970256882434,0.35,3.0
A,"balance 0.35, rank 3 last",3,largest,adjusted row,1.00094,456.881,13.112,34.84449359365467,476.706056590345,0,0.21886469516174192,0.056366970256882434,0.35,3.0
A,"balance 0.35, rank 3 last",3,largest,adjusted table,1.0136,265.04,18.792,14.10387398893146,132.60444463530087,0,0.23146942423395403,0.056366970256882434,0.35,3.0
A,"balance 0.35, rank 3 last",3,whitened,position logit,1.00325,845.008,12.056,70.09024552090246,1786.2330689758578,0,0.09166208068246862,0.056366970256882434,0.35,3.0
A,"balance 0.35, rank 3 last",3,whitened,odds-ratio logit,1.00231,722.13,13.544,53.31733608978145,1422.7132567277292,0,0.11967728912774697,0.056366970256882434,0.35,3.0
A,"balance 0.35, rank 3 last",3,whitened,adjusted row,1.00342,582.142,13.696,42.50452686915888,710.1103982745725,0,0.09959381786939482,0.056366970256882434,0.35,3.0
A,"balance 0.35, rank 3 last",3,whitened,adjusted table,1.00609,310.108,15.976,19.41086629944917,145.44987189639778,0,0.1392582455124269,0.056366970256882434,0.35,3.0
A,"balance 0.35, rank 4 last",1,last,position logit,1.00433,642.336,22.288,28.819813352476668,740.8989819524031,0,0.9528035077198648,0.015132534368989427,0.35,4.0
A,"balance 0.35, rank 4 last",1,last,odds-ratio logit,1.00369,627.001,18.688,33.550995291095894,936.0664422707497,0,0.939726823311784,0.015132534368989427,0.35,4.0
A,"balance 0.35, rank 4 last",1,last,adjusted row,1.00342,602.795,19.816,30.419610415825595,553.8726044683881,0,0.9492517403663336,0.015132534368989427,0.35,4.0
A,"balance 0.35, rank 4 last",1,last,adjusted table,1.00839,301.925,26.072,11.580431113838602,120.95314104274136,0,0.944692154399011,0.015132534368989427,0.35,4.0
A,"balance 0.35, rank 4 last",1,largest,position logit,1.00253,948.248,14.328,66.18146286990509,1664.51986270822,0,0.2603975605720171,0.015132534368989427,0.35,4.0
A,"balance 0.35, rank 4 last",1,largest,odds-ratio logit,1.0023,873.702,13.816,63.23841922408801,2025.0515679864104,0,0.26694642939375895,0.015132534368989427,0.35,4.0
A,"balance 0.35, rank 4 last",1,largest,adjusted row,1.00618,518.901,11.68,44.42645547945205,828.5601044267462,0,0.23179180463963062,0.015132534368989427,0.35,4.0
A,"balance 0.35, rank 4 last",1,largest,adjusted table,1.00133,280.886,16.144,17.398785926660064,149.9752876026232,0,0.29123653875191374,0.015132534368989427,0.35,4.0
A,"balance 0.35, rank 4 last",1,whitened,position logit,1.00095,941.813,13.872,67.89309400230681,1975.2494572918094,0,0.10263646016844391,0.015132534368989427,0.35,4.0
A,"balance 0.35, rank 4 last",1,whitened,odds-ratio logit,1.00403,750.304,13.592,55.20188346085933,1730.4479741164387,0,0.13349846318687303,0.015132534368989427,0.35,4.0
A,"balance 0.35, rank 4 last",1,whitened,adjusted row,1.00751,618.662,15.12,40.916798941798945,901.3505030988025,0,0.1281772778689033,0.015132534368989427,0.35,4.0
A,"balance 0.35, rank 4 last",1,whitened,adjusted table,1.01625,129.368,16.376,7.899853444064484,77.5207695994315,0,0.13017991747465057,0.015132534368989427,0.35,4.0
A,"balance 0.35, rank 4 last",2,last,position logit,1.00219,660.567,23.64,27.94276649746193,1049.97237725381,0,0.9504726927198097,0.014183186733458801,0.35,4.0
A,"balance 0.35, rank 4 last",2,last,odds-ratio logit,1.00693,634.737,21.144,30.01972190692395,1014.7481055699697,0,0.956679725650654,0.014183186733458801,0.35,4.0
A,"balance 0.35, rank 4 last",2,last,adjusted row,1.00119,553.474,20.4,27.131078431372554,517.4280172152204,0,0.9496837983562747,0.014183186733458801,0.35,4.0
A,"balance 0.35, rank 4 last",2,last,adjusted table,1.00087,307.958,29.56,10.418064952638701,119.96564233864696,0,0.9519261719784265,0.014183186733458801,0.35,4.0
A,"balance 0.35, rank 4 last",2,largest,position logit,1.00055,995.28,14.488,68.69685256764218,2156.413950789728,0,0.26336100958902126,0.014183186733458801,0.35,4.0
A,"balance 0.35, rank 4 last",2,largest,odds-ratio logit,1.00271,783.403,14.048,55.76615888382688,1813.7164762581858,0,0.27672292219947076,0.014183186733458801,0.35,4.0
A,"balance 0.35, rank 4 last",2,largest,adjusted row,1.00391,413.946,14.392,28.76222901612007,615.3630150975616,0,0.2240891017222184,0.014183186733458801,0.35,4.0
A,"balance 0.35, rank 4 last",2,largest,adjusted table,1.00264,299.253,16.288,18.372605599214143,163.76434354711435,0,0.21817173304204854,0.014183186733458801,0.35,4.0
A,"balance 0.35, rank 4 last",2,whitened,position logit,1.00262,637.462,13.64,46.73475073313783,1390.0953605323905,0,0.12991104038200224,0.014183186733458801,0.35,4.0
A,"balance 0.35, rank 4 last",2,whitened,odds-ratio logit,1.00339,747.579,13.632,54.8400088028169,1543.3744693392266,0,0.1217691548758424,0.014183186733458801,0.35,4.0
A,"balance 0.35, rank 4 last",2,whitened,adjusted row,1.00251,546.763,13.688,39.94469608416131,710.2698708550251,0,0.11637103446466826,0.014183186733458801,0.35,4.0
A,"balance 0.35, rank 4 last",2,whitened,adjusted table,1.00501,285.285,15.992,17.839232116058028,164.03963373587,0,0.13237211097124077,0.014183186733458801,0.35,4.0
A,"balance 0.35, rank 4 last",3,last,position logit,1.00186,648.937,23.384,27.75132569278139,994.7827666712717,0,0.9475318600065477,0.014505286857441405,0.35,4.0
A,"balance 0.35, rank 4 last",3,last,odds-ratio logit,1.00189,562.674,18.4,30.580108695652175,1025.1470196330881,0,0.9481235210224218,0.014505286857441405,0.35,4.0
A,"balance 0.35, rank 4 last",3,last,adjusted row,1.00156,492.553,21.24,23.18987758945386,481.4061674922671,0,0.9548552770170105,0.014505286857441405,0.35,4.0
A,"balance 0.35, rank 4 last",3,last,adjusted table,1.00446,372.31,27.896,13.346357900774304,155.7116912340628,0,0.9412738697167763,0.014505286857441405,0.35,4.0
A,"balance 0.35, rank 4 last",3,largest,position logit,1.00196,633.911,13.04,48.612806748466255,1193.1301818018637,0,0.14480965972434479,0.014505286857441405,0.35,4.0
A,"balance 0.35, rank 4 last",3,largest,odds-ratio logit,1.00263,777.602,14.2,54.760704225352114,1344.9486696728534,0,0.14771057803269622,0.014505286857441405,0.35,4.0
A,"balance 0.35, rank 4 last",3,largest,adjusted row,1.00301,666.64,14.968,44.53768038482095,853.4531278560067,0,0.19475529473111194,0.014505286857441405,0.35,4.0
A,"balance 0.35, rank 4 last",3,largest,adjusted table,1.00823,343.936,16.456,20.90034030140982,181.16452137709797,0,0.13904443769571795,0.014505286857441405,0.35,4.0
A,"balance 0.35, rank 4 last",3,whitened,position logit,1.00405,831.662,13.28,62.62515060240965,1533.0504712210502,0,0.12957373223612775,0.014505286857441405,0.35,4.0
A,"balance 0.35, rank 4 last",3,whitened,odds-ratio logit,1.00273,494.157,14.392,34.33553362979433,1150.7551601189705,0,0.12993016114424052,0.014505286857441405,0.35,4.0
A,"balance 0.35, rank 4 last",3,whitened,adjusted row,1.00158,674.086,13.736,49.07440302853815,983.5154176052541,0,0.14214509131727324,0.014505286857441405,0.35,4.0
A,"balance 0.35, rank 4 last",3,whitened,adjusted table,1.00253,250.795,15.592,16.084851205746535,135.98725019814847,0,0.1143099520844739,0.014505286857441405,0.35,4.0
A,"balance 0.35, rank 5 last",1,last,position logit,1.00199,625.61,31.48,19.873252858958068,650.7426072076728,0,0.9861790640358369,0.00411962005939094,0.35,5.0
A,"balance 0.35, rank 5 last",1,last,odds-ratio logit,1.00421,503.959,42.552,11.8433681143072,440.93535957485113,0,0.9833858346060924,0.00411962005939094,0.35,5.0
A,"balance 0.35, rank 5 last",1,last,adjusted row,1.00386,442.333,37.448,11.811925870540483,279.4100877971731,0,0.9864990768501792,0.00411962005939094,0.35,5.0
A,"balance 0.35, rank 5 last",1,last,adjusted table,1.00372,267.829,51.832,5.167251890723877,59.12063996012017,0,0.987362329648713,0.00411962005939094,0.35,5.0
A,"balance 0.35, rank 5 last",1,largest,position logit,1.00416,977.895,14.192,68.90466459977452,2097.670038556605,0,0.27739743186273624,0.00411962005939094,0.35,5.0
A,"balance 0.35, rank 5 last",1,largest,odds-ratio logit,1.00178,743.485,14.232,52.24037380550872,1503.5574023729807,0,0.24893187051945717,0.00411962005939094,0.35,5.0
A,"balance 0.35, rank 5 last",1,largest,adjusted row,1.00289,485.314,12.368,39.23948900388098,721.0701845741514,0,0.22334666749884274,0.00411962005939094,0.35,5.0
A,"balance 0.35, rank 5 last",1,largest,adjusted table,1.023,187.297,15.808,11.848241396761134,107.03124627973423,0,0.2991460550293321,0.00411962005939094,0.35,5.0
A,"balance 0.35, rank 5 last",1,whitened,position logit,1.00015,893.95,14.296,62.531477336317856,1873.8907884189043,0,0.14403700572649278,0.00411962005939094,0.35,5.0
A,"balance 0.35, rank 5 last",1,whitened,odds-ratio logit,1.00224,895.348,14.32,62.52430167597765,1809.2103775523428,0,0.08375843116548227,0.00411962005939094,0.35,5.0
A,"balance 0.35, rank 5 last",1,whitened,adjusted row,1.00227,622.172,14.328,43.42350642099386,792.3086009996846,0,0.07455482605835573,0.00411962005939094,0.35,5.0
A,"balance 0.35, rank 5 last",1,whitened,adjusted table,1.00418,255.704,17.128,14.929005137786081,129.63083325176765,0,0.12968617585572717,0.00411962005939094,0.35,5.0
A,"balance 0.35, rank 5 last",2,last,position logit,1.00537,709.519,50.664,14.004401547449865,553.8174050355625,0,0.9876714810562588,0.0035769546790365087,0.35,5.0
A,"balance 0.35, rank 5 last",2,last,odds-ratio logit,1.00327,500.796,36.936,13.558479532163743,479.95088872630225,0,0.9874074705058125,0.0035769546790365087,0.35,5.0
A,"balance 0.35, rank 5 last",2,last,adjusted row,1.00219,470.85,40.328,11.675510811346955,280.69487766055204,0,0.9864945249010825,0.0035769546790365087,0.35,5.0
A,"balance 0.35, rank 5 last",2,last,adjusted table,1.00422,347.569,38.664,8.989473411959446,89.11873421312362,0,0.9864406307795616,0.0035769546790365087,0.35,5.0
A,"balance 0.35, rank 5 last",2,largest,position logit,1.00201,1039.4,13.304,78.12687913409502,1530.6372825775168,0,0.2827623989559619,0.0035769546790365087,0.35,5.0
A,"balance 0.35, rank 5 last",2,largest,odds-ratio logit,1.00169,552.41,14.256,38.749298540965206,941.8901959209259,0,0.2660029878914586,0.0035769546790365087,0.35,5.0
A,"balance 0.35, rank 5 last",2,largest,adjusted row,1.00208,642.258,14.032,45.77095210946408,839.7268617278548,0,0.2144332322874449,0.0035769546790365087,0.35,5.0
A,"balance 0.35, rank 5 last",2,largest,adjusted table,1.00418,257.427,15.736,16.35911286222674,148.44709098820772,0,0.16207318435139448,0.0035769546790365087,0.35,5.0
A,"balance 0.35, rank 5 last",2,whitened,position logit,1.00109,778.652,13.728,56.71998834498835,1532.020553048605,0,0.12053277193586791,0.0035769546790365087,0.35,5.0
A,"balance 0.35, rank 5 last",2,whitened,odds-ratio logit,1.0048,818.724,13.96,58.64785100286533,1614.6406404513878,0,0.09024908705333488,0.0035769546790365087,0.35,5.0
A,"balance 0.35, rank 5 last",2,whitened,adjusted row,1.00246,568.381,12.088,47.02026803441429,799.2542083283323,0,0.08220037464440048,0.0035769546790365087,0.35,5.0
A,"balance 0.35, rank 5 last",2,whitened,adjusted table,1.01354,258.913,16.184,15.998084527928818,137.51028440888462,0,0.1141258129180409,0.0035769546790365087,0.35,5.0
A,"balance 0.35, rank 5 last",3,last,position logit,1.0035,702.667,29.896,23.503712871287128,808.6468081235668,0,0.9812743562579067,0.006045368028011418,0.35,5.0
A,"balance 0.35, rank 5 last",3,last,odds-ratio logit,1.00614,475.7,29.624,16.05792600594113,591.4625826173361,0,0.9763867347528145,0.006045368028011418,0.35,5.0
A,"balance 0.35, rank 5 last",3,last,adjusted row,1.00293,508.076,35.352,14.371916723240554,350.55850977776896,0,0.9779765576549788,0.006045368028011418,0.35,5.0
A,"balance 0.35, rank 5 last",3,last,adjusted table,1.00489,259.697,33.264,7.807148869648869,79.395293368235,0,0.981799996772574,0.006045368028011418,0.35,5.0
A,"balance 0.35, rank 5 last",3,largest,position logit,1.00798,826.697,14.152,58.415559638213686,1755.041800023283,0,0.20199765796998403,0.006045368028011418,0.35,5.0
A,"balance 0.35, rank 5 last",3,largest,odds-ratio logit,1.00537,817.528,13.928,58.696726019529,1779.2154553847176,0,0.2507716257796263,0.006045368028011418,0.35,5.0
A,"balance 0.35, rank 5 last",3,largest,adjusted row,1.00494,610.543,13.248,46.085673309178745,784.0605604250725,0,0.17622390787983352,0.006045368028011418,0.35,5.0
A,"balance 0.35, rank 5 last",3,largest,adjusted table,1.00414,220.824,15.952,13.843029087261787,118.55137224447667,0,0.23574610464012247,0.006045368028011418,0.35,5.0
A,"balance 0.35, rank 5 last",3,whitened,position logit,1.00595,771.734,13.784,55.98766686012768,1657.0010883943935,0,0.11369514656570409,0.006045368028011418,0.35,5.0
A,"balance 0.35, rank 5 last",3,whitened,odds-ratio logit,1.00529,584.824,14.096,41.48864926220204,1294.2860578208408,0,0.11280257329750486,0.006045368028011418,0.35,5.0
A,"balance 0.35, rank 5 last",3,whitened,adjusted row,1.00388,729.144,14.256,51.14646464646464,1042.0544419371622,0,0.07970649693902046,0.006045368028011418,0.35,5.0
A,"balance 0.35, rank 5 last",3,whitened,adjusted table,1.00302,231.91,15.544,14.919583118888317,132.0458961341423,0,0.1364035888828834,0.006045368028011418,0.35,5.0
B,5x5 baseline,1,last,position logit,1.00682,700.869,9.52,73.62069327731093,1805.5966811086182,0,0.5335859950640673,0.20113540522671522,,
B,5x5 baseline,1,last,odds-ratio logit,1.00246,1224.18,7.024,174.28530751708428,3836.2846139569915,0,0.5325207870301655,0.20113540522671522,,
B,5x5 baseline,1,last,adjusted row,1.00055,394.659,9.544,41.35152975691533,693.4717421235993,0,0.5125310894372931,0.20113540522671522,,
B,5x5 baseline,1,last,adjusted table,1.00204,332.615,13.364,24.88888057467824,204.7418772099164,0,0.5164060596129675,0.20113540522671522,,
B,5x5 baseline,1,largest,position logit,1.00638,744.127,10.552,70.51999620924943,1703.0715211595157,0,0.558892825845574,0.20113540522671522,,
B,5x5 baseline,1,largest,odds-ratio logit,1.00212,929.181,8.232,112.87427113702626,2830.827083005744,0,0.5101124564390246,0.20113540522671522,,
B,5x5 baseline,1,largest,adjusted row,1.00983,435.695,9.28,46.94989224137931,710.2310521263357,0,0.5159024384464017,0.20113540522671522,,
B,5x5 baseline,1,largest,adjusted table,1.0026,414.161,14.768,28.044488082340195,235.82119075616117,0,0.5565550245475358,0.20113540522671522,,
B,5x5 baseline,1,whitened,position logit,1.00387,705.645,11.856,59.517965587044536,1504.3101715144248,0,0.1029026447672808,0.20113540522671522,,
B,5x5 baseline,1,whitened,odds-ratio logit,1.00102,1235.85,7.0,176.54999999999998,3709.044475642165,0,0.1020960841183184,0.20113540522671522,,
B,5x5 baseline,1,whitened,adjusted row,1.0079,519.487,9.632,53.93345099667774,865.315978738884,0,0.08179926439757126,0.20113540522671522,,
B,5x5 baseline,1,whitened,adjusted table,1.00851,342.911,15.8,21.703227848101264,202.4348913137994,0,0.11192538361904543,0.20113540522671522,,
B,5x5 baseline,2,last,position logit,1.00152,1012.94,11.832,85.6102096010818,2074.8800287552513,0,0.5703410378652015,0.18391692760438158,,
B,5x5 baseline,2,last,odds-ratio logit,1.00112,1150.78,7.06,163.0,3288.4208857243493,0,0.5677588354446723,0.18391692760438158,,
B,5x5 baseline,2,last,adjusted row,1.0027,389.855,9.048,43.08742263483643,550.8482299806061,0,0.5411866631928365,0.18391692760438158,,
B,5x5 baseline,2,last,adjusted table,1.00372,346.368,14.12,24.53031161473088,216.24452760250745,0,0.5693282849787703,0.18391692760438158,,
B,5x5 baseline,2,largest,position logit,1.00172,802.302,11.672,68.73732008224812,1616.0511626381829,0,0.4744438270010493,0.18391692760438158,,
B,5x5 baseline,2,largest,odds-ratio logit,1.00231,899.821,7.224,124.55993909191584,2386.285450634773,0,0.5205051859673909,0.18391692760438158,,
B,5x5 baseline,2,largest,adjusted row,1.00399,357.719,9.208,38.84871850564726,616.1559416082255,0,0.5394237650967747,0.18391692760438158,,
B,5x5 baseline,2,largest,adjusted table,1.00504,361.795,13.736,26.339181712288877,178.59452572321817,0,0.49812809434490063,0.18391692760438158,,
B,5x5 baseline,2,whitened,position logit,1.00137,749.688,9.96,75.26987951807229,1909.0756286250296,0,0.11203230645124027,0.18391692760438158,,
B,5x5 baseline,2,whitened,odds-ratio logit,1.00282,1034.7,7.0,147.81428571428572,2689.4061833744195,0,0.09763359707473718,0.18391692760438158,,
B,5x5 baseline,2,whitened,adjusted row,1.00212,455.366,8.632,52.7532437442076,632.2934177510875,0,0.07995335289436394,0.18391692760438158,,
B,5x5 baseline,2,whitened,adjusted table,1.00175,424.274,14.04,30.21894586894587,236.71185215204125,0,0.12818202323155412,0.18391692760438158,,
B,"3x3, total fixed",1,last,position logit,1.00212,930.496,6.816,136.51643192488262,5774.065260748377,0,0.5338519573243344,0.34644463745146464,,
B,"3x3, total fixed",1,last,odds-ratio logit,1.00183,1288.83,6.716,191.9044073853484,8426.43716711196,0,0.5263638701101515,0.34644463745146464,,
B,"3x3, total fixed",1,last,adjusted row,1.00244,1207.39,7.0,172.48428571428573,5336.04275712082,0,0.41347734765279504,0.34644463745146464,,
B,"3x3, total fixed",1,last,adjusted table,1.00151,601.501,7.664,78.4839509394572,1395.6410801356874,0,0.4679108497789013,0.34644463745146464,,
B,"3x3, total fixed",1,largest,position logit,1.00006,1202.66,6.748,178.22465915826913,6293.931370876578,0,0.4496412084644273,0.34644463745146464,,
B,"3x3, total fixed",1,largest,odds-ratio logit,0.999808,1388.24,6.76,205.36094674556213,8745.971636780932,0,0.4153388492981504,0.34644463745146464,,
B,"3x3, total fixed",1,largest,adjusted row,1.00358,812.166,6.936,117.09429065743946,3165.800608597222,0,0.44293318750137756,0.34644463745146464,,
B,"3x3, total fixed",1,largest,adjusted table,0.999786,549.222,9.132,60.14257555847569,1173.781066208759,0,0.5229626865761557,0.34644463745146464,,
B,"3x3, total fixed",1,whitened,position logit,1.00135,1113.09,6.732,165.34313725490193,6555.243463357853,0,0.08592724355511079,0.34644463745146464,,
B,"3x3, total fixed",1,whitened,odds-ratio logit,0.999324,1185.99,6.688,177.33104066985646,7832.212446069332,0,0.0802541607415456,0.34644463745146464,,
B,"3x3, total fixed",1,whitened,adjusted row,1.00166,1047.78,6.84,153.18421052631578,4794.758522439762,0,0.06516418846721224,0.34644463745146464,,
B,"3x3, total fixed",1,whitened,adjusted table,1.00076,647.057,7.23,89.49612724757952,1659.4883279410255,0,0.057949137532512504,0.34644463745146464,,
B,"3x3, total fixed",2,last,position logit,1.00025,1085.23,6.78,160.06342182890856,5903.6953407885285,0,0.5182565870678449,0.36147671301981077,,
B,"3x3, total fixed",2,last,odds-ratio logit,1.00157,1324.23,6.864,192.92395104895107,7987.091150301984,0,0.42307584778021845,0.36147671301981077,,
B,"3x3, total fixed",2,last,adjusted row,1.00017,1180.9,6.928,170.45323325635104,4484.865073936543,0,0.49477516852718545,0.36147671301981077,,
B,"3x3, total fixed",2,last,adjusted table,1.00467,649.446,8.284,78.39763399323998,1368.0275032325233,0,0.4420243229500161,0.36147671301981077,,
B,"3x3, total fixed",2,largest,position logit,1.00088,1127.34,6.82,165.2991202346041,6464.208170286065,0,0.43481100475114803,0.36147671301981077,,
B,"3x3, total fixed",2,largest,odds-ratio logit,1.00093,1119.42,6.58,170.12462006079028,6643.303243245538,0,0.39921886987341304,0.36147671301981077,,
B,"3x3, total fixed",2,largest,adjusted row,1.00249,837.589,6.868,121.95529994175888,3390.8230328455247,0,0.43608167724396013,0.36147671301981077,,
B,"3x3, total fixed",2,largest,adjusted table,1.00108,465.344,8.16,57.02745098039215,941.007823712137,0,0.4087604016490671,0.36147671301981077,,
B,"3x3, total fixed",2,whitened,position logit,1.00201,1153.19,6.516,176.97820748925722,5152.3544648318375,0,0.1036292899060899,0.36147671301981077,,
B,"3x3, total fixed",2,whitened,odds-ratio logit,1.00031,1520.76,6.724,226.1689470553242,10111.874125771248,0,0.07205729090633291,0.36147671301981077,,
B,"3x3, total fixed",2,whitened,adjusted row,1.00095,907.189,6.884,131.78224869262056,3097.022363077564,0,0.07784085498649697,0.36147671301981077,,
B,"3x3, total fixed",2,whitened,adjusted table,1.002,483.902,9.064,53.38724624889673,821.1236521656106,0,0.08066627754710837,0.36147671301981077,,
B,"3x3, per-margin fixed",1,last,position logit,1.00042,1081.47,6.692,161.60639569635384,4121.60322865196,0,0.5177592828178808,0.3464446374514647,,
B,"3x3, per-margin fixed",1,last,odds-ratio logit,1.00019,1146.51,6.88,166.64389534883722,6928.12487975796,0,0.48378566636510384,0.3464446374514647,,
B,"3x3, per-margin fixed",1,last,adjusted row,1.00099,960.47,7.184,133.6957126948775,3931.5280909876974,0,0.5561273354874217,0.3464446374514647,,
B,"3x3, per-margin fixed",1,last,adjusted table,1.00102,504.747,8.032,62.842006972111555,978.1669410049179,0,0.4851147693114241,0.3464446374514647,,
B,"3x3, per-margin fixed",1,largest,position logit,0.999965,1219.15,6.796,179.39228958210714,7021.858276574241,0,0.4054037477707689,0.3464446374514647,,
B,"3x3, per-margin fixed",1,largest,odds-ratio logit,1.00071,1101.12,6.808,161.7391304347826,5844.629430334813,0,0.5034502514391923,0.3464446374514647,,
B,"3x3, per-margin fixed",1,largest,adjusted row,1.00031,1151.85,6.9,166.93478260869563,3982.29194220445,0,0.4127796119987262,0.3464446374514647,,
B,"3x3, per-margin fixed",1,largest,adjusted table,1.0068,548.341,8.42,65.12363420427553,1200.7196509547143,0,0.45575208351102203,0.3464446374514647,,
B,"3x3, per-margin fixed",1,whitened,position logit,1.00112,1165.5,6.844,170.29514903565166,4669.200333537417,0,0.08305948384580761,0.3464446374514647,,
B,"3x3, per-margin fixed",1,whitened,odds-ratio logit,1.00256,1393.81,6.7,208.0313432835821,6666.487471950536,0,0.08036887772201007,0.3464446374514647,,
B,"3x3, per-margin fixed",1,whitened,adjusted row,1.00202,1077.97,6.796,158.6183048852266,3655.561632519079,0,0.11497043252585779,0.3464446374514647,,
B,"3x3, per-margin fixed",1,whitened,adjusted table,1.01371,543.233,7.872,69.00825711382113,1251.3788575285632,0,0.09651717480756203,0.3464446374514647,,
B,"3x3, per-margin fixed",2,last,position logit,0.999933,1221.94,6.8,179.69705882352943,5895.648917207417,0,0.44435374942135597,0.3614767130198108,,
B,"3x3, per-margin fixed",2,last,odds-ratio logit,0.999432,1325.27,6.756,196.16193013617524,8166.46381758881,0,0.45066819794039725,0.3614767130198108,,
B,"3x3, per-margin fixed",2,last,adjusted row,1.00224,1160.16,6.904,168.04171494785632,4668.721537952295,0,0.524804638121907,0.3614767130198108,,
B,"3x3, per-margin fixed",2,last,adjusted table,1.00097,657.881,7.612,86.42682606410929,1361.794728334243,0,0.5019828603568987,0.3614767130198108,,
B,"3x3, per-margin fixed",2,largest,position logit,0.999247,956.271,6.76,141.4602071005917,5535.867875891615,0,0.474635410260666,0.3614767130198108,,
B,"3x3, per-margin fixed",2,largest,odds-ratio logit,1.00126,1171.09,6.84,171.21198830409355,7086.181932146221,0,0.4747689599775376,0.3614767130198108,,
B,"3x3, per-margin fixed",2,largest,adjusted row,0.999742,1047.84,6.876,152.39092495636996,4433.213704415401,0,0.43292772806763646,0.3614767130198108,,
B,"3x3, per-margin fixed",2,largest,adjusted table,1.00132,647.829,8.744,74.08840347666971,1331.5292227328969,0,0.43429209837247995,0.3614767130198108,,
B,"3x3, per-margin fixed",2,whitened,position logit,1.00009,1145.06,6.708,170.70065593321405,7331.102288965177,0,0.07491946142643825,0.3614767130198108,,
B,"3x3, per-margin fixed",2,whitened,odds-ratio logit,1.00192,1318.42,6.708,196.54442456768038,8664.400408757387,0,0.13834799712680104,0.3614767130198108,,
B,"3x3, per-margin fixed",2,whitened,adjusted row,1.0017,997.815,7.004,142.46359223300973,3527.310202276283,0,0.058508064503703903,0.3614767130198108,,
B,"3x3, per-margin fixed",2,whitened,adjusted table,1.00344,609.752,9.744,62.57717569786535,927.5156409625183,0,0.12165854012294867,0.3614767130198108,,
B,"3x3, per-cell fixed",1,last,position logit,1.00125,1158.77,6.852,169.11412726211324,4666.320050078921,0,0.5266049937615657,0.3464446374514647,,
B,"3x3, per-cell fixed",1,last,odds-ratio logit,1.00053,1373.66,6.828,201.18043350908027,6604.537603242691,0,0.45779740672228714,0.3464446374514647,,
B,"3x3, per-cell fixed",1,last,adjusted row,1.00024,1230.17,6.884,178.69988378849507,5390.850446264482,0,0.5290756588356661,0.3464446374514647,,
B,"3x3, per-cell fixed",1,last,adjusted table,1.00163,632.511,7.952,79.54112173038229,1399.312205893693,0,0.4905523706287423,0.3464446374514647,,
B,"3x3, per-cell fixed",1,largest,position logit,1.00119,1133.97,6.992,162.18106407322654,6665.3795799711315,0,0.4556869398956963,0.3464446374514647,,
B,"3x3, per-cell fixed",1,largest,odds-ratio logit,1.00009,1304.38,6.744,193.41340450771057,6808.147741226569,0,0.5208128194959402,0.3464446374514647,,
B,"3x3, per-cell fixed",1,largest,adjusted row,1.00206,801.792,6.716,119.38534842167957,2947.3557112765984,0,0.4798569994703766,0.3464446374514647,,
B,"3x3, per-cell fixed",1,largest,adjusted table,1.00054,555.628,8.256,67.2999031007752,1153.616568569088,0,0.4497928249552711,0.3464446374514647,,
B,"3x3, per-cell fixed",1,whitened,position logit,0.999413,1145.0,6.7,170.8955223880597,6798.544276739175,0,0.11810503118668551,0.3464446374514647,,
B,"3x3, per-cell fixed",1,whitened,odds-ratio logit,0.999958,1321.13,6.518,202.68947529917156,8356.91683158641,0,0.08106671095887878,0.3464446374514647,,
B,"3x3, per-cell fixed",1,whitened,adjusted row,1.00034,1187.76,6.844,173.5476329631794,4785.676016165427,0,0.050465757454717035,0.3464446374514647,,
B,"3x3, per-cell fixed",1,whitened,adjusted table,1.00078,627.486,8.124,77.23855243722303,1204.3862741279543,0,0.1437986785844303,0.3464446374514647,,
B,"3x3, per-cell fixed",2,last,position logit,1.00266,1045.58,6.864,152.32808857808857,5553.230304425509,0,0.459531193052167,0.36147671301981077,,
B,"3x3, per-cell fixed",2,last,odds-ratio logit,1.00277,1052.56,6.656,158.13701923076923,5572.787416091159,0,0.4958142633968637,0.36147671301981077,,
B,"3x3, per-cell fixed",2,last,adjusted row,1.00061,1015.43,6.932,146.48442008078476,3713.073989716085,0,0.485685441099808,0.36147671301981077,,
B,"3x3, per-cell fixed",2,last,adjusted table,1.00109,639.174,8.508,75.1262341325811,1261.611948249671,0,0.4128701380888058,0.36147671301981077,,
B,"3x3, per-cell fixed",2,largest,position logit,1.00246,925.475,6.792,136.25957008244995,4996.297552386346,0,0.5041214201749028,0.36147671301981077,,
B,"3x3, per-cell fixed",2,largest,odds-ratio logit,0.999966,1150.08,6.584,174.67800729040098,6826.784071146636,0,0.42619515376894473,0.36147671301981077,,
B,"3x3, per-cell fixed",2,largest,adjusted row,1.0043,1009.53,6.888,146.56358885017423,3267.9646992649486,0,0.49691340086032537,0.36147671301981077,,
B,"3x3, per-cell fixed",2,largest,adjusted table,0.999346,573.413,7.812,73.4015616999488,911.5231590606235,0,0.43484236772243284,0.36147671301981077,,
B,"3x3, per-cell fixed",2,whitened,position logit,0.999794,936.279,6.768,138.33909574468086,3891.0350078880124,0,0.11212942355672179,0.36147671301981077,,
B,"3x3, per-cell fixed",2,whitened,odds-ratio logit,1.00238,983.267,6.48,151.73873456790125,5344.908503090988,0,0.09104054330827653,0.36147671301981077,,
B,"3x3, per-cell fixed",2,whitened,adjusted row,1.00334,1025.52,6.792,150.98939929328623,3361.5164288393726,0,0.0902033189184481,0.36147671301981077,,
B,"3x3, per-cell fixed",2,whitened,adjusted table,1.001,533.729,7.804,68.3917221937468,934.4375165624588,0,0.13056057860516077,0.36147671301981077,,
B,"8x8, total fixed",1,last,position logit,1.00738,736.823,15.0,49.12153333333333,557.6690475999887,0,0.5419340465433911,0.1318325001754848,,
B,"8x8, total fixed",1,last,odds-ratio logit,1.00568,800.15,8.016,99.8191117764471,1081.9255104540894,0,0.5051314887472638,0.1318325001754848,,
B,"8x8, total fixed",1,last,adjusted row,1.01825,188.392,10.032,18.779106858054227,124.42296847577347,0,0.5478265597884342,0.1318325001754848,,
B,"8x8, total fixed",1,last,adjusted table,1.00278,329.561,26.72,12.333869760479041,26.179514508638963,0,0.5439143193492816,0.1318325001754848,,
B,"8x8, total fixed",1,largest,position logit,1.00738,736.823,15.0,49.12153333333333,599.0963822465098,0,0.5419340465433911,0.1318325001754848,,
B,"8x8, total fixed",1,largest,odds-ratio logit,1.00568,800.15,8.016,99.8191117764471,934.2936117520244,0,0.5051314887472638,0.1318325001754848,,
B,"8x8, total fixed",1,largest,adjusted row,1.01825,188.392,10.032,18.779106858054227,123.51230704739503,0,0.5478265597884342,0.1318325001754848,,
B,"8x8, total fixed",1,largest,adjusted table,1.00278,329.561,26.72,12.333869760479041,26.438992567552237,0,0.5439143193492816,0.1318325001754848,,
B,"8x8, total fixed",1,whitened,position logit,1.00331,883.997,15.0,58.93313333333333,690.440696171634,0,0.14703923690729426,0.1318325001754848,,
B,"8x8, total fixed",1,whitened,odds-ratio logit,1.00363,935.35,13.352,70.05317555422408,994.8078760163891,0,0.1266728121631189,0.1318325001754848,,
B,"8x8, total fixed",1,whitened,adjusted row,1.00638,373.802,13.6,27.48544117647059,211.63533595465898,0,0.13307275504591523,0.1318325001754848,,
B,"8x8, total fixed",1,whitened,adjusted table,1.00828,135.214,16.432,8.228700097370984,11.95005539935508,0,0.13307530369824003,0.1318325001754848,,
B,"8x8, total fixed",2,last,position logit,1.00489,725.043,15.0,48.3362,635.0602441113293,0,0.556458610091635,0.12415523331068473,,
B,"8x8, total fixed",2,last,odds-ratio logit,1.00537,833.321,12.4,67.2033064516129,870.5443474006348,0,0.5594678060462526,0.12415523331068473,,
B,"8x8, total fixed",2,last,adjusted row,1.02571,235.372,14.736,15.97258414766558,134.53796874323288,0,0.5565769952338463,0.12415523331068473,,
B,"8x8, total fixed",2,last,adjusted table,1.00455,240.491,23.288,10.326820680178633,20.20698065145419,0,0.5639402843437705,0.12415523331068473,,
B,"8x8, total fixed",2,largest,position logit,1.00453,670.665,15.32,43.77708877284595,510.1718681230191,0,0.5084811639784833,0.12415523331068473,,
B,"8x8, total fixed",2,largest,odds-ratio logit,1.00251,673.198,10.792,62.379355077835434,779.4081736892881,0,0.4821840527421302,0.12415523331068473,,
B,"8x8, total fixed",2,largest,adjusted row,1.0129,350.204,14.76,23.726558265582657,201.84891708204864,0,0.5343827662530287,0.12415523331068473,,
B,"8x8, total fixed",2,largest,adjusted table,1.01891,307.206,26.336,11.664869380315919,24.626763336929674,0,0.5130598349743247,0.12415523331068473,,
B,"8x8, total fixed",2,whitened,position logit,1.01011,770.064,20.36,37.822396856581534,575.3884263366465,0,0.10441915509180785,0.12415523331068473,,
B,"8x8, total fixed",2,whitened,odds-ratio logit,1.00243,979.657,11.24,87.15809608540926,1117.534936055683,0,0.11300905483853438,0.12415523331068473,,
B,"8x8, total fixed",2,whitened,adjusted row,1.00831,372.729,16.064,23.202751494023904,207.99116164116964,0,0.13441565397584118,0.12415523331068473,,
B,"8x8, total fixed",2,whitened,adjusted table,1.00412,158.241,22.152,7.143418201516793,11.747326682004433,0,0.14467003566100248,0.12415523331068473,,
B,"8x8, per-margin fixed",1,last,position logit,1.00668,795.596,15.032,52.92682277807344,634.7108760138675,0,0.5365588294090565,0.1318325001754848,,
B,"8x8, per-margin fixed",1,last,odds-ratio logit,1.00316,984.742,10.92,90.17783882783883,1119.8437295906042,0,0.5660189060084656,0.1318325001754848,,
B,"8x8, per-margin fixed",1,last,adjusted row,1.01443,395.519,14.504,27.26964975179261,237.77885044929138,0,0.5447054501198917,0.1318325001754848,,
B,"8x8, per-margin fixed",1,last,adjusted table,1.02484,171.433,25.024,6.850743286445012,13.067895711724058,0,0.5459351569945152,0.1318325001754848,,
B,"8x8, per-margin fixed",1,largest,position logit,1.00668,795.596,15.032,52.92682277807344,675.4603746466809,0,0.5365588294090565,0.1318325001754848,,
B,"8x8, per-margin fixed",1,largest,odds-ratio logit,1.00316,984.742,10.92,90.17783882783883,1051.9034494690957,0,0.5660189060084656,0.1318325001754848,,
B,"8x8, per-margin fixed",1,largest,adjusted row,1.01443,395.519,14.504,27.26964975179261,219.09003026137708,0,0.5447054501198917,0.1318325001754848,,
B,"8x8, per-margin fixed",1,largest,adjusted table,1.02484,171.433,25.024,6.850743286445012,13.179904722972246,0,0.5459351569945152,0.1318325001754848,,
B,"8x8, per-margin fixed",1,whitened,position logit,1.0045,862.549,15.0,57.50326666666667,706.8708778686524,0,0.16913040809768035,0.1318325001754848,,
B,"8x8, per-margin fixed",1,whitened,odds-ratio logit,1.0055,743.724,7.392,100.61201298701299,1013.0071395225813,0,0.09730084201826421,0.1318325001754848,,
B,"8x8, per-margin fixed",1,whitened,adjusted row,1.01266,199.683,10.272,19.439544392523363,132.61692864176663,0,0.09572782812810235,0.1318325001754848,,
B,"8x8, per-margin fixed",1,whitened,adjusted table,1.06002,74.153,15.984,4.639201701701702,6.538619484701992,0,0.11373608164286032,0.1318325001754848,,
B,"8x8, per-margin fixed",2,last,position logit,1.0031,724.047,15.016,48.21836707511987,575.5215971339837,0,0.5390445006790571,0.12415523331068475,,
B,"8x8, per-margin fixed",2,last,odds-ratio logit,1.004,1017.38,12.952,78.55003088326127,1126.793259289401,0,0.5046407382252649,0.12415523331068475,,
B,"8x8, per-margin fixed",2,last,adjusted row,1.00627,304.679,13.504,22.56212973933649,187.28483526883434,0,0.5354197572521563,0.12415523331068475,,
B,"8x8, per-margin fixed",2,last,adjusted table,1.02279,150.011,25.008,5.9985204734484965,13.004703360805062,0,0.534664474538512,0.12415523331068475,,
B,"8x8, per-margin fixed",2,largest,position logit,1.00571,807.29,15.32,52.69516971279373,619.318580887091,0,0.5215252979906737,0.12415523331068475,,
B,"8x8, per-margin fixed",2,largest,odds-ratio logit,1.00254,1057.79,14.16,74.70268361581921,1074.5084886864852,0,0.5655033607238964,0.12415523331068475,,
B,"8x8, per-margin fixed",2,largest,adjusted row,1.01554,236.214,11.384,20.749648629655656,137.2366056491841,0,0.5644923199261449,0.12415523331068475,,
B,"8x8, per-margin fixed",2,largest,adjusted table,1.00334,263.963,25.904,10.190047869054974,21.655173676265854,0,0.544257658314295,0.12415523331068475,,
B,"8x8, per-margin fixed",2,whitened,position logit,1.00104,990.075,14.992,66.04022145144077,690.0540425819709,0,0.17170993712357352,0.12415523331068475,,
B,"8x8, per-margin fixed",2,whitened,odds-ratio logit,1.00269,959.44,13.32,72.03003003003003,1005.6296781606611,0,0.10371874118302317,0.12415523331068475,,
B,"8x8, per-margin fixed",2,whitened,adjusted row,1.0057,431.222,24.024,17.949633699633697,182.85612141232258,0,0.13758918839722112,0.12415523331068475,,
B,"8x8, per-margin fixed",2,whitened,adjusted table,1.00512,239.405,24.312,9.847194800921356,17.077888126322623,0,0.16414122083626428,0.12415523331068475,,
B,"8x8, per-cell fixed",1,last,position logit,1.00379,797.305,21.528,37.03572092159049,567.969866026527,0,0.5220430272941288,0.1318325001754848,,
B,"8x8, per-cell fixed",1,last,odds-ratio logit,1.00705,798.402,10.888,73.32861866274799,987.1730387468152,0,0.5481015683410592,0.1318325001754848,,
B,"8x8, per-cell fixed",1,last,adjusted row,1.01496,236.122,12.008,19.663724183877417,149.82147589714685,0,0.5210987096986558,0.1318325001754848,,
B,"8x8, per-cell fixed",1,last,adjusted table,1.00814,201.116,23.496,8.559584610146409,14.116266023204222,0,0.5334065373161989,0.1318325001754848,,
B,"8x8, per-cell fixed",1,largest,position logit,1.00379,797.305,21.528,37.03572092159049,519.9309240142713,0,0.5220430272941288,0.1318325001754848,,
B,"8x8, per-cell fixed",1,largest,odds-ratio logit,1.00705,798.402,10.888,73.32861866274799,846.400787324388,0,0.5481015683410592,0.1318325001754848,,
B,"8x8, per-cell fixed",1,largest,adjusted row,1.01496,236.122,12.008,19.663724183877417,152.72637241014732,0,0.5210987096986558,0.1318325001754848,,
B,"8x8, per-cell fixed",1,largest,adjusted table,1.00814,201.116,23.496,8.559584610146409,15.866998031931026,0,0.5334065373161989,0.1318325001754848,,
B,"8x8, per-cell fixed",1,whitened,position logit,1.00415,935.618,18.184,51.45281566212054,708.8682576955036,0,0.13548633759476442,0.1318325001754848,,
B,"8x8, per-cell fixed",1,whitened,odds-ratio logit,1.00486,887.764,9.968,89.06139646869984,1102.686269121574,0,0.12138342558949854,0.1318325001754848,,
B,"8x8, per-cell fixed",1,whitened,adjusted row,1.01096,376.469,15.528,24.244526017516744,216.70406422351752,0,0.12975606348675367,0.1318325001754848,,
B,"8x8, per-cell fixed",1,whitened,adjusted table,1.00618,216.974,26.944,8.052776128266034,15.712764856485244,0,0.14932922343569743,0.1318325001754848,,
B,"8x8, per-cell fixed",2,last,position logit,1.00762,576.993,15.592,37.00570805541303,415.62904092842126,0,0.5866171806622262,0.12415523331068473,,
B,"8x8, per-cell fixed",2,last,odds-ratio logit,1.00399,700.287,11.48,61.00060975609756,813.569619126257,0,0.5461517703563081,0.12415523331068473,,
B,"8x8, per-cell fixed",2,last,adjusted row,1.0055,372.067,17.112,21.74304581580178,211.23142088429148,0,0.5421830500824887,0.12415523331068473,,
B,"8x8, per-cell fixed",2,last,adjusted table,1.00684,252.376,27.488,9.181315483119906,19.690033708420067,0,0.5826265342297156,0.12415523331068473,,
B,"8x8, per-cell fixed",2,largest,position logit,1.00429,796.758,15.0,53.117200000000004,532.5962170262734,0,0.4990639113923853,0.12415523331068473,,
B,"8x8, per-cell fixed",2,largest,odds-ratio logit,1.00359,829.844,11.064,75.00397686189444,868.4259003892752,0,0.5663651835618947,0.12415523331068473,,
B,"8x8, per-cell fixed",2,largest,adjusted row,1.0062,351.332,14.376,24.438786867000555,202.28955226867075,0,0.5196712264216568,0.12415523331068473,,
B,"8x8, per-cell fixed",2,largest,adjusted table,1.00272,232.278,23.736,9.785894843276036,19.804457598495077,0,0.5232853734809493,0.12415523331068473,,
B,"8x8, per-cell fixed",2,whitened,position logit,1.00666,696.795,15.112,46.10872154579142,559.0970136192576,0,0.11552996830380179,0.12415523331068473,,
B,"8x8, per-cell fixed",2,whitened,odds-ratio logit,1.00735,548.77,8.696,63.10602575896964,703.9134248230971,0,0.12198771492474228,0.12415523331068473,,
B,"8x8, per-cell fixed",2,whitened,adjusted row,1.00602,276.714,11.904,23.24546370967742,186.2043399646947,0,0.09831271875273982,0.12415523331068473,,
B,"8x8, per-cell fixed",2,whitened,adjusted table,1.00668,211.728,23.856,8.875251509054326,16.34106978495537,0,0.10848278960760704,0.12415523331068473,,
B,rows geometric 0.5,1,last,position logit,1.00264,805.99,7.128,113.07379349046016,1748.1969344251697,0,0.5031165183157266,0.20113540522671516,,
B,rows geometric 0.5,1,last,odds-ratio logit,1.0081,756.407,7.848,96.38213557594293,1715.6242054725185,0,0.5449936202554928,0.20113540522671516,,
B,rows geometric 0.5,1,last,adjusted row,1.0046,513.701,8.72,58.91066513761468,756.611660944194,0,0.5020005186859418,0.20113540522671516,,
B,rows geometric 0.5,1,last,adjusted table,1.00531,343.783,15.144,22.70093766508188,201.0630658789411,0,0.4780205020218178,0.20113540522671516,,
B,rows geometric 0.5,1,largest,position logit,1.0008,986.646,7.04,140.14857954545454,2816.6255326802057,0,0.46913613961005146,0.20113540522671516,,
B,rows geometric 0.5,1,largest,odds-ratio logit,1.00107,996.708,7.056,141.25680272108843,3122.5347424640445,0,0.48915331597026723,0.20113540522671516,,
B,rows geometric 0.5,1,largest,adjusted row,1.00555,408.206,8.708,46.87712448323381,737.1455935577368,0,0.5614493677574359,0.20113540522671516,,
B,rows geometric 0.5,1,largest,adjusted table,1.00535,323.656,14.888,21.73938742611499,187.48146337644934,0,0.49798028319300786,0.20113540522671516,,
B,rows geometric 0.5,1,whitened,position logit,1.0018,1468.63,7.0,209.80428571428573,3859.5090706610854,0,0.1014494947082226,0.20113540522671516,,
B,rows geometric 0.5,1,whitened,odds-ratio logit,1.00214,773.644,7.0,110.52057142857143,2510.545880042429,0,0.09918583721330852,0.20113540522671516,,
B,rows geometric 0.5,1,whitened,adjusted row,1.0017,394.549,8.088,48.78202274975272,755.7183541083084,0,0.12331048963217613,0.20113540522671516,,
B,rows geometric 0.5,1,whitened,adjusted table,1.00213,381.616,14.64,26.066666666666666,246.75590492007632,0,0.1390476668035491,0.20113540522671516,,
B,rows geometric 0.5,2,last,position logit,1.00046,1172.83,7.036,166.68988061398522,3121.1648903101363,0,0.5492008169656962,0.18391692760438158,,
B,rows geometric 0.5,2,last,odds-ratio logit,1.00351,916.426,7.248,126.43846578366445,2802.2162731522963,0,0.5348163540759032,0.18391692760438158,,
B,rows geometric 0.5,2,last,adjusted row,1.00221,441.637,9.028,48.91858661940629,669.1756489229882,0,0.545947397621009,0.18391692760438158,,
B,rows geometric 0.5,2,last,adjusted table,1.00128,359.138,15.304,23.466936748562464,204.40426786600673,0,0.5861848605058125,0.18391692760438158,,
B,rows geometric 0.5,2,largest,position logit,1.00108,1226.55,7.008,175.02140410958904,3211.491506831528,0,0.5385406597063906,0.18391692760438158,,
B,rows geometric 0.5,2,largest,odds-ratio logit,1.00243,1028.72,7.256,141.77508269018742,2989.047235676556,0,0.5394343550738182,0.18391692760438158,,
B,rows geometric 0.5,2,largest,adjusted row,1.00636,427.379,8.996,47.507670075589154,731.2370581168996,0,0.4881328940553975,0.18391692760438158,,
B,rows geometric 0.5,2,largest,adjusted table,1.01272,351.847,14.728,23.889665942422596,210.55160896141038,0,0.49288688735697916,0.18391692760438158,,
B,rows geometric 0.5,2,whitened,position logit,1.00159,940.31,7.0,134.32999999999998,2784.8989148631185,0,0.1145657881690226,0.18391692760438158,,
B,rows geometric 0.5,2,whitened,odds-ratio logit,1.00071,1115.93,7.0,159.41857142857143,3238.534073071569,0,0.09020073946403916,0.18391692760438158,,
B,rows geometric 0.5,2,whitened,adjusted row,1.0034,423.859,9.048,46.845601237842615,710.5699765444701,0,0.10687164463194639,0.18391692760438158,,
B,rows geometric 0.5,2,whitened,adjusted table,1.00408,306.78,14.568,21.05848434925865,182.88354642078824,0,0.1521031112037884,0.18391692760438158,,
B,rows one dominant 0.5,1,last,position logit,1.001,1216.23,7.036,172.85815804434338,3215.51744273356,0,0.49684477895718915,0.2011354052267152,,
B,rows one dominant 0.5,1,last,odds-ratio logit,1.00182,1054.15,7.024,150.07830296127563,3155.3933846597415,0,0.538934189496782,0.2011354052267152,,
B,rows one dominant 0.5,1,last,adjusted row,1.00774,517.083,8.856,58.387872628726285,815.2553007610115,0,0.5270751116530414,0.2011354052267152,,
B,rows one dominant 0.5,1,last,adjusted table,1.0071,267.83,15.776,16.977053752535497,148.48615719255315,0,0.5156468855334366,0.2011354052267152,,
B,rows one dominant 0.5,1,largest,position logit,1.00058,1180.96,7.04,167.75,3358.8083792391917,0,0.4895386201024583,0.2011354052267152,,
B,rows one dominant 0.5,1,largest,odds-ratio logit,1.00365,746.67,7.408,100.79238660907126,2333.332067495962,0,0.5010290932712924,0.2011354052267152,,
B,rows one dominant 0.5,1,largest,adjusted row,1.00424,469.109,9.504,49.35911195286195,786.6702310714601,0,0.5163823250022769,0.2011354052267152,,
B,rows one dominant 0.5,1,largest,adjusted table,1.00401,250.475,15.56,16.09736503856041,143.59631383999422,0,0.497312253296676,0.2011354052267152,,
B,rows one dominant 0.5,1,whitened,position logit,1.00074,1342.58,6.988,192.12650257584428,2991.7548406894775,0,0.12784542048252587,0.2011354052267152,,
B,rows one dominant 0.5,1,whitened,odds-ratio logit,1.00287,899.246,7.0,128.46371428571427,2654.7604548237355,0,0.16338812527412488,0.2011354052267152,,
B,rows one dominant 0.5,1,whitened,adjusted row,1.00931,500.434,9.168,54.58486038394416,831.8896263050218,0,0.07497820773876956,0.2011354052267152,,
B,rows one dominant 0.5,1,whitened,adjusted table,1.00206,336.022,14.584,23.0404552934723,195.69000788076028,0,0.10492523304782313,0.2011354052267152,,
B,rows one dominant 0.5,2,last,position logit,1.00309,955.918,7.224,132.32530454042083,2712.363763901724,0,0.5650313979263789,0.18391692760438158,,
B,rows one dominant 0.5,2,last,odds-ratio logit,1.00107,935.531,7.032,133.0391069397042,2508.480985456326,0,0.5021289418645825,0.18391692760438158,,
B,rows one dominant 0.5,2,last,adjusted row,1.00349,502.323,8.944,56.16312611806797,733.7090287229834,0,0.532530055765724,0.18391692760438158,,
B,rows one dominant 0.5,2,last,adjusted table,1.00379,391.64,15.304,25.590695243073704,196.0139200786033,0,0.5613242652325408,0.18391692760438158,,
B,rows one dominant 0.5,2,largest,position logit,1.00407,1039.76,7.016,148.19840364880272,2816.0768413433007,0,0.5000774689784099,0.18391692760438158,,
B,rows one dominant 0.5,2,largest,odds-ratio logit,1.00226,741.36,7.12,104.12359550561798,1767.9144242531752,0,0.508529218328068,0.18391692760438158,,
B,rows one dominant 0.5,2,largest,adjusted row,1.00618,418.649,9.024,46.392841312056746,571.9337170767997,0,0.47921179537561004,0.18391692760438158,,
B,rows one dominant 0.5,2,largest,adjusted table,1.0025,259.837,15.48,16.78533591731266,143.42605650866403,0,0.5311793899998517,0.18391692760438158,,
B,rows one dominant 0.5,2,whitened,position logit,1.00284,1134.07,7.0,162.01,3604.245363092933,0,0.1502891837988276,0.18391692760438158,,
B,rows one dominant 0.5,2,whitened,odds-ratio logit,1.00912,905.439,7.0,129.34842857142857,2807.0731218339283,0,0.12613124465822542,0.18391692760438158,,
B,rows one dominant 0.5,2,whitened,adjusted row,1.01432,318.319,9.568,33.269126254180605,508.523203969685,0,0.08495759714143515,0.18391692760438158,,
B,rows one dominant 0.5,2,whitened,adjusted table,1.01001,376.789,14.944,25.213396680942182,212.61035137338553,0,0.12918513479588925,0.18391692760438158,,
B,rows one tiny 0.85,1,last,position logit,1.00423,877.828,10.016,87.64257188498402,2000.4691597000174,0,0.5673938371906189,0.20113540522671514,,
B,rows one tiny 0.85,1,last,odds-ratio logit,1.00116,1036.48,7.92,130.86868686868686,2211.8604648389305,0,0.5500470195247681,0.20113540522671514,,
B,rows one tiny 0.85,1,last,adjusted row,1.00515,507.9,8.936,56.83751119068934,796.3487289295075,0,0.5292773497263461,0.20113540522671514,,
B,rows one tiny 0.85,1,last,adjusted table,1.004,395.752,13.176,30.035822707953855,236.29716861331252,0,0.5500567112162833,0.20113540522671514,,
B,rows one tiny 0.85,1,largest,position logit,1.00688,634.863,9.208,68.94689400521287,1369.7757379224208,0,0.4985909525192806,0.20113540522671514,,
B,rows one tiny 0.85,1,largest,odds-ratio logit,1.00111,1181.17,7.004,168.6422044545974,3001.0455747325573,0,0.5335562557865885,0.20113540522671514,,
B,rows one tiny 0.85,1,largest,adjusted row,1.00909,423.642,9.144,46.330052493438316,580.7341573418997,0,0.5327289720158715,0.20113540522671514,,
B,rows one tiny 0.85,1,largest,adjusted table,1.00218,382.391,13.156,29.065901489814532,221.7656392402473,0,0.5499413131018492,0.20113540522671514,,
B,rows one tiny 0.85,1,whitened,position logit,1.0041,679.973,10.64,63.907236842105256,1689.1901661356876,0,0.11182766342237194,0.20113540522671514,,
B,rows one tiny 0.85,1,whitened,odds-ratio logit,1.00188,1289.78,7.0,184.25428571428571,3775.9614966119343,0,0.09480769495000738,0.20113540522671514,,
B,rows one tiny 0.85,1,whitened,adjusted row,1.00391,471.682,8.44,55.886492890995264,694.2141383257615,0,0.1143823243458968,0.20113540522671514,,
B,rows one tiny 0.85,1,whitened,adjusted table,1.0031,460.889,13.784,33.436520603598375,284.97588842191635,0,0.09938295021677536,0.20113540522671514,,
B,rows one tiny 0.85,2,last,position logit,1.00238,900.163,12.44,72.36036977491962,1900.2002447761015,0,0.5063202732713884,0.18391692760438158,,
B,rows one tiny 0.85,2,last,odds-ratio logit,1.00002,1047.48,8.128,128.873031496063,2327.0266332911374,0,0.5650290734807343,0.18391692760438158,,
B,rows one tiny 0.85,2,last,adjusted row,1.00556,433.418,9.32,46.50407725321888,695.2133042095529,0,0.6010543714517939,0.18391692760438158,,
B,rows one tiny 0.85,2,last,adjusted table,1.00675,346.955,13.76,25.214752906976745,215.72420933821002,0,0.5247982941166153,0.18391692760438158,,
B,rows one tiny 0.85,2,largest,position logit,1.00264,852.638,8.904,95.75898472596586,2140.2782152006534,0,0.5214113895304983,0.18391692760438158,,
B,rows one tiny 0.85,2,largest,odds-ratio logit,1.00114,1098.62,7.076,155.2600339174675,3311.4576192296745,0,0.5568342776439231,0.18391692760438158,,
B,rows one tiny 0.85,2,largest,adjusted row,1.00401,414.952,9.784,42.41128372853638,708.3966084453155,0,0.5219764579316639,0.18391692760438158,,
B,rows one tiny 0.85,2,largest,adjusted table,1.00506,330.549,13.124,25.186604693690946,184.61806943303324,0,0.4988202321363313,0.18391692760438158,,
B,rows one tiny 0.85,2,whitened,position logit,1.00243,961.803,13.336,72.12080083983203,2144.8672303477274,0,0.11474802791933117,0.18391692760438158,,
B,rows one tiny 0.85,2,whitened,odds-ratio logit,1.00004,1397.91,7.0,199.70142857142858,3990.4062334423847,0,0.11178384554206897,0.18391692760438158,,
B,rows one tiny 0.85,2,whitened,adjusted row,1.01082,314.5,10.008,31.424860111910473,515.6044908228785,0,0.08395156056575928,0.18391692760438158,,
B,rows one tiny 0.85,2,whitened,adjusted table,1.00239,417.236,13.824,30.182002314814813,258.46264215791757,0,0.10794212861040062,0.18391692760438158,,
B,"both geometric 0.5, aligned",1,last,position logit,1.00276,757.323,18.616,40.68129565964762,1348.8761802367083,0,0.9361280634559149,0.021878340543771562,,
B,"both geometric 0.5, aligned",1,last,odds-ratio logit,1.00952,389.395,17.168,22.68144221808015,616.7614290137956,0,0.9430523779696622,0.021878340543771562,,
B,"both geometric 0.5, aligned",1,last,adjusted row,1.00248,500.216,20.408,24.51078008624069,404.2898183952566,0,0.9268273437425117,0.021878340543771562,,
B,"both geometric 0.5, aligned",1,last,adjusted table,1.00645,608.623,31.24,19.482170294494242,218.08026510770276,0,0.9421112806113129,0.021878340543771562,,
B,"both geometric 0.5, aligned",1,largest,position logit,1.00316,685.257,10.264,66.76315276695246,1494.5163742613672,0,0.28632192702357917,0.021878340543771562,,
B,"both geometric 0.5, aligned",1,largest,odds-ratio logit,1.00709,671.877,11.32,59.353091872791516,1717.842090073351,0,0.2616854051159442,0.021878340543771562,,
B,"both geometric 0.5, aligned",1,largest,adjusted row,1.00983,418.12,10.608,39.41553544494721,568.4959276670537,0,0.29932240781067426,0.021878340543771562,,
B,"both geometric 0.5, aligned",1,largest,adjusted table,1.00352,364.242,14.912,24.426099785407725,204.3181650795451,0,0.2567604605935901,0.021878340543771562,,
B,"both geometric 0.5, aligned",1,whitened,position logit,1.00255,694.989,9.336,74.4418380462725,1484.360790738388,0,0.12091781662246447,0.021878340543771562,,
B,"both geometric 0.5, aligned",1,whitened,odds-ratio logit,1.00721,817.114,12.264,66.62703848662754,1920.3655339975446,0,0.12457960926250945,0.021878340543771562,,
B,"both geometric 0.5, aligned",1,whitened,adjusted row,1.00704,450.195,9.696,46.431002475247524,708.6625270844835,0,0.12515325990063236,0.021878340543771562,,
B,"both geometric 0.5, aligned",1,whitened,adjusted table,1.029,189.793,15.112,12.559092112228694,110.60658644464472,0,0.12664592990494208,0.021878340543771562,,
B,"both geometric 0.5, aligned",2,last,position logit,1.00352,621.46,17.816,34.882128423888645,1047.3667738868733,0,0.9476393725264975,0.019197804684790112,,
B,"both geometric 0.5, aligned",2,last,odds-ratio logit,1.00336,594.431,19.016,31.259518300378634,1022.3537530186042,0,0.9490693157302992,0.019197804684790112,,
B,"both geometric 0.5, aligned",2,last,adjusted row,1.00127,505.723,20.024,25.255842988413903,538.6895953425698,0,0.9455043541193464,0.019197804684790112,,
B,"both geometric 0.5, aligned",2,last,adjusted table,1.00653,337.555,19.664,17.166141171684295,160.09389452183112,0,0.9446021069328815,0.019197804684790112,,
B,"both geometric 0.5, aligned",2,largest,position logit,1.00549,709.481,11.392,62.27887991573034,1703.1897092594925,0,0.22860967481464103,0.019197804684790112,,
B,"both geometric 0.5, aligned",2,largest,odds-ratio logit,1.00578,775.102,10.944,70.82437865497076,2061.5177038731767,0,0.24652267211843257,0.019197804684790112,,
B,"both geometric 0.5, aligned",2,largest,adjusted row,1.00958,463.441,11.184,41.43785765379113,784.1447258008104,0,0.25728637152398104,0.019197804684790112,,
B,"both geometric 0.5, aligned",2,largest,adjusted table,1.00658,217.078,15.688,13.837200407955125,124.06541229866086,0,0.2917996498170443,0.019197804684790112,,
B,"both geometric 0.5, aligned",2,whitened,position logit,1.00182,712.394,9.088,78.38842429577466,1802.2075277680772,0,0.10302129074794011,0.019197804684790112,,
B,"both geometric 0.5, aligned",2,whitened,odds-ratio logit,1.005,411.897,7.744,53.18917871900827,1188.601260474265,0,0.1308632346582545,0.019197804684790112,,
B,"both geometric 0.5, aligned",2,whitened,adjusted row,1.00214,641.101,12.144,52.791584321475625,1019.9236049695708,0,0.06807238740200895,0.019197804684790112,,
B,"both geometric 0.5, aligned",2,whitened,adjusted table,1.01531,163.057,14.824,10.999527792768482,86.22077815696905,0,0.10168235511309655,0.019197804684790112,,
B,"both geometric 0.5, reversed",1,last,position logit,1.00147,1123.02,7.0,160.43142857142857,3457.144864676813,0,0.26428483826124427,0.5665071908511995,,
B,"both geometric 0.5, reversed",1,last,odds-ratio logit,1.00214,879.854,7.0,125.69342857142858,2668.679291068354,0,0.24819021926831006,0.5665071908511995,,
B,"both geometric 0.5, reversed",1,last,adjusted row,1.00794,448.142,10.168,44.07376081825335,745.9108138945074,0,0.22714441988789946,0.5665071908511995,,
B,"both geometric 0.5, reversed",1,last,adjusted table,1.00447,440.38,13.696,32.15391355140187,276.96059466782424,0,0.21035759022212175,0.5665071908511995,,
B,"both geometric 0.5, reversed",1,largest,position logit,1.00147,1123.02,7.0,160.43142857142857,2798.6881299367687,0,0.26428483826124427,0.5665071908511995,,
B,"both geometric 0.5, reversed",1,largest,odds-ratio logit,1.00214,879.854,7.0,125.69342857142858,2720.207652084691,0,0.24819021926831006,0.5665071908511995,,
B,"both geometric 0.5, reversed",1,largest,adjusted row,1.00794,448.142,10.168,44.07376081825335,710.6855116574512,0,0.22714441988789946,0.5665071908511995,,
B,"both geometric 0.5, reversed",1,largest,adjusted table,1.00447,440.38,13.696,32.15391355140187,268.5899327204674,0,0.21035759022212175,0.5665071908511995,,
B,"both geometric 0.5, reversed",1,whitened,position logit,1.00188,1043.54,7.0,149.07714285714286,3300.8725527040174,0,0.11159220300948303,0.5665071908511995,,
B,"both geometric 0.5, reversed",1,whitened,odds-ratio logit,1.00105,890.461,7.0,127.2087142857143,2604.2153803819797,0,0.0777607590695733,0.5665071908511995,,
B,"both geometric 0.5, reversed",1,whitened,adjusted row,1.01285,521.623,11.56,45.12309688581315,743.651134791192,0,0.10477252594938301,0.5665071908511995,,
B,"both geometric 0.5, reversed",1,whitened,adjusted table,1.00596,456.145,13.936,32.7314150401837,271.7120286400926,0,0.12144259744981051,0.5665071908511995,,
B,"both geometric 0.5, reversed",2,last,position logit,1.00259,897.224,7.0,128.17485714285715,2317.180080056353,0,0.28443437860967763,0.5440499182325514,,
B,"both geometric 0.5, reversed",2,last,odds-ratio logit,1.00431,786.99,7.0,112.42714285714285,2035.8092107410416,0,0.29493867432193194,0.5440499182325514,,
B,"both geometric 0.5, reversed",2,last,adjusted row,1.00835,420.059,9.584,43.82919449081803,589.222805377953,0,0.2981396610415241,0.5440499182325514,,
B,"both geometric 0.5, reversed",2,last,adjusted table,1.00304,435.975,14.376,30.326585976627715,210.7623525474005,0,0.32830004170565263,0.5440499182325514,,
B,"both geometric 0.5, reversed",2,largest,position logit,1.00259,897.224,7.0,128.17485714285715,2524.263586016583,0,0.28443437860967763,0.5440499182325514,,
B,"both geometric 0.5, reversed",2,largest,odds-ratio logit,1.00431,786.99,7.0,112.42714285714285,1618.5831272442692,0,0.29493867432193194,0.5440499182325514,,
B,"both geometric 0.5, reversed",2,largest,adjusted row,1.00835,420.059,9.584,43.82919449081803,583.5242342886762,0,0.2981396610415241,0.5440499182325514,,
B,"both geometric 0.5, reversed",2,largest,adjusted table,1.00304,435.975,14.376,30.326585976627715,247.9188408437918,0,0.32830004170565263,0.5440499182325514,,
B,"both geometric 0.5, reversed",2,whitened,position logit,1.00003,1025.52,7.0,146.50285714285715,3077.2298395832872,0,0.09991622538746976,0.5440499182325514,,
B,"both geometric 0.5, reversed",2,whitened,odds-ratio logit,0.999832,956.205,7.0,136.6007142857143,3024.114908050077,0,0.12720185327497135,0.5440499182325514,,
B,"both geometric 0.5, reversed",2,whitened,adjusted row,1.00598,488.126,8.936,54.6246642793196,861.9508827719187,0,0.08928201585614023,0.5440499182325514,,
B,"both geometric 0.5, reversed",2,whitened,adjusted table,1.00324,439.341,13.936,31.525617106773822,300.8847789509778,0,0.08070965608242908,0.5440499182325514,,
