dataset,area,R,C,mismatch,N,min_margin,sigma_b,centre,conflict_sd,param,seed,seconds,max_rhat,min_ess,div,leapfrogs,ess_per_1000_grad,ess_per_s
New Zealand 2017,North Shore,5,4,0.8220169241539135,39439.0,1722.0,0.5,indep,1.0509068785146553e-15,position logit,1,0.30179882049560547,1.00209,761.983,0,7.408,102.85947624190064,2522.998641263967
New Zealand 2017,North Shore,5,4,0.8220169241539135,39439.0,1722.0,0.5,indep,1.0509068785146553e-15,odds-ratio logit,1,0.31903600692749023,1.00199,578.992,0,8.796,65.82446566621192,1814.1975118374469
New Zealand 2017,North Shore,5,4,0.8220169241539135,39439.0,1722.0,0.5,indep,1.0509068785146553e-15,adjusted row,1,0.4477839469909668,1.0015,1034.99,0,7.008,147.6869292237443,2310.8311509806385
New Zealand 2017,North Shore,5,4,0.8220169241539135,39439.0,1722.0,0.5,indep,1.0509068785146553e-15,adjusted table,1,0.6741487979888916,1.00504,1015.18,0,7.008,144.8601598173516,1505.5232449637317
New Zealand 2017,North Shore,5,4,0.8220169241539135,39439.0,1722.0,0.5,raked,0.0,position logit,1,0.2722318172454834,1.00025,783.912,0,9.832,79.7306753458096,2878.551706573726
New Zealand 2017,North Shore,5,4,0.8220169241539135,39439.0,1722.0,0.5,raked,0.0,odds-ratio logit,1,0.3277156352996826,1.00509,558.735,0,8.176,68.33842954990216,1704.4201712780837
New Zealand 2017,North Shore,5,4,0.8220169241539135,39439.0,1722.0,0.5,raked,0.0,adjusted row,1,0.4618232250213623,1.00106,1034.03,0,7.0,147.71857142857144,2238.219598176617
New Zealand 2017,North Shore,5,4,0.8220169241539135,39439.0,1722.0,0.5,raked,0.0,adjusted table,1,0.6668283939361572,1.00295,1248.0,0,6.992,178.48970251716247,1871.0536116988137
New Zealand 2017,North Shore,5,4,0.8220169241539135,39439.0,1722.0,0.5,national,4.132033715335657,position logit,1,0.3320322036743164,1.00778,551.947,0,7.312,75.48509299781182,1661.6281494309635
New Zealand 2017,North Shore,5,4,0.8220169241539135,39439.0,1722.0,0.5,national,4.132033715335657,odds-ratio logit,1,0.2637214660644531,1.00395,638.671,0,7.776,82.13361625514405,2420.844220028413
New Zealand 2017,North Shore,5,4,0.8220169241539135,39439.0,1722.0,0.5,national,4.132033715335657,adjusted row,1,0.4195272922515869,1.00022,1211.67,0,6.996,173.19468267581476,2887.5195253709176
New Zealand 2017,North Shore,5,4,0.8220169241539135,39439.0,1722.0,0.5,national,4.132033715335657,adjusted table,1,0.6800930500030518,1.00233,830.282,0,7.0,118.61171428571429,1220.6642860846334
New Zealand 2017,North Shore,5,4,0.8220169241539135,39439.0,1722.0,2.0,indep,2.6272671962866383e-16,position logit,1,0.9562840461730957,1.01053,443.885,2,41.895,10.595178422246091,464.11873391385507
New Zealand 2017,North Shore,5,4,0.8220169241539135,39439.0,1722.0,2.0,indep,2.6272671962866383e-16,odds-ratio logit,1,0.4749178886413574,1.01682,123.718,0,18.768,6.591965046888321,260.4489335931912
New Zealand 2017,North Shore,5,4,0.8220169241539135,39439.0,1722.0,2.0,indep,2.6272671962866383e-16,adjusted row,1,0.47063469886779785,1.0027,491.599,0,10.208,48.1582092476489,1044.0819359833101
New Zealand 2017,North Shore,5,4,0.8220169241539135,39439.0,1722.0,2.0,indep,2.6272671962866383e-16,adjusted table,1,0.8416416645050049,1.00636,654.758,0,11.216,58.37713980028531,777.8513853401327
New Zealand 2017,North Shore,5,4,0.8220169241539135,39439.0,1722.0,2.0,raked,0.0,position logit,1,1.655576229095459,1.01091,307.29,5,68.777,4.467918054000611,185.5966365342368
New Zealand 2017,North Shore,5,4,0.8220169241539135,39439.0,1722.0,2.0,raked,0.0,odds-ratio logit,1,0.7430262565612793,1.00631,340.6,0,31.336,10.869287720194027,458.2733005058849
New Zealand 2017,North Shore,5,4,0.8220169241539135,39439.0,1722.0,2.0,raked,0.0,adjusted row,1,0.6146528720855713,1.00963,392.879,0,14.096,27.87166572077185,639.0838112534483
New Zealand 2017,North Shore,5,4,0.8220169241539135,39439.0,1722.0,2.0,raked,0.0,adjusted table,1,0.8644745349884033,1.00216,494.726,0,10.24,48.3130859375,572.2022120326109
New Zealand 2017,North Shore,5,4,0.8220169241539135,39439.0,1722.0,2.0,national,1.0330084288339143,position logit,1,3.142610788345337,1.00993,495.912,1,179.87,2.75705787513204,157.79314189243982
New Zealand 2017,North Shore,5,4,0.8220169241539135,39439.0,1722.0,2.0,national,1.0330084288339143,odds-ratio logit,1,0.823235034942627,1.00675,297.976,3,39.864,7.474814368854105,361.8773141969307
New Zealand 2017,North Shore,5,4,0.8220169241539135,39439.0,1722.0,2.0,national,1.0330084288339143,adjusted row,1,0.6629748344421387,1.00577,365.733,0,14.552,25.13283397471138,551.5685357724194
New Zealand 2017,North Shore,5,4,0.8220169241539135,39439.0,1722.0,2.0,national,1.0330084288339143,adjusted table,1,0.7901079654693604,1.00086,377.691,0,7.944,47.54418429003021,477.96670846385143
New Zealand 2017,Papakura,5,4,1.0525116655929572,37028.0,1050.0,0.5,indep,5.2545343925732775e-16,position logit,1,0.32715272903442383,1.00174,970.357,0,8.928,108.68693996415769,2964.6477883562115
New Zealand 2017,Papakura,5,4,1.0525116655929572,37028.0,1050.0,0.5,indep,5.2545343925732775e-16,odds-ratio logit,1,0.3646721839904785,1.00752,685.835,0,7.536,91.00782908704885,1879.498393573405
New Zealand 2017,Papakura,5,4,1.0525116655929572,37028.0,1050.0,0.5,indep,5.2545343925732775e-16,adjusted row,1,0.5239465236663818,1.00034,1307.22,0,6.992,186.95938215102976,2493.9403928532442
New Zealand 2017,Papakura,5,4,1.0525116655929572,37028.0,1050.0,0.5,indep,5.2545343925732775e-16,adjusted table,1,0.6404247283935547,1.0016,1179.04,0,6.988,168.72352604464794,1840.7239643561702
New Zealand 2017,Papakura,5,4,1.0525116655929572,37028.0,1050.0,0.5,raked,0.0,position logit,1,0.35677051544189453,1.00246,677.431,0,11.648,58.158567994505496,1898.0950941040744
New Zealand 2017,Papakura,5,4,1.0525116655929572,37028.0,1050.0,0.5,raked,0.0,odds-ratio logit,1,0.255659818649292,1.0014,533.141,0,7.256,73.47588202866592,2084.5347120484444
New Zealand 2017,Papakura,5,4,1.0525116655929572,37028.0,1050.0,0.5,raked,0.0,adjusted row,1,0.4250955581665039,1.00126,1030.9,0,6.996,147.35563178959407,2424.540184692886
New Zealand 2017,Papakura,5,4,1.0525116655929572,37028.0,1050.0,0.5,raked,0.0,adjusted table,1,0.7551281452178955,1.00151,1007.33,0,7.0,143.90428571428572,1333.8187373095304
New Zealand 2017,Papakura,5,4,1.0525116655929572,37028.0,1050.0,0.5,national,3.912275847940716,position logit,1,0.36236572265625,1.00056,921.614,0,14.064,65.53000568828215,2542.326931135064
New Zealand 2017,Papakura,5,4,1.0525116655929572,37028.0,1050.0,0.5,national,3.912275847940716,odds-ratio logit,1,0.2569718360900879,1.00294,429.966,0,7.368,58.35586319218241,1672.5820879117211
New Zealand 2017,Papakura,5,4,1.0525116655929572,37028.0,1050.0,0.5,national,3.912275847940716,adjusted row,1,0.533379077911377,1.00407,721.959,0,7.144,101.05809070548712,1353.2080136245152
New Zealand 2017,Papakura,5,4,1.0525116655929572,37028.0,1050.0,0.5,national,3.912275847940716,adjusted table,1,0.9584546089172363,1.00314,907.225,0,7.024,129.1607346241458,946.4377164579959
New Zealand 2017,Papakura,5,4,1.0525116655929572,37028.0,1050.0,2.0,indep,1.3136335981433194e-16,position logit,1,1.2430765628814697,1.00793,355.72,1,45.792,7.768169112508735,286.09863837942146
New Zealand 2017,Papakura,5,4,1.0525116655929572,37028.0,1050.0,2.0,indep,1.3136335981433194e-16,odds-ratio logit,1,0.6770439147949219,1.01196,229.147,1,23.008,9.959448887343532,338.3963079631448
New Zealand 2017,Papakura,5,4,1.0525116655929572,37028.0,1050.0,2.0,indep,1.3136335981433194e-16,adjusted row,1,0.6203820705413818,1.00778,690.814,0,9.632,71.72072259136212,1113.2779246832088
New Zealand 2017,Papakura,5,4,1.0525116655929572,37028.0,1050.0,2.0,indep,1.3136335981433194e-16,adjusted table,1,1.095954179763794,1.00737,454.188,0,10.104,44.951306413301666,414.384122725404
New Zealand 2017,Papakura,5,4,1.0525116655929572,37028.0,1050.0,2.0,raked,0.0,position logit,1,3.33123517036438,1.00698,299.318,2,147.067,2.0352492401422477,89.84930138915905
New Zealand 2017,Papakura,5,4,1.0525116655929572,37028.0,1050.0,2.0,raked,0.0,odds-ratio logit,1,0.8454852104187012,1.00604,256.944,0,30.68,8.37496740547588,303.78635896698665
New Zealand 2017,Papakura,5,4,1.0525116655929572,37028.0,1050.0,2.0,raked,0.0,adjusted row,1,0.7303059101104736,1.00651,486.074,0,14.376,33.81149137451308,665.4872405474333
New Zealand 2017,Papakura,5,4,1.0525116655929572,37028.0,1050.0,2.0,raked,0.0,adjusted table,1,1.1781458854675293,1.00748,394.728,0,11.08,35.625270758122745,335.0080735184434
New Zealand 2017,Papakura,5,4,1.0525116655929572,37028.0,1050.0,2.0,national,0.978068961985179,position logit,1,3.421100616455078,1.004,467.523,0,181.032,2.5825434177383,136.65265266290754
New Zealand 2017,Papakura,5,4,1.0525116655929572,37028.0,1050.0,2.0,national,0.978068961985179,odds-ratio logit,1,0.9220223426818848,1.0087,170.603,1,30.895,5.522026217834601,184.96779050450166
New Zealand 2017,Papakura,5,4,1.0525116655929572,37028.0,1050.0,2.0,national,0.978068961985179,adjusted row,1,0.7642207145690918,1.00935,515.438,0,16.912,30.477649006622517,674.3097032100382
New Zealand 2017,Papakura,5,4,1.0525116655929572,37028.0,1050.0,2.0,national,0.978068961985179,adjusted table,1,0.8718268871307373,1.00652,512.227,0,11.944,42.88571667782987,587.4400696166691
New Zealand 2017,Hauraki-Waikato,5,2,1.3422098204583117,22232.0,1145.0,0.5,indep,0.0,position logit,1,0.1599256992340088,1.00014,916.278,0,6.88,133.17994186046514,5721.210057674358
New Zealand 2017,Hauraki-Waikato,5,2,1.3422098204583117,22232.0,1145.0,0.5,indep,0.0,odds-ratio logit,1,0.1344311237335205,0.999788,885.568,0,6.556,135.07748627211714,6580.403051920879
New Zealand 2017,Hauraki-Waikato,5,2,1.3422098204583117,22232.0,1145.0,0.5,indep,0.0,adjusted row,1,0.2823669910430908,1.00072,1155.05,0,6.592,175.219963592233,4089.182915788487
New Zealand 2017,Hauraki-Waikato,5,2,1.3422098204583117,22232.0,1145.0,0.5,indep,0.0,adjusted table,1,0.39028334617614746,1.00194,1106.77,0,6.784,163.14416273584905,2835.1014079714078
New Zealand 2017,Hauraki-Waikato,5,2,1.3422098204583117,22232.0,1145.0,0.5,raked,0.0,position logit,1,0.16321635246276855,0.999215,1437.22,0,6.804,211.23162845385067,8795.732379579425
New Zealand 2017,Hauraki-Waikato,5,2,1.3422098204583117,22232.0,1145.0,0.5,raked,0.0,odds-ratio logit,1,0.18030619621276855,1.0014,1043.71,0,6.764,154.30366646954465,5782.570310472366
New Zealand 2017,Hauraki-Waikato,5,2,1.3422098204583117,22232.0,1145.0,0.5,raked,0.0,adjusted row,1,0.2699165344238281,1.00665,1202.25,0,6.728,178.6935196195006,4452.392795083704
New Zealand 2017,Hauraki-Waikato,5,2,1.3422098204583117,22232.0,1145.0,0.5,raked,0.0,adjusted table,1,0.4108712673187256,1.00075,883.677,0,6.728,131.34319262782404,2150.197839138206
New Zealand 2017,Hauraki-Waikato,5,2,1.3422098204583117,22232.0,1145.0,0.5,national,3.7019728987941374,position logit,1,0.18382477760314941,1.00056,1076.42,0,6.744,159.61150652431792,5852.542497877322
New Zealand 2017,Hauraki-Waikato,5,2,1.3422098204583117,22232.0,1145.0,0.5,national,3.7019728987941374,odds-ratio logit,1,0.19275164604187012,1.00174,999.292,0,6.896,144.90893271461718,5180.889510083449
New Zealand 2017,Hauraki-Waikato,5,2,1.3422098204583117,22232.0,1145.0,0.5,national,3.7019728987941374,adjusted row,1,0.3041055202484131,1.00363,803.853,0,6.832,117.65998243559719,2642.4967265180467
New Zealand 2017,Hauraki-Waikato,5,2,1.3422098204583117,22232.0,1145.0,0.5,national,3.7019728987941374,adjusted table,1,0.45179128646850586,1.00012,1020.97,0,6.776,150.6744391971665,2258.6335590318527
New Zealand 2017,Hauraki-Waikato,5,2,1.3422098204583117,22232.0,1145.0,2.0,indep,0.0,position logit,1,0.18787646293640137,1.00057,625.967,0,7.072,88.51343325791855,3329.059280257652
New Zealand 2017,Hauraki-Waikato,5,2,1.3422098204583117,22232.0,1145.0,2.0,indep,0.0,odds-ratio logit,1,0.16742587089538574,1.00701,350.777,0,7.072,49.6008201357466,2093.868922980585
New Zealand 2017,Hauraki-Waikato,5,2,1.3422098204583117,22232.0,1145.0,2.0,indep,0.0,adjusted row,1,0.4077491760253906,1.0021,412.052,0,7.352,56.04624591947769,1010.2543136919992
New Zealand 2017,Hauraki-Waikato,5,2,1.3422098204583117,22232.0,1145.0,2.0,indep,0.0,adjusted table,1,0.5123157501220703,1.00032,845.59,0,6.924,122.12449451184287,1650.0466957813487
New Zealand 2017,Hauraki-Waikato,5,2,1.3422098204583117,22232.0,1145.0,2.0,raked,0.0,position logit,1,0.390491247177124,1.0062,386.477,0,18.48,20.913257575757573,989.247078952925
New Zealand 2017,Hauraki-Waikato,5,2,1.3422098204583117,22232.0,1145.0,2.0,raked,0.0,odds-ratio logit,1,0.21051931381225586,1.00502,616.122,0,9.08,67.85484581497796,2925.2887070401775
New Zealand 2017,Hauraki-Waikato,5,2,1.3422098204583117,22232.0,1145.0,2.0,raked,0.0,adjusted row,1,0.4077777862548828,1.00095,397.893,0,9.98,39.8690380761523,975.3094595639263
New Zealand 2017,Hauraki-Waikato,5,2,1.3422098204583117,22232.0,1145.0,2.0,raked,0.0,adjusted table,1,0.4813728332519531,1.00096,657.607,0,6.848,96.02905957943925,1365.834798944453
New Zealand 2017,Hauraki-Waikato,5,2,1.3422098204583117,22232.0,1145.0,2.0,national,0.9254932246985343,position logit,1,0.4530010223388672,1.00955,248.786,0,23.128,10.756918021445866,549.0741447883468
New Zealand 2017,Hauraki-Waikato,5,2,1.3422098204583117,22232.0,1145.0,2.0,national,0.9254932246985343,odds-ratio logit,1,0.23442816734313965,1.00879,518.182,0,14.032,36.92859179019384,2209.5095935579566
New Zealand 2017,Hauraki-Waikato,5,2,1.3422098204583117,22232.0,1145.0,2.0,national,0.9254932246985343,adjusted row,1,0.5228052139282227,1.00437,363.154,0,11.196,32.43604858878171,694.4889992759557
New Zealand 2017,Hauraki-Waikato,5,2,1.3422098204583117,22232.0,1145.0,2.0,national,0.9254932246985343,adjusted table,1,0.49872350692749023,1.00472,527.894,0,6.844,77.13237872589129,1058.2702384371148
New Zealand 2017,Ilam,5,4,1.4587088792116158,35963.0,1349.0,0.5,indep,1.6852000649168164e-15,position logit,1,0.2631549835205078,1.00254,979.76,0,7.148,137.0677112479015,3720.8604360096883
New Zealand 2017,Ilam,5,4,1.4587088792116158,35963.0,1349.0,0.5,indep,1.6852000649168164e-15,odds-ratio logit,1,0.2356395721435547,1.00359,913.347,0,7.036,129.81054576463902,3873.5179016568486
New Zealand 2017,Ilam,5,4,1.4587088792116158,35963.0,1349.0,0.5,indep,1.6852000649168164e-15,adjusted row,1,0.3922083377838135,1.00116,1265.02,0,6.996,180.82046883933674,3224.2780733616028
New Zealand 2017,Ilam,5,4,1.4587088792116158,35963.0,1349.0,0.5,indep,1.6852000649168164e-15,adjusted table,1,0.540050745010376,1.0013,1237.95,0,6.992,177.05234553775745,2291.5703501081057
New Zealand 2017,Ilam,5,4,1.4587088792116158,35963.0,1349.0,0.5,raked,0.0,position logit,1,0.3101518154144287,1.00289,987.542,0,7.0,141.07742857142858,3182.4576387778657
New Zealand 2017,Ilam,5,4,1.4587088792116158,35963.0,1349.0,0.5,raked,0.0,odds-ratio logit,1,0.23799729347229004,1.00083,890.244,0,7.016,126.88768529076397,3739.039063302091
New Zealand 2017,Ilam,5,4,1.4587088792116158,35963.0,1349.0,0.5,raked,0.0,adjusted row,1,0.46943140029907227,1.00079,993.773,0,7.0,141.96757142857143,2116.5331379006025
New Zealand 2017,Ilam,5,4,1.4587088792116158,35963.0,1349.0,0.5,raked,0.0,adjusted table,1,0.7179591655731201,1.00088,1129.24,0,7.032,160.5858930602958,1572.5661602250025
New Zealand 2017,Ilam,5,4,1.4587088792116158,35963.0,1349.0,0.5,national,7.733557669597887,position logit,1,0.254072904586792,1.00385,871.32,0,6.984,124.75945017182131,3427.8235760754565
New Zealand 2017,Ilam,5,4,1.4587088792116158,35963.0,1349.0,0.5,national,7.733557669597887,odds-ratio logit,1,0.2848818302154541,1.00216,664.641,0,7.52,88.38311170212766,2332.2427234093816
New Zealand 2017,Ilam,5,4,1.4587088792116158,35963.0,1349.0,0.5,national,7.733557669597887,adjusted row,1,0.41642093658447266,1.00018,689.078,0,7.0,98.43971428571429,1654.3870591994357
New Zealand 2017,Ilam,5,4,1.4587088792116158,35963.0,1349.0,0.5,national,7.733557669597887,adjusted table,1,0.7224619388580322,1.00633,920.532,0,7.048,130.6089670828604,1273.9118190084187
New Zealand 2017,Ilam,5,4,1.4587088792116158,35963.0,1349.0,2.0,indep,4.213000162292041e-16,position logit,1,0.7367384433746338,1.00728,400.862,1,26.302,15.240742148886017,544.0320678515625
New Zealand 2017,Ilam,5,4,1.4587088792116158,35963.0,1349.0,2.0,indep,4.213000162292041e-16,odds-ratio logit,1,0.41156768798828125,1.01316,196.817,0,14.976,13.14216079059829,478.0913709890489
New Zealand 2017,Ilam,5,4,1.4587088792116158,35963.0,1349.0,2.0,indep,4.213000162292041e-16,adjusted row,1,0.4938797950744629,1.00428,645.04,0,8.344,77.3058485139022,1305.5361285976517
New Zealand 2017,Ilam,5,4,1.4587088792116158,35963.0,1349.0,2.0,indep,4.213000162292041e-16,adjusted table,1,0.8476083278656006,1.00591,666.512,0,10.792,61.75982209043735,786.2507762928379
New Zealand 2017,Ilam,5,4,1.4587088792116158,35963.0,1349.0,2.0,raked,0.0,position logit,1,0.7549519538879395,1.00322,414.406,0,30.408,13.628189950013153,548.8442528110927
New Zealand 2017,Ilam,5,4,1.4587088792116158,35963.0,1349.0,2.0,raked,0.0,odds-ratio logit,1,0.36284351348876953,1.01426,372.986,0,14.896,25.039339419978514,1027.5503731720516
New Zealand 2017,Ilam,5,4,1.4587088792116158,35963.0,1349.0,2.0,raked,0.0,adjusted row,1,0.5428638458251953,1.00721,571.253,0,7.248,78.81525938189846,1052.000854818704
New Zealand 2017,Ilam,5,4,1.4587088792116158,35963.0,1349.0,2.0,raked,0.0,adjusted table,1,0.937885046005249,1.00547,661.456,0,11.0,60.132363636363635,705.1915182808293
New Zealand 2017,Ilam,5,4,1.4587088792116158,35963.0,1349.0,2.0,national,1.9333894173994717,position logit,1,1.6534202098846436,1.00349,243.961,1,79.179,3.0811326235491734,147.54062310350372
New Zealand 2017,Ilam,5,4,1.4587088792116158,35963.0,1349.0,2.0,national,1.9333894173994717,odds-ratio logit,1,0.538393497467041,1.02671,128.546,0,22.96,5.59869337979094,238.65372300798032
New Zealand 2017,Ilam,5,4,1.4587088792116158,35963.0,1349.0,2.0,national,1.9333894173994717,adjusted row,1,0.4927983283996582,1.00714,563.653,0,11.384,49.51273717498243,1143.5528708936097
New Zealand 2017,Ilam,5,4,1.4587088792116158,35963.0,1349.0,2.0,national,1.9333894173994717,adjusted table,1,0.8959918022155762,1.00681,506.988,0,12.016,42.19274300932091,565.773305171072
New Zealand 2017,Tamaki Makaurau,5,3,1.5878715651326003,19777.0,1282.0,0.5,indep,0.0,position logit,1,0.2158505916595459,1.00159,919.483,0,6.992,131.5050057208238,4257.865216423389
New Zealand 2017,Tamaki Makaurau,5,3,1.5878715651326003,19777.0,1282.0,0.5,indep,0.0,odds-ratio logit,1,0.1925830841064453,1.00084,1315.86,0,6.912,190.37326388888889,6829.2378507226285
New Zealand 2017,Tamaki Makaurau,5,3,1.5878715651326003,19777.0,1282.0,0.5,indep,0.0,adjusted row,1,0.32483935356140137,1.0048,883.175,0,6.936,127.33203575547866,2717.9257087010496
New Zealand 2017,Tamaki Makaurau,5,3,1.5878715651326003,19777.0,1282.0,0.5,indep,0.0,adjusted table,1,0.49617981910705566,1.00089,1248.07,0,6.952,179.52675489067894,2514.8482997918377
New Zealand 2017,Tamaki Makaurau,5,3,1.5878715651326003,19777.0,1282.0,0.5,raked,0.0,position logit,1,0.20903420448303223,1.00203,1246.68,0,6.928,179.94803695150117,5961.232740571846
New Zealand 2017,Tamaki Makaurau,5,3,1.5878715651326003,19777.0,1282.0,0.5,raked,0.0,odds-ratio logit,1,0.20798897743225098,0.999832,1294.19,0,6.952,186.1608170310702,6218.3126642549
New Zealand 2017,Tamaki Makaurau,5,3,1.5878715651326003,19777.0,1282.0,0.5,raked,0.0,adjusted row,1,0.29735422134399414,0.999985,1558.51,0,6.948,224.31059297639607,5239.48872612144
New Zealand 2017,Tamaki Makaurau,5,3,1.5878715651326003,19777.0,1282.0,0.5,raked,0.0,adjusted table,1,0.5675551891326904,1.0004,956.62,0,6.964,137.36645605973578,1685.2240903892348
New Zealand 2017,Tamaki Makaurau,5,3,1.5878715651326003,19777.0,1282.0,0.5,national,5.871996251020605,position logit,1,0.2195596694946289,1.00196,887.729,0,6.98,127.18180515759312,4039.754424873412
New Zealand 2017,Tamaki Makaurau,5,3,1.5878715651326003,19777.0,1282.0,0.5,national,5.871996251020605,odds-ratio logit,1,0.21631264686584473,1.00146,640.292,0,7.864,81.4206510681587,2958.6867991358313
New Zealand 2017,Tamaki Makaurau,5,3,1.5878715651326003,19777.0,1282.0,0.5,national,5.871996251020605,adjusted row,1,0.3701915740966797,1.0008,798.308,0,7.008,113.91381278538813,2155.7756561829206
New Zealand 2017,Tamaki Makaurau,5,3,1.5878715651326003,19777.0,1282.0,0.5,national,5.871996251020605,adjusted table,1,0.4933359622955322,1.0033,775.95,0,6.996,110.91337907375643,1572.4285652581225
New Zealand 2017,Tamaki Makaurau,5,3,1.5878715651326003,19777.0,1282.0,2.0,indep,0.0,position logit,1,0.4303750991821289,1.00525,410.545,1,26.008,15.785335281451863,953.5871777494365
New Zealand 2017,Tamaki Makaurau,5,3,1.5878715651326003,19777.0,1282.0,2.0,indep,0.0,odds-ratio logit,1,0.27980828285217285,1.00673,212.571,0,13.864,15.332587997691864,759.4279470914163
New Zealand 2017,Tamaki Makaurau,5,3,1.5878715651326003,19777.0,1282.0,2.0,indep,0.0,adjusted row,1,0.428267240524292,1.0037,409.718,0,9.292,44.093628928110206,956.4683189255828
New Zealand 2017,Tamaki Makaurau,5,3,1.5878715651326003,19777.0,1282.0,2.0,indep,0.0,adjusted table,1,0.7082774639129639,1.00565,680.942,0,8.92,76.33878923766817,961.2235458248157
New Zealand 2017,Tamaki Makaurau,5,3,1.5878715651326003,19777.0,1282.0,2.0,raked,0.0,position logit,1,0.3147614002227783,1.00911,584.12,0,14.06,41.5448079658606,1855.16046341589
New Zealand 2017,Tamaki Makaurau,5,3,1.5878715651326003,19777.0,1282.0,2.0,raked,0.0,odds-ratio logit,1,0.40314483642578125,1.01345,305.32,0,11.84,25.78716216216216,757.081515292326
New Zealand 2017,Tamaki Makaurau,5,3,1.5878715651326003,19777.0,1282.0,2.0,raked,0.0,adjusted row,1,0.6477856636047363,1.00687,431.695,0,9.352,46.160714285714285,666.2219687298896
New Zealand 2017,Tamaki Makaurau,5,3,1.5878715651326003,19777.0,1282.0,2.0,raked,0.0,adjusted table,1,0.7567100524902344,1.00469,528.47,0,9.776,54.057896890343706,698.2880338268517
New Zealand 2017,Tamaki Makaurau,5,3,1.5878715651326003,19777.0,1282.0,2.0,national,1.4679990627551514,position logit,1,0.41725778579711914,1.00634,277.668,0,14.448,19.21843853820598,665.2242175648474
New Zealand 2017,Tamaki Makaurau,5,3,1.5878715651326003,19777.0,1282.0,2.0,national,1.4679990627551514,odds-ratio logit,1,0.3479640483856201,1.00476,364.835,0,14.848,24.571322737068964,1047.696541982041
New Zealand 2017,Tamaki Makaurau,5,3,1.5878715651326003,19777.0,1282.0,2.0,national,1.4679990627551514,adjusted row,1,0.6668739318847656,1.00398,453.247,0,12.828,35.33263174306205,679.5634710441522
New Zealand 2017,Tamaki Makaurau,5,3,1.5878715651326003,19777.0,1282.0,2.0,national,1.4679990627551514,adjusted table,1,0.7566449642181396,1.00262,456.09,0,9.876,46.181652490887,602.6981217740114
New Zealand 2017,Ikaroa-Rawhiti,5,3,1.8515257469772106,22865.0,1097.0,0.5,indep,0.0,position logit,1,0.2691376209259033,1.00044,1230.38,0,6.988,176.07040641099027,4569.8966271805275
New Zealand 2017,Ikaroa-Rawhiti,5,3,1.8515257469772106,22865.0,1097.0,0.5,indep,0.0,odds-ratio logit,1,0.2314777374267578,1.00081,1038.4,0,7.016,148.00456100342078,4482.986945978105
New Zealand 2017,Ikaroa-Rawhiti,5,3,1.8515257469772106,22865.0,1097.0,0.5,indep,0.0,adjusted row,1,0.35572361946105957,1.00042,1426.86,0,6.868,207.7548048922539,4010.0135720751655
New Zealand 2017,Ikaroa-Rawhiti,5,3,1.8515257469772106,22865.0,1097.0,0.5,indep,0.0,adjusted table,1,0.48767757415771484,1.00238,1215.4,0,6.956,174.72685451408856,2491.6442270818175
New Zealand 2017,Ikaroa-Rawhiti,5,3,1.8515257469772106,22865.0,1097.0,0.5,raked,0.0,position logit,1,0.17888092994689941,1.00436,1042.55,0,6.988,149.1914710933028,5821.629735663171
New Zealand 2017,Ikaroa-Rawhiti,5,3,1.8515257469772106,22865.0,1097.0,0.5,raked,0.0,odds-ratio logit,1,0.26685142517089844,0.999468,931.213,0,6.936,134.25792964244522,3488.3469124347575
New Zealand 2017,Ikaroa-Rawhiti,5,3,1.8515257469772106,22865.0,1097.0,0.5,raked,0.0,adjusted row,1,0.30581212043762207,1.00115,1119.94,0,6.924,161.7475447718082,3660.168556937762
New Zealand 2017,Ikaroa-Rawhiti,5,3,1.8515257469772106,22865.0,1097.0,0.5,raked,0.0,adjusted table,1,0.5026049613952637,0.999695,960.58,0,6.984,137.5400916380298,1910.503135035683
New Zealand 2017,Ikaroa-Rawhiti,5,3,1.8515257469772106,22865.0,1097.0,0.5,national,7.041082256004929,position logit,1,0.21988892555236816,1.00205,686.992,0,6.992,98.25400457665903,3122.893563654847
New Zealand 2017,Ikaroa-Rawhiti,5,3,1.8515257469772106,22865.0,1097.0,0.5,national,7.041082256004929,odds-ratio logit,1,0.2034902572631836,1.00022,620.35,0,7.068,87.76881720430109,3046.18975392227
New Zealand 2017,Ikaroa-Rawhiti,5,3,1.8515257469772106,22865.0,1097.0,0.5,national,7.041082256004929,adjusted row,1,0.4029872417449951,1.00123,860.677,0,6.968,123.5185132032147,2135.234719252265
New Zealand 2017,Ikaroa-Rawhiti,5,3,1.8515257469772106,22865.0,1097.0,0.5,national,7.041082256004929,adjusted table,1,0.6657006740570068,1.00237,835.185,0,7.008,119.17594178082192,1254.3550496690282
New Zealand 2017,Ikaroa-Rawhiti,5,3,1.8515257469772106,22865.0,1097.0,2.0,indep,0.0,position logit,1,0.3215618133544922,1.00699,563.114,0,14.728,38.23424769147203,1750.3615061458675
New Zealand 2017,Ikaroa-Rawhiti,5,3,1.8515257469772106,22865.0,1097.0,2.0,indep,0.0,odds-ratio logit,1,0.37006402015686035,1.00583,275.854,0,18.212,15.146826268394465,745.2226431384723
New Zealand 2017,Ikaroa-Rawhiti,5,3,1.8515257469772106,22865.0,1097.0,2.0,indep,0.0,adjusted row,1,0.3209223747253418,1.00299,684.952,0,7.048,97.1838819523269,2133.6477204189914
New Zealand 2017,Ikaroa-Rawhiti,5,3,1.8515257469772106,22865.0,1097.0,2.0,indep,0.0,adjusted table,1,0.6983194351196289,1.00345,758.173,0,7.344,103.2370642701525,1085.5570571755993
New Zealand 2017,Ikaroa-Rawhiti,5,3,1.8515257469772106,22865.0,1097.0,2.0,raked,0.0,position logit,1,0.2694411277770996,1.00516,547.115,0,7.392,74.0144751082251,2029.730511906752
New Zealand 2017,Ikaroa-Rawhiti,5,3,1.8515257469772106,22865.0,1097.0,2.0,raked,0.0,odds-ratio logit,1,0.24533438682556152,1.00286,432.453,0,9.424,45.88847623089983,1761.6453201661182
New Zealand 2017,Ikaroa-Rawhiti,5,3,1.8515257469772106,22865.0,1097.0,2.0,raked,0.0,adjusted row,1,0.3537125587463379,1.00285,601.182,0,7.024,85.58969248291572,1699.1441189105706
New Zealand 2017,Ikaroa-Rawhiti,5,3,1.8515257469772106,22865.0,1097.0,2.0,raked,0.0,adjusted table,1,0.693842887878418,1.00522,763.652,0,7.244,105.41855328547764,1100.2081362820254
New Zealand 2017,Ikaroa-Rawhiti,5,3,1.8515257469772106,22865.0,1097.0,2.0,national,1.7602705640012322,position logit,1,0.43871188163757324,1.0025,460.494,0,14.636,31.46310467340804,1049.3821319565068
New Zealand 2017,Ikaroa-Rawhiti,5,3,1.8515257469772106,22865.0,1097.0,2.0,national,1.7602705640012322,odds-ratio logit,1,0.2922952175140381,1.00497,527.893,1,14.311,36.887219621270354,1805.4377506651717
New Zealand 2017,Ikaroa-Rawhiti,5,3,1.8515257469772106,22865.0,1097.0,2.0,national,1.7602705640012322,adjusted row,1,0.43010830879211426,1.00146,707.732,0,7.144,99.0666293393057,1644.9167903465334
New Zealand 2017,Ikaroa-Rawhiti,5,3,1.8515257469772106,22865.0,1097.0,2.0,national,1.7602705640012322,adjusted table,1,0.7177114486694336,1.00401,698.24,0,8.184,85.31769305962855,972.6435909386945
New Zealand 2017,North Shore,5,4,0.8220169241539135,39439.0,1722.0,0.5,indep,1.0509068785146553e-15,position logit,2,0.25973010063171387,1.00253,753.519,0,7.028,107.21670461013092,2899.7881057084896
New Zealand 2017,North Shore,5,4,0.8220169241539135,39439.0,1722.0,0.5,indep,1.0509068785146553e-15,odds-ratio logit,2,0.2739102840423584,1.00167,645.63,0,7.664,84.2419102296451,2356.222214457001
New Zealand 2017,North Shore,5,4,0.8220169241539135,39439.0,1722.0,0.5,indep,1.0509068785146553e-15,adjusted row,2,0.46611952781677246,1.00057,1140.74,0,6.992,163.14931350114418,2446.5375708121937
New Zealand 2017,North Shore,5,4,0.8220169241539135,39439.0,1722.0,0.5,indep,1.0509068785146553e-15,adjusted table,2,0.7313311100006104,1.00125,1388.75,0,7.0,198.39285714285714,1898.528031519366
New Zealand 2017,North Shore,5,4,0.8220169241539135,39439.0,1722.0,0.5,raked,0.0,position logit,2,0.3291797637939453,1.00125,837.077,0,7.064,118.49900906002264,2542.1258331400104
New Zealand 2017,North Shore,5,4,0.8220169241539135,39439.0,1722.0,0.5,raked,0.0,odds-ratio logit,2,0.3454406261444092,1.00395,591.101,0,8.264,71.52722652468539,1710.634841652637
New Zealand 2017,North Shore,5,4,0.8220169241539135,39439.0,1722.0,0.5,raked,0.0,adjusted row,2,0.6225054264068604,1.00139,974.515,0,6.988,139.4554951345163,1565.0892637202405
New Zealand 2017,North Shore,5,4,0.8220169241539135,39439.0,1722.0,0.5,raked,0.0,adjusted table,2,0.8602254390716553,1.00259,1121.89,0,7.0,160.27,1303.9746547252564
New Zealand 2017,North Shore,5,4,0.8220169241539135,39439.0,1722.0,0.5,national,4.132033715335657,position logit,2,0.35846662521362305,1.00202,726.214,0,9.464,76.7343617920541,2025.160090060237
New Zealand 2017,North Shore,5,4,0.8220169241539135,39439.0,1722.0,0.5,national,4.132033715335657,odds-ratio logit,2,0.3596177101135254,1.01102,630.068,0,8.512,74.02114661654134,1751.504811837104
New Zealand 2017,North Shore,5,4,0.8220169241539135,39439.0,1722.0,0.5,national,4.132033715335657,adjusted row,2,0.4635767936706543,1.00222,925.0,0,7.016,131.84150513112886,1994.9183646500655
New Zealand 2017,North Shore,5,4,0.8220169241539135,39439.0,1722.0,0.5,national,4.132033715335657,adjusted table,2,0.7776880264282227,1.00187,751.48,0,6.988,107.53863766456783,966.1134807830829
New Zealand 2017,North Shore,5,4,0.8220169241539135,39439.0,1722.0,2.0,indep,2.6272671962866383e-16,position logit,2,1.2168350219726562,1.00632,482.108,1,46.476,10.373267923229195,396.167666175761
New Zealand 2017,North Shore,5,4,0.8220169241539135,39439.0,1722.0,2.0,indep,2.6272671962866383e-16,odds-ratio logit,2,0.45226097106933594,1.00482,309.46,0,15.504,19.96001031991744,683.9347495227361
New Zealand 2017,North Shore,5,4,0.8220169241539135,39439.0,1722.0,2.0,indep,2.6272671962866383e-16,adjusted row,2,0.5798325538635254,1.00326,575.168,0,7.864,73.13936927772126,991.7127155766963
New Zealand 2017,North Shore,5,4,0.8220169241539135,39439.0,1722.0,2.0,indep,2.6272671962866383e-16,adjusted table,2,0.94431471824646,1.00388,607.922,0,11.064,54.94595083152567,643.702935501453
New Zealand 2017,North Shore,5,4,0.8220169241539135,39439.0,1722.0,2.0,raked,0.0,position logit,2,2.2810025215148926,1.01226,350.732,0,100.418,3.492720428608417,153.7422242496234
New Zealand 2017,North Shore,5,4,0.8220169241539135,39439.0,1722.0,2.0,raked,0.0,odds-ratio logit,2,1.2974748611450195,1.00549,327.049,0,48.24,6.779622719734659,252.03455521270962
New Zealand 2017,North Shore,5,4,0.8220169241539135,39439.0,1722.0,2.0,raked,0.0,adjusted row,2,0.7402606010437012,1.00368,557.591,0,14.848,37.553273168103445,753.1332416827736
New Zealand 2017,North Shore,5,4,0.8220169241539135,39439.0,1722.0,2.0,raked,0.0,adjusted table,2,0.9469461441040039,1.00662,466.945,0,9.76,47.84272540983606,493.0549148241286
New Zealand 2017,North Shore,5,4,0.8220169241539135,39439.0,1722.0,2.0,national,1.0330084288339143,position logit,2,2.4884626865386963,1.00779,359.617,1,106.649,3.371967857176345,144.5076419846006
New Zealand 2017,North Shore,5,4,0.8220169241539135,39439.0,1722.0,2.0,national,1.0330084288339143,odds-ratio logit,2,1.1118321418762207,1.01464,222.706,1,30.05,7.411181364392679,200.27556837834527
New Zealand 2017,North Shore,5,4,0.8220169241539135,39439.0,1722.0,2.0,national,1.0330084288339143,adjusted row,2,0.7258689403533936,1.00585,482.776,0,14.192,34.01747463359639,665.0112261891508
New Zealand 2017,North Shore,5,4,0.8220169241539135,39439.0,1722.0,2.0,national,1.0330084288339143,adjusted table,2,0.8964779376983643,1.00183,568.374,0,8.944,63.54807692307692,633.8950113131087
New Zealand 2017,Papakura,5,4,1.0525116655929572,37028.0,1050.0,0.5,indep,5.2545343925732775e-16,position logit,2,0.3766613006591797,1.00207,838.681,0,7.216,116.22519401330378,2225.8928406381638
New Zealand 2017,Papakura,5,4,1.0525116655929572,37028.0,1050.0,0.5,indep,5.2545343925732775e-16,odds-ratio logit,2,0.37535691261291504,1.00381,604.05,0,10.104,59.783254156769594,1608.6624315376828
New Zealand 2017,Papakura,5,4,1.0525116655929572,37028.0,1050.0,0.5,indep,5.2545343925732775e-16,adjusted row,2,0.45280981063842773,1.00118,1169.69,0,6.996,167.19411092052601,2582.61869419194
New Zealand 2017,Papakura,5,4,1.0525116655929572,37028.0,1050.0,0.5,indep,5.2545343925732775e-16,adjusted table,2,0.6614177227020264,1.00169,944.915,0,6.992,135.14230549199084,1428.3997368140313
New Zealand 2017,Papakura,5,4,1.0525116655929572,37028.0,1050.0,0.5,raked,0.0,position logit,2,0.3667919635772705,1.00562,749.559,0,11.632,64.43939133425035,2043.0209755256888
New Zealand 2017,Papakura,5,4,1.0525116655929572,37028.0,1050.0,0.5,raked,0.0,odds-ratio logit,2,0.24709105491638184,1.00385,688.833,0,7.504,91.79544243070363,2782.764861685989
New Zealand 2017,Papakura,5,4,1.0525116655929572,37028.0,1050.0,0.5,raked,0.0,adjusted row,2,0.36513805389404297,1.00242,1038.05,0,6.996,148.37764436821038,2842.052976229719
New Zealand 2017,Papakura,5,4,1.0525116655929572,37028.0,1050.0,0.5,raked,0.0,adjusted table,2,0.6745164394378662,0.999731,1294.29,0,7.0,184.89857142857142,1918.301566565592
New Zealand 2017,Papakura,5,4,1.0525116655929572,37028.0,1050.0,0.5,national,3.912275847940716,position logit,2,0.3646581172943115,1.00324,864.873,0,13.28,65.12597891566266,2370.6113354101685
New Zealand 2017,Papakura,5,4,1.0525116655929572,37028.0,1050.0,0.5,national,3.912275847940716,odds-ratio logit,2,0.27979588508605957,1.0036,528.31,0,8.292,63.713217559093096,1887.1494286242303
New Zealand 2017,Papakura,5,4,1.0525116655929572,37028.0,1050.0,0.5,national,3.912275847940716,adjusted row,2,0.38781285285949707,1.00224,727.809,0,7.216,100.8604490022173,1875.927746698163
New Zealand 2017,Papakura,5,4,1.0525116655929572,37028.0,1050.0,0.5,national,3.912275847940716,adjusted table,2,0.6925256252288818,1.00352,955.137,0,6.996,136.52615780445967,1379.0002274096494
New Zealand 2017,Papakura,5,4,1.0525116655929572,37028.0,1050.0,2.0,indep,1.3136335981433194e-16,position logit,2,1.1097455024719238,1.00688,354.148,2,55.363,6.396835431605947,319.09484504418424
New Zealand 2017,Papakura,5,4,1.0525116655929572,37028.0,1050.0,2.0,indep,1.3136335981433194e-16,odds-ratio logit,2,0.6155703067779541,1.01229,286.852,0,27.592,10.3962017976225,465.91917796168764
New Zealand 2017,Papakura,5,4,1.0525116655929572,37028.0,1050.0,2.0,indep,1.3136335981433194e-16,adjusted row,2,0.5330743789672852,1.00456,724.176,0,10.544,68.68133535660091,1358.2405352016692
New Zealand 2017,Papakura,5,4,1.0525116655929572,37028.0,1050.0,2.0,indep,1.3136335981433194e-16,adjusted table,2,0.9169821739196777,1.00352,615.243,0,11.144,55.20845297918163,670.8134861317558
New Zealand 2017,Papakura,5,4,1.0525116655929572,37028.0,1050.0,2.0,raked,0.0,position logit,2,2.8073806762695312,1.00637,360.68,1,150.216,2.4010757842040795,128.47113450900267
New Zealand 2017,Papakura,5,4,1.0525116655929572,37028.0,1050.0,2.0,raked,0.0,odds-ratio logit,2,0.739504337310791,1.03063,103.146,0,25.84,3.99171826625387,139.4519022270043
New Zealand 2017,Papakura,5,4,1.0525116655929572,37028.0,1050.0,2.0,raked,0.0,adjusted row,2,0.8191177845001221,1.0047,344.914,0,14.48,23.82002762430939,420.9989817084651
New Zealand 2017,Papakura,5,4,1.0525116655929572,37028.0,1050.0,2.0,raked,0.0,adjusted table,2,1.122253656387329,1.00902,501.563,0,10.24,48.980761718749996,446.8631007287387
New Zealand 2017,Papakura,5,4,1.0525116655929572,37028.0,1050.0,2.0,national,0.978068961985179,position logit,2,2.5238585472106934,1.00295,419.147,1,124.609,3.363697646237431,166.0623101545279
New Zealand 2017,Papakura,5,4,1.0525116655929572,37028.0,1050.0,2.0,national,0.978068961985179,odds-ratio logit,2,0.9643700122833252,1.01046,231.597,0,45.216,5.122014331210191,240.1296882869231
New Zealand 2017,Papakura,5,4,1.0525116655929572,37028.0,1050.0,2.0,national,0.978068961985179,adjusted row,2,0.7787418365478516,1.00521,390.583,0,14.784,26.419304653679653,501.49228341034285
New Zealand 2017,Papakura,5,4,1.0525116655929572,37028.0,1050.0,2.0,national,0.978068961985179,adjusted table,2,1.0154523849487305,1.00327,549.228,0,10.336,53.13738390092879,540.8168064538469
New Zealand 2017,Hauraki-Waikato,5,2,1.3422098204583117,22232.0,1145.0,0.5,indep,0.0,position logit,2,0.2059624195098877,1.00086,1234.54,0,6.748,182.94902193242442,5991.301288340647
New Zealand 2017,Hauraki-Waikato,5,2,1.3422098204583117,22232.0,1145.0,0.5,indep,0.0,odds-ratio logit,2,0.15505433082580566,1.00187,919.782,0,6.712,137.0354588796186,5926.685165990709
New Zealand 2017,Hauraki-Waikato,5,2,1.3422098204583117,22232.0,1145.0,0.5,indep,0.0,adjusted row,2,0.2994709014892578,1.00093,1464.34,0,6.696,218.68876941457586,4887.267026462706
New Zealand 2017,Hauraki-Waikato,5,2,1.3422098204583117,22232.0,1145.0,0.5,indep,0.0,adjusted table,2,0.45420360565185547,1.00101,1250.82,0,6.768,184.81382978723403,2752.6339305125534
New Zealand 2017,Hauraki-Waikato,5,2,1.3422098204583117,22232.0,1145.0,0.5,raked,0.0,position logit,2,0.22047114372253418,1.00096,953.348,0,6.736,141.53028503562945,4320.056493043949
New Zealand 2017,Hauraki-Waikato,5,2,1.3422098204583117,22232.0,1145.0,0.5,raked,0.0,odds-ratio logit,2,0.22140145301818848,1.00224,1191.54,0,6.716,177.4181060154854,5375.960444862769
New Zealand 2017,Hauraki-Waikato,5,2,1.3422098204583117,22232.0,1145.0,0.5,raked,0.0,adjusted row,2,0.2617194652557373,1.00005,1097.12,0,6.888,159.27990708478512,4188.485810216958
New Zealand 2017,Hauraki-Waikato,5,2,1.3422098204583117,22232.0,1145.0,0.5,raked,0.0,adjusted table,2,0.48041367530822754,1.00165,1039.21,0,6.732,154.36868686868686,2162.582389915139
New Zealand 2017,Hauraki-Waikato,5,2,1.3422098204583117,22232.0,1145.0,0.5,national,3.7019728987941374,position logit,2,0.21099090576171875,1.00094,966.698,0,6.68,144.71526946107784,4577.979956860266
New Zealand 2017,Hauraki-Waikato,5,2,1.3422098204583117,22232.0,1145.0,0.5,national,3.7019728987941374,odds-ratio logit,2,0.2143862247467041,1.00451,887.692,0,6.84,129.7795321637427,4137.252558099325
New Zealand 2017,Hauraki-Waikato,5,2,1.3422098204583117,22232.0,1145.0,0.5,national,3.7019728987941374,adjusted row,2,0.34908056259155273,1.00061,1007.47,0,6.6,152.6469696969697,2884.8417711971556
New Zealand 2017,Hauraki-Waikato,5,2,1.3422098204583117,22232.0,1145.0,0.5,national,3.7019728987941374,adjusted table,2,0.44611597061157227,1.00039,606.018,0,6.752,89.75385071090048,1358.1281331934147
New Zealand 2017,Hauraki-Waikato,5,2,1.3422098204583117,22232.0,1145.0,2.0,indep,0.0,position logit,2,0.1717071533203125,1.00183,935.929,0,6.916,135.32807981492192,5447.581415160531
New Zealand 2017,Hauraki-Waikato,5,2,1.3422098204583117,22232.0,1145.0,2.0,indep,0.0,odds-ratio logit,2,0.16240215301513672,1.00276,661.68,0,7.516,88.03618946248004,4071.9271071620356
New Zealand 2017,Hauraki-Waikato,5,2,1.3422098204583117,22232.0,1145.0,2.0,indep,0.0,adjusted row,2,0.313138484954834,1.002,641.967,0,6.96,92.23663793103448,2048.920111560406
New Zealand 2017,Hauraki-Waikato,5,2,1.3422098204583117,22232.0,1145.0,2.0,indep,0.0,adjusted table,2,0.5529844760894775,1.00031,899.541,0,6.908,130.21728430804865,1626.0549954850821
New Zealand 2017,Hauraki-Waikato,5,2,1.3422098204583117,22232.0,1145.0,2.0,raked,0.0,position logit,2,0.37287020683288574,1.00958,479.805,0,18.076,26.54375968134543,1286.2363915679514
New Zealand 2017,Hauraki-Waikato,5,2,1.3422098204583117,22232.0,1145.0,2.0,raked,0.0,odds-ratio logit,2,0.2492823600769043,1.05655,46.4256,0,11.432,4.061021693491953,185.78620591907475
New Zealand 2017,Hauraki-Waikato,5,2,1.3422098204583117,22232.0,1145.0,2.0,raked,0.0,adjusted row,2,0.48635172843933105,1.00699,391.405,0,11.356,34.466801690736176,804.6025204094785
New Zealand 2017,Hauraki-Waikato,5,2,1.3422098204583117,22232.0,1145.0,2.0,raked,0.0,adjusted table,2,0.52091383934021,1.00158,666.018,0,6.892,96.63639001741149,1278.1211161850938
New Zealand 2017,Hauraki-Waikato,5,2,1.3422098204583117,22232.0,1145.0,2.0,national,0.9254932246985343,position logit,2,0.5034172534942627,1.00505,506.512,0,20.312,24.936589208349744,1005.9511934758182
New Zealand 2017,Hauraki-Waikato,5,2,1.3422098204583117,22232.0,1145.0,2.0,national,0.9254932246985343,odds-ratio logit,2,0.18673396110534668,1.0047,480.133,0,12.064,39.79882294429708,2569.5704619404887
New Zealand 2017,Hauraki-Waikato,5,2,1.3422098204583117,22232.0,1145.0,2.0,national,0.9254932246985343,adjusted row,2,0.4501614570617676,1.00777,479.591,0,11.5,41.70356521739131,1064.9891543059903
New Zealand 2017,Hauraki-Waikato,5,2,1.3422098204583117,22232.0,1145.0,2.0,national,0.9254932246985343,adjusted table,2,0.4383389949798584,1.00673,681.534,0,7.148,95.34611080022384,1554.4653738908662
New Zealand 2017,Ilam,5,4,1.4587088792116158,35963.0,1349.0,0.5,indep,1.6852000649168164e-15,position logit,2,0.3088264465332031,1.00224,1045.06,0,6.992,149.46510297482837,3382.906290124409
New Zealand 2017,Ilam,5,4,1.4587088792116158,35963.0,1349.0,0.5,indep,1.6852000649168164e-15,odds-ratio logit,2,0.24817919731140137,1.00216,1177.07,0,7.0,168.15285714285713,4739.972454220331
New Zealand 2017,Ilam,5,4,1.4587088792116158,35963.0,1349.0,0.5,indep,1.6852000649168164e-15,adjusted row,2,0.4060227870941162,1.00302,1002.45,0,6.988,143.45306239267316,2468.3007675685135
New Zealand 2017,Ilam,5,4,1.4587088792116158,35963.0,1349.0,0.5,indep,1.6852000649168164e-15,adjusted table,2,0.6583828926086426,1.00161,891.983,0,7.0,127.42614285714285,1354.5459783156662
New Zealand 2017,Ilam,5,4,1.4587088792116158,35963.0,1349.0,0.5,raked,0.0,position logit,2,0.21904468536376953,1.00078,951.375,0,6.996,135.98842195540308,4341.175002284625
New Zealand 2017,Ilam,5,4,1.4587088792116158,35963.0,1349.0,0.5,raked,0.0,odds-ratio logit,2,0.26710033416748047,1.00264,924.417,0,6.968,132.6660447761194,3458.931602390475
New Zealand 2017,Ilam,5,4,1.4587088792116158,35963.0,1349.0,0.5,raked,0.0,adjusted row,2,0.41454267501831055,1.00229,879.499,0,7.0,125.64271428571429,2120.883251632251
New Zealand 2017,Ilam,5,4,1.4587088792116158,35963.0,1349.0,0.5,raked,0.0,adjusted table,2,0.8516714572906494,1.00186,843.735,0,7.0,120.53357142857143,990.5604133230514
New Zealand 2017,Ilam,5,4,1.4587088792116158,35963.0,1349.0,0.5,national,7.733557669597887,position logit,2,0.33638858795166016,1.00424,838.945,0,7.012,119.64418140330862,2493.01988603266
New Zealand 2017,Ilam,5,4,1.4587088792116158,35963.0,1349.0,0.5,national,7.733557669597887,odds-ratio logit,2,0.35681772232055664,1.00246,698.96,0,7.144,97.8387458006719,1957.6561178633365
New Zealand 2017,Ilam,5,4,1.4587088792116158,35963.0,1349.0,0.5,national,7.733557669597887,adjusted row,2,0.40756916999816895,1.00461,839.501,0,7.004,119.86022272986865,2059.2864404146503
New Zealand 2017,Ilam,5,4,1.4587088792116158,35963.0,1349.0,0.5,national,7.733557669597887,adjusted table,2,0.9253871440887451,1.00166,863.949,0,7.04,122.7200284090909,933.4518493654696
New Zealand 2017,Ilam,5,4,1.4587088792116158,35963.0,1349.0,2.0,indep,4.213000162292041e-16,position logit,2,0.8002169132232666,1.00576,611.348,0,30.392,20.115425111871545,763.8756655268913
New Zealand 2017,Ilam,5,4,1.4587088792116158,35963.0,1349.0,2.0,indep,4.213000162292041e-16,odds-ratio logit,2,0.36020445823669434,1.00379,411.845,0,13.512,30.479943753700415,1142.7276642130548
New Zealand 2017,Ilam,5,4,1.4587088792116158,35963.0,1349.0,2.0,indep,4.213000162292041e-16,adjusted row,2,0.43450427055358887,1.0035,783.245,0,7.776,100.72595164609054,1802.1912850147623
New Zealand 2017,Ilam,5,4,1.4587088792116158,35963.0,1349.0,2.0,indep,4.213000162292041e-16,adjusted table,2,0.9115517139434814,1.00508,696.067,0,11.84,58.78944256756757,763.523029357614
New Zealand 2017,Ilam,5,4,1.4587088792116158,35963.0,1349.0,2.0,raked,0.0,position logit,2,0.6611216068267822,1.01031,303.761,0,23.496,12.92820054477358,459.39371007339827
New Zealand 2017,Ilam,5,4,1.4587088792116158,35963.0,1349.0,2.0,raked,0.0,odds-ratio logit,2,0.3931877613067627,1.00202,504.267,0,14.616,34.501026272577995,1282.157208325402
New Zealand 2017,Ilam,5,4,1.4587088792116158,35963.0,1349.0,2.0,raked,0.0,adjusted row,2,0.5205507278442383,1.00196,555.907,0,7.48,74.31911764705882,1067.7233283486405
New Zealand 2017,Ilam,5,4,1.4587088792116158,35963.0,1349.0,2.0,raked,0.0,adjusted table,2,0.968562126159668,1.00368,570.396,0,10.832,52.65841949778434,588.8416655387412
New Zealand 2017,Ilam,5,4,1.4587088792116158,35963.0,1349.0,2.0,national,1.9333894173994717,position logit,2,1.3847689628601074,1.01525,370.973,1,47.391,7.827920913253572,267.85773651061163
New Zealand 2017,Ilam,5,4,1.4587088792116158,35963.0,1349.0,2.0,national,1.9333894173994717,odds-ratio logit,2,0.8877966403961182,1.01565,266.659,0,56.128,4.750908637400228,300.32601302859524
New Zealand 2017,Ilam,5,4,1.4587088792116158,35963.0,1349.0,2.0,national,1.9333894173994717,adjusted row,2,0.5694525241851807,1.00523,446.711,0,9.768,45.732084357084354,784.3246293813786
New Zealand 2017,Ilam,5,4,1.4587088792116158,35963.0,1349.0,2.0,national,1.9333894173994717,adjusted table,2,1.1671984195709229,1.00573,474.522,0,10.936,43.39081931236284,406.476355031384
New Zealand 2017,Tamaki Makaurau,5,3,1.5878715651326003,19777.0,1282.0,0.5,indep,0.0,position logit,2,0.26308512687683105,1.00237,1327.88,0,6.944,191.22695852534565,5045.391861942141
New Zealand 2017,Tamaki Makaurau,5,3,1.5878715651326003,19777.0,1282.0,0.5,indep,0.0,odds-ratio logit,2,0.26436853408813477,1.00268,1335.39,0,6.952,192.087169159954,5048.56238789073
New Zealand 2017,Tamaki Makaurau,5,3,1.5878715651326003,19777.0,1282.0,0.5,indep,0.0,adjusted row,2,0.45856785774230957,1.00062,992.166,0,6.9,143.79217391304348,2163.1553538799817
New Zealand 2017,Tamaki Makaurau,5,3,1.5878715651326003,19777.0,1282.0,0.5,indep,0.0,adjusted table,2,0.5264849662780762,1.00087,1346.05,0,6.976,192.95441513761466,2555.808617623026
New Zealand 2017,Tamaki Makaurau,5,3,1.5878715651326003,19777.0,1282.0,0.5,raked,0.0,position logit,2,0.22172117233276367,1.00135,987.129,0,6.96,141.82887931034483,4448.650640455317
New Zealand 2017,Tamaki Makaurau,5,3,1.5878715651326003,19777.0,1282.0,0.5,raked,0.0,odds-ratio logit,2,0.2971160411834717,0.999929,1138.34,0,6.964,163.4606547960942,3829.109961977918
New Zealand 2017,Tamaki Makaurau,5,3,1.5878715651326003,19777.0,1282.0,0.5,raked,0.0,adjusted row,2,0.3492696285247803,1.0026,1246.8,0,6.968,178.93226176808267,3568.22235480675
New Zealand 2017,Tamaki Makaurau,5,3,1.5878715651326003,19777.0,1282.0,0.5,raked,0.0,adjusted table,2,0.6588642597198486,1.00013,1093.13,0,6.94,157.51152737752162,1658.6888536395747
New Zealand 2017,Tamaki Makaurau,5,3,1.5878715651326003,19777.0,1282.0,0.5,national,5.871996251020605,position logit,2,0.26303839683532715,1.00313,633.751,0,6.972,90.89945496270796,2408.3895420176823
New Zealand 2017,Tamaki Makaurau,5,3,1.5878715651326003,19777.0,1282.0,0.5,national,5.871996251020605,odds-ratio logit,2,0.2522759437561035,1.00173,644.222,0,7.024,91.71725512528474,2552.5305658777497
New Zealand 2017,Tamaki Makaurau,5,3,1.5878715651326003,19777.0,1282.0,0.5,national,5.871996251020605,adjusted row,2,0.4966275691986084,1.00419,801.972,0,6.944,115.49135944700461,1614.3661838777161
New Zealand 2017,Tamaki Makaurau,5,3,1.5878715651326003,19777.0,1282.0,0.5,national,5.871996251020605,adjusted table,2,0.7960159778594971,1.00058,882.075,0,6.98,126.371776504298,1107.904783134962
New Zealand 2017,Tamaki Makaurau,5,3,1.5878715651326003,19777.0,1282.0,2.0,indep,0.0,position logit,2,0.3861100673675537,1.00301,388.377,0,14.404,26.963135240211052,1005.5160565098903
New Zealand 2017,Tamaki Makaurau,5,3,1.5878715651326003,19777.0,1282.0,2.0,indep,0.0,odds-ratio logit,2,0.3149912357330322,1.0074,472.982,0,13.672,34.59493856056173,1501.07656563648
New Zealand 2017,Tamaki Makaurau,5,3,1.5878715651326003,19777.0,1282.0,2.0,indep,0.0,adjusted row,2,0.6232407093048096,1.00176,586.613,0,10.808,54.27581421169505,941.0689549555959
New Zealand 2017,Tamaki Makaurau,5,3,1.5878715651326003,19777.0,1282.0,2.0,indep,0.0,adjusted table,2,0.7434005737304688,1.00448,523.739,0,7.412,70.66095520777118,704.4189336286904
New Zealand 2017,Tamaki Makaurau,5,3,1.5878715651326003,19777.0,1282.0,2.0,raked,0.0,position logit,2,0.33624911308288574,1.0039,517.32,0,13.432,38.513996426444315,1538.0583391671594
New Zealand 2017,Tamaki Makaurau,5,3,1.5878715651326003,19777.0,1282.0,2.0,raked,0.0,odds-ratio logit,2,0.3889009952545166,1.00734,272.246,0,13.384,20.341153616258218,699.7926677125823
New Zealand 2017,Tamaki Makaurau,5,3,1.5878715651326003,19777.0,1282.0,2.0,raked,0.0,adjusted row,2,0.5256478786468506,1.02793,69.808,0,8.82,7.914739229024944,132.75700537791153
New Zealand 2017,Tamaki Makaurau,5,3,1.5878715651326003,19777.0,1282.0,2.0,raked,0.0,adjusted table,2,0.8172221183776855,1.00384,563.417,0,9.04,62.32488938053098,689.3349344217345
New Zealand 2017,Tamaki Makaurau,5,3,1.5878715651326003,19777.0,1282.0,2.0,national,1.4679990627551514,position logit,2,0.47993993759155273,1.0052,342.739,0,22.64,15.13864840989399,713.8845989979654
New Zealand 2017,Tamaki Makaurau,5,3,1.5878715651326003,19777.0,1282.0,2.0,national,1.4679990627551514,odds-ratio logit,2,0.32441139221191406,1.00792,292.627,0,15.08,19.40497347480106,901.746747744286
New Zealand 2017,Tamaki Makaurau,5,3,1.5878715651326003,19777.0,1282.0,2.0,national,1.4679990627551514,adjusted row,2,0.4448392391204834,1.00506,318.212,0,11.696,27.206908344733243,715.1729150614259
New Zealand 2017,Tamaki Makaurau,5,3,1.5878715651326003,19777.0,1282.0,2.0,national,1.4679990627551514,adjusted table,2,0.6409404277801514,1.00324,460.67,0,9.104,50.600834797891046,718.6319455083598
New Zealand 2017,Ikaroa-Rawhiti,5,3,1.8515257469772106,22865.0,1097.0,0.5,indep,0.0,position logit,2,0.2809603214263916,1.00004,1138.17,0,6.964,163.43624353819644,4049.5970056012648
New Zealand 2017,Ikaroa-Rawhiti,5,3,1.8515257469772106,22865.0,1097.0,0.5,indep,0.0,odds-ratio logit,2,0.23328447341918945,1.00322,1182.45,0,6.988,169.21150543789352,5066.5812266313615
New Zealand 2017,Ikaroa-Rawhiti,5,3,1.8515257469772106,22865.0,1097.0,0.5,indep,0.0,adjusted row,2,0.37541890144348145,1.00035,1461.19,0,6.868,212.7533488642982,3891.1432032872985
New Zealand 2017,Ikaroa-Rawhiti,5,3,1.8515257469772106,22865.0,1097.0,0.5,indep,0.0,adjusted table,2,0.5577762126922607,0.999949,1462.39,0,6.956,210.2343300747556,2621.30892469511
New Zealand 2017,Ikaroa-Rawhiti,5,3,1.8515257469772106,22865.0,1097.0,0.5,raked,0.0,position logit,2,0.2049415111541748,0.999785,1284.01,0,6.968,184.27238805970148,6262.038304613338
New Zealand 2017,Ikaroa-Rawhiti,5,3,1.8515257469772106,22865.0,1097.0,0.5,raked,0.0,odds-ratio logit,2,0.2003324031829834,1.00236,1075.33,0,7.004,153.53083952027413,5364.925787884771
New Zealand 2017,Ikaroa-Rawhiti,5,3,1.8515257469772106,22865.0,1097.0,0.5,raked,0.0,adjusted row,2,0.3239617347717285,1.00161,1242.07,0,6.94,178.97262247838614,3832.6962224803697
New Zealand 2017,Ikaroa-Rawhiti,5,3,1.8515257469772106,22865.0,1097.0,0.5,raked,0.0,adjusted table,2,0.572357177734375,1.00278,1111.57,0,6.944,160.07632488479263,1941.560930963946
New Zealand 2017,Ikaroa-Rawhiti,5,3,1.8515257469772106,22865.0,1097.0,0.5,national,7.041082256004929,position logit,2,0.21322369575500488,1.00156,507.179,0,6.94,73.08054755043227,2376.907082370267
New Zealand 2017,Ikaroa-Rawhiti,5,3,1.8515257469772106,22865.0,1097.0,0.5,national,7.041082256004929,odds-ratio logit,2,0.23729872703552246,1.00069,394.644,0,7.22,54.65983379501385,1662.0230034229348
New Zealand 2017,Ikaroa-Rawhiti,5,3,1.8515257469772106,22865.0,1097.0,0.5,national,7.041082256004929,adjusted row,2,0.35086965560913086,0.999736,800.721,0,6.936,115.44420415224914,2281.184674299897
New Zealand 2017,Ikaroa-Rawhiti,5,3,1.8515257469772106,22865.0,1097.0,0.5,national,7.041082256004929,adjusted table,2,0.6416361331939697,1.00353,518.825,0,6.976,74.3728497706422,808.4722476178022
New Zealand 2017,Ikaroa-Rawhiti,5,3,1.8515257469772106,22865.0,1097.0,2.0,indep,0.0,position logit,2,0.2976663112640381,1.00742,727.521,0,12.324,59.032862706913335,2442.5427565929444
New Zealand 2017,Ikaroa-Rawhiti,5,3,1.8515257469772106,22865.0,1097.0,2.0,indep,0.0,odds-ratio logit,2,0.36673545837402344,1.00579,346.247,0,10.08,34.3499007936508,943.4128269595303
New Zealand 2017,Ikaroa-Rawhiti,5,3,1.8515257469772106,22865.0,1097.0,2.0,indep,0.0,adjusted row,2,0.458390474319458,1.00481,664.612,0,7.736,85.91158221302999,1449.1815531676195
New Zealand 2017,Ikaroa-Rawhiti,5,3,1.8515257469772106,22865.0,1097.0,2.0,indep,0.0,adjusted table,2,0.7546195983886719,1.00418,682.41,0,9.572,71.29231090681154,904.0994139124485
New Zealand 2017,Ikaroa-Rawhiti,5,3,1.8515257469772106,22865.0,1097.0,2.0,raked,0.0,position logit,2,0.23732900619506836,1.0039,588.542,1,9.35,62.94566844919787,2478.34326076716
New Zealand 2017,Ikaroa-Rawhiti,5,3,1.8515257469772106,22865.0,1097.0,2.0,raked,0.0,odds-ratio logit,2,0.251631498336792,1.00453,490.782,0,9.972,49.21600481347774,1949.5832365510232
New Zealand 2017,Ikaroa-Rawhiti,5,3,1.8515257469772106,22865.0,1097.0,2.0,raked,0.0,adjusted row,2,0.43424391746520996,1.00372,667.79,0,7.016,95.18101482326111,1537.4619015928395
New Zealand 2017,Ikaroa-Rawhiti,5,3,1.8515257469772106,22865.0,1097.0,2.0,raked,0.0,adjusted table,2,0.6068425178527832,1.01225,463.794,0,7.068,65.61884550084889,764.1422722191473
New Zealand 2017,Ikaroa-Rawhiti,5,3,1.8515257469772106,22865.0,1097.0,2.0,national,1.7602705640012322,position logit,2,0.34696054458618164,1.00803,513.316,0,16.592,30.937560270009648,1478.6816416870818
New Zealand 2017,Ikaroa-Rawhiti,5,3,1.8515257469772106,22865.0,1097.0,2.0,national,1.7602705640012322,odds-ratio logit,2,0.33525729179382324,1.01867,139.728,0,10.592,13.191842900302115,416.65070098862367
New Zealand 2017,Ikaroa-Rawhiti,5,3,1.8515257469772106,22865.0,1097.0,2.0,national,1.7602705640012322,adjusted row,2,0.4896528720855713,1.0065,611.535,0,7.592,80.54992096944152,1248.380463391759
New Zealand 2017,Ikaroa-Rawhiti,5,3,1.8515257469772106,22865.0,1097.0,2.0,national,1.7602705640012322,adjusted table,2,0.8692824840545654,1.00154,501.231,0,9.992,50.16323058446757,576.5213791614653
senc,Brunswick BOLIVIA,2,3,0.3424962708522542,1262.0,133.0,0.5,indep,0.0,position logit,1,0.17037701606750488,1.00117,843.527,0,6.192,136.22852067183462,4946.119403067202
senc,Brunswick BOLIVIA,2,3,0.3424962708522542,1262.0,133.0,0.5,indep,0.0,odds-ratio logit,1,0.17958712577819824,1.00171,933.898,0,6.498,143.72083718067097,5195.55302257522
senc,Brunswick BOLIVIA,2,3,0.3424962708522542,1262.0,133.0,0.5,indep,0.0,adjusted row,1,0.2272186279296875,0.999625,843.104,0,5.884,143.28755948334467,3708.070158847135
senc,Brunswick BOLIVIA,2,3,0.3424962708522542,1262.0,133.0,0.5,indep,0.0,adjusted table,1,0.38521695137023926,1.00142,863.809,0,5.944,145.32452893674292,2241.8397319601663
senc,Brunswick BOLIVIA,2,3,0.3424962708522542,1262.0,133.0,0.5,raked,0.0,position logit,1,0.12960481643676758,1.00033,1056.78,0,6.102,173.1858407079646,8147.329012164591
senc,Brunswick BOLIVIA,2,3,0.3424962708522542,1262.0,133.0,0.5,raked,0.0,odds-ratio logit,1,0.13435792922973633,1.00013,708.544,0,6.468,109.5460729746444,5269.44124305558
senc,Brunswick BOLIVIA,2,3,0.3424962708522542,1262.0,133.0,0.5,raked,0.0,adjusted row,1,0.20264053344726562,1.00401,985.682,0,6.18,159.49546925566344,4860.964086217519
senc,Brunswick BOLIVIA,2,3,0.3424962708522542,1262.0,133.0,0.5,raked,0.0,adjusted table,1,0.3064136505126953,1.01026,558.776,0,5.996,93.19146097398264,1822.7435859996451
senc,Brunswick BOLIVIA,2,3,0.3424962708522542,1262.0,133.0,0.5,national,1.133143039368123,position logit,1,0.1282811164855957,1.00152,1002.14,0,6.204,161.53127014829144,7802.172157139356
senc,Brunswick BOLIVIA,2,3,0.3424962708522542,1262.0,133.0,0.5,national,1.133143039368123,odds-ratio logit,1,0.16062259674072266,1.00041,1040.68,0,6.324,164.56040480708413,6472.246413100695
senc,Brunswick BOLIVIA,2,3,0.3424962708522542,1262.0,133.0,0.5,national,1.133143039368123,adjusted row,1,0.15728116035461426,0.999484,933.059,0,6.17,151.2251215559157,5927.6735966459355
senc,Brunswick BOLIVIA,2,3,0.3424962708522542,1262.0,133.0,0.5,national,1.133143039368123,adjusted table,1,0.3520073890686035,1.0002,1022.09,0,6.072,168.32839262187088,2901.6247608927106
senc,Brunswick BOLIVIA,2,3,0.3424962708522542,1262.0,133.0,2.0,indep,0.0,position logit,1,0.21410107612609863,1.00062,321.826,0,9.56,33.663807531380755,1502.455509788295
senc,Brunswick BOLIVIA,2,3,0.3424962708522542,1262.0,133.0,2.0,indep,0.0,odds-ratio logit,1,0.18468618392944336,1.00984,308.207,0,8.204,37.56789371038517,1667.4563184888702
senc,Brunswick BOLIVIA,2,3,0.3424962708522542,1262.0,133.0,2.0,indep,0.0,adjusted row,1,0.17048072814941406,1.00175,720.669,0,6.134,117.48761004238669,4221.018155607813
senc,Brunswick BOLIVIA,2,3,0.3424962708522542,1262.0,133.0,2.0,indep,0.0,adjusted table,1,0.3388667106628418,0.999687,818.496,0,6.23,131.37977528089885,2414.717692734157
senc,Brunswick BOLIVIA,2,3,0.3424962708522542,1262.0,133.0,2.0,raked,0.0,position logit,1,0.4292256832122803,1.00305,393.359,0,16.768,23.458909828244273,916.1007542814499
senc,Brunswick BOLIVIA,2,3,0.3424962708522542,1262.0,133.0,2.0,raked,0.0,odds-ratio logit,1,0.16591286659240723,1.01083,168.859,1,9.993,16.89772840988692,1016.9066323450654
senc,Brunswick BOLIVIA,2,3,0.3424962708522542,1262.0,133.0,2.0,raked,0.0,adjusted row,1,0.22864580154418945,1.00436,651.801,0,6.612,98.5784936479129,2849.1569221431328
senc,Brunswick BOLIVIA,2,3,0.3424962708522542,1262.0,133.0,2.0,raked,0.0,adjusted table,1,0.4353654384613037,1.00264,483.611,0,6.354,76.11126849228832,1110.3158239050445
senc,Brunswick BOLIVIA,2,3,0.3424962708522542,1262.0,133.0,2.0,national,0.28328575984203075,position logit,1,0.23797130584716797,1.00572,254.646,0,14.984,16.99452749599573,1069.4080517130549
senc,Brunswick BOLIVIA,2,3,0.3424962708522542,1262.0,133.0,2.0,national,0.28328575984203075,odds-ratio logit,1,0.15337443351745605,1.00969,129.916,0,8.814,14.739732244157022,846.5130128319051
senc,Brunswick BOLIVIA,2,3,0.3424962708522542,1262.0,133.0,2.0,national,0.28328575984203075,adjusted row,1,0.19248390197753906,1.00278,641.322,0,6.298,101.82946967291204,3329.1287751293644
senc,Brunswick BOLIVIA,2,3,0.3424962708522542,1262.0,133.0,2.0,national,0.28328575984203075,adjusted table,1,0.3205869197845459,0.999385,645.73,0,6.612,97.66031457955233,2013.5755041544492
senc,Pender PENDERLEA,2,3,0.6746145742632255,417.0,41.0,0.5,indep,0.0,position logit,1,0.15549778938293457,1.00115,884.223,0,6.2,142.61661290322579,5681.115031267807
senc,Pender PENDERLEA,2,3,0.6746145742632255,417.0,41.0,0.5,indep,0.0,odds-ratio logit,1,0.14071202278137207,1.00086,830.803,0,6.36,130.62940251572326,5896.545716249579
senc,Pender PENDERLEA,2,3,0.6746145742632255,417.0,41.0,0.5,indep,0.0,adjusted row,1,0.1938152313232422,0.999439,1252.63,0,6.178,202.75655551958565,6457.5617922188385
senc,Pender PENDERLEA,2,3,0.6746145742632255,417.0,41.0,0.5,indep,0.0,adjusted table,1,0.32935118675231934,1.00182,914.101,0,6.206,147.29310344827584,2773.9778912683764
senc,Pender PENDERLEA,2,3,0.6746145742632255,417.0,41.0,0.5,raked,0.0,position logit,1,0.16361355781555176,1.00011,1008.55,0,6.254,161.2647905340582,6157.84023896727
senc,Pender PENDERLEA,2,3,0.6746145742632255,417.0,41.0,0.5,raked,0.0,odds-ratio logit,1,0.17305541038513184,0.999372,1016.79,0,6.11,166.4140752864157,5869.51683023002
senc,Pender PENDERLEA,2,3,0.6746145742632255,417.0,41.0,0.5,raked,0.0,adjusted row,1,0.2006394863128662,1.00003,1217.72,0,6.52,186.76687116564418,6066.058575022151
senc,Pender PENDERLEA,2,3,0.6746145742632255,417.0,41.0,0.5,raked,0.0,adjusted table,1,0.4115908145904541,1.00145,949.993,0,6.166,154.06957508919882,2307.557893602001
senc,Pender PENDERLEA,2,3,0.6746145742632255,417.0,41.0,0.5,national,2.4293860147960564,position logit,1,0.1625211238861084,1.00034,1089.63,0,6.278,173.56323669958587,6700.425267812375
senc,Pender PENDERLEA,2,3,0.6746145742632255,417.0,41.0,0.5,national,2.4293860147960564,odds-ratio logit,1,0.16216301918029785,1.00062,977.463,0,6.104,160.13482961992136,6022.308683248992
senc,Pender PENDERLEA,2,3,0.6746145742632255,417.0,41.0,0.5,national,2.4293860147960564,adjusted row,1,0.20232057571411133,1.00008,1091.48,0,6.404,170.4372267332917,5391.900992896775
senc,Pender PENDERLEA,2,3,0.6746145742632255,417.0,41.0,0.5,national,2.4293860147960564,adjusted table,1,0.34876418113708496,1.00181,822.298,0,6.338,129.74092773745662,2357.1000977922054
senc,Pender PENDERLEA,2,3,0.6746145742632255,417.0,41.0,2.0,indep,0.0,position logit,1,0.19824624061584473,1.00463,524.019,0,10.316,50.79672353625436,2641.313398487241
senc,Pender PENDERLEA,2,3,0.6746145742632255,417.0,41.0,2.0,indep,0.0,odds-ratio logit,1,0.151763916015625,1.01296,313.272,0,7.376,42.471800433839476,2062.2978290058745
senc,Pender PENDERLEA,2,3,0.6746145742632255,417.0,41.0,2.0,indep,0.0,adjusted row,1,0.19152116775512695,1.00129,763.89,0,6.604,115.67080557238037,3986.496226947531
senc,Pender PENDERLEA,2,3,0.6746145742632255,417.0,41.0,2.0,indep,0.0,adjusted table,1,0.33986830711364746,1.00212,652.274,0,6.466,100.87751314568511,1918.6041086236485
senc,Pender PENDERLEA,2,3,0.6746145742632255,417.0,41.0,2.0,raked,0.0,position logit,1,0.2358863353729248,1.0058,390.471,1,15.675,24.910430622009567,1654.6547204991787
senc,Pender PENDERLEA,2,3,0.6746145742632255,417.0,41.0,2.0,raked,0.0,odds-ratio logit,1,0.13641667366027832,1.00262,394.769,0,6.936,56.91594579008074,2891.7295312823094
senc,Pender PENDERLEA,2,3,0.6746145742632255,417.0,41.0,2.0,raked,0.0,adjusted row,1,0.16302990913391113,1.00139,592.088,0,6.448,91.82506203473945,3629.620254152642
senc,Pender PENDERLEA,2,3,0.6746145742632255,417.0,41.0,2.0,raked,0.0,adjusted table,1,0.30811429023742676,1.00989,561.65,0,6.57,85.48706240487061,1822.2717271168924
senc,Pender PENDERLEA,2,3,0.6746145742632255,417.0,41.0,2.0,national,0.6073465036990141,position logit,1,0.34737372398376465,1.00494,330.733,0,17.4,19.00764367816092,951.8454047018816
senc,Pender PENDERLEA,2,3,0.6746145742632255,417.0,41.0,2.0,national,0.6073465036990141,odds-ratio logit,1,0.2209029197692871,1.00677,144.525,0,12.008,12.035726182544972,653.626578018639
senc,Pender PENDERLEA,2,3,0.6746145742632255,417.0,41.0,2.0,national,0.6073465036990141,adjusted row,1,0.15131855010986328,1.00928,806.006,0,6.378,126.3728441517717,5322.969958926347
senc,Pender PENDERLEA,2,3,0.6746145742632255,417.0,41.0,2.0,national,0.6073465036990141,adjusted table,1,0.3277151584625244,1.00722,647.385,0,6.228,103.94749518304432,1974.5452698035947
senc,Duplin BEULAVILLE,2,3,1.0607172783588579,2075.0,170.0,0.5,indep,0.0,position logit,1,0.13139820098876953,0.999721,1086.72,0,6.47,167.9629057187017,8264.209861641697
senc,Duplin BEULAVILLE,2,3,1.0607172783588579,2075.0,170.0,0.5,indep,0.0,odds-ratio logit,1,0.16585564613342285,1.00117,1091.47,0,6.358,171.66876376218937,6576.494466929748
senc,Duplin BEULAVILLE,2,3,1.0607172783588579,2075.0,170.0,0.5,indep,0.0,adjusted row,1,0.22269368171691895,0.99967,1100.95,0,6.238,176.49086245591536,4939.407800631744
senc,Duplin BEULAVILLE,2,3,1.0607172783588579,2075.0,170.0,0.5,indep,0.0,adjusted table,1,0.3272676467895508,1.00179,966.685,0,6.012,160.79258150365936,2952.644015613166
senc,Duplin BEULAVILLE,2,3,1.0607172783588579,2075.0,170.0,0.5,raked,0.0,position logit,1,0.1712956428527832,0.999997,770.773,0,6.19,124.51906300484653,4495.747799992212
senc,Duplin BEULAVILLE,2,3,1.0607172783588579,2075.0,170.0,0.5,raked,0.0,odds-ratio logit,1,0.18543243408203125,1.00119,1164.98,0,6.508,179.00737553779965,6279.008258773852
senc,Duplin BEULAVILLE,2,3,1.0607172783588579,2075.0,170.0,0.5,raked,0.0,adjusted row,1,0.21407294273376465,0.999607,920.226,0,6.304,145.97493654822335,4296.51732284874
senc,Duplin BEULAVILLE,2,3,1.0607172783588579,2075.0,170.0,0.5,raked,0.0,adjusted table,1,0.3648862838745117,1.0008,985.565,0,6.008,164.04211051930758,2700.3226477506782
senc,Duplin BEULAVILLE,2,3,1.0607172783588579,2075.0,170.0,0.5,national,3.1454985018772366,position logit,1,0.13963961601257324,1.0037,1183.9,0,6.464,183.15284653465346,8466.096488512136
senc,Duplin BEULAVILLE,2,3,1.0607172783588579,2075.0,170.0,0.5,national,3.1454985018772366,odds-ratio logit,1,0.16015124320983887,1.00291,840.755,0,6.152,136.66368660598178,5246.60861136156
senc,Duplin BEULAVILLE,2,3,1.0607172783588579,2075.0,170.0,0.5,national,3.1454985018772366,adjusted row,1,0.2124948501586914,1.00094,1129.62,0,6.376,177.16750313676283,5312.6615331690255
senc,Duplin BEULAVILLE,2,3,1.0607172783588579,2075.0,170.0,0.5,national,3.1454985018772366,adjusted table,1,0.30553555488586426,0.999479,872.541,0,6.046,144.31706913661927,2853.900536174573
senc,Duplin BEULAVILLE,2,3,1.0607172783588579,2075.0,170.0,2.0,indep,0.0,position logit,1,0.15718960762023926,1.00623,626.595,0,6.252,100.22312859884838,3982.9564486151276
senc,Duplin BEULAVILLE,2,3,1.0607172783588579,2075.0,170.0,2.0,indep,0.0,odds-ratio logit,1,0.16560888290405273,1.00312,526.809,0,6.292,83.72679593134139,3178.567507873783
senc,Duplin BEULAVILLE,2,3,1.0607172783588579,2075.0,170.0,2.0,indep,0.0,adjusted row,1,0.174271821975708,1.00204,795.669,0,6.024,132.0831673306773,4561.284747518291
senc,Duplin BEULAVILLE,2,3,1.0607172783588579,2075.0,170.0,2.0,indep,0.0,adjusted table,1,0.41725730895996094,1.00312,894.049,0,6.122,146.03871283894154,2141.822359940713
senc,Duplin BEULAVILLE,2,3,1.0607172783588579,2075.0,170.0,2.0,raked,0.0,position logit,1,0.1907341480255127,1.00181,647.913,0,6.34,102.19447949526814,3394.829558650585
senc,Duplin BEULAVILLE,2,3,1.0607172783588579,2075.0,170.0,2.0,raked,0.0,odds-ratio logit,1,0.1658155918121338,1.00201,639.827,0,6.392,100.09809136420525,3853.8894559261744
senc,Duplin BEULAVILLE,2,3,1.0607172783588579,2075.0,170.0,2.0,raked,0.0,adjusted row,1,0.20822501182556152,1.00354,638.152,0,6.03,105.82951907131012,3063.1833515389144
senc,Duplin BEULAVILLE,2,3,1.0607172783588579,2075.0,170.0,2.0,raked,0.0,adjusted table,1,0.35417962074279785,1.00056,727.995,0,6.242,116.62848446010894,2054.8757460605875
senc,Duplin BEULAVILLE,2,3,1.0607172783588579,2075.0,170.0,2.0,national,0.7863746254693091,position logit,1,0.13863539695739746,1.00596,521.23,0,6.34,82.21293375394322,3755.771571269048
senc,Duplin BEULAVILLE,2,3,1.0607172783588579,2075.0,170.0,2.0,national,0.7863746254693091,odds-ratio logit,1,0.12586736679077148,1.00104,769.92,0,6.202,124.14059980651402,6110.895977413018
senc,Duplin BEULAVILLE,2,3,1.0607172783588579,2075.0,170.0,2.0,national,0.7863746254693091,adjusted row,1,0.18671512603759766,1.00501,908.172,0,6.132,148.10371819960864,4860.654934204448
senc,Duplin BEULAVILLE,2,3,1.0607172783588579,2075.0,170.0,2.0,national,0.7863746254693091,adjusted table,1,0.37249326705932617,1.00238,947.802,0,5.802,163.35780765253364,2543.4227254049906
senc,Columbus BUG HILL 3,2,3,1.3657024973797152,517.0,33.0,0.5,indep,0.0,position logit,1,0.11506152153015137,1.00272,946.126,0,5.668,166.92413549753,8212.386367745967
senc,Columbus BUG HILL 3,2,3,1.3657024973797152,517.0,33.0,0.5,indep,0.0,odds-ratio logit,1,0.14879846572875977,1.00044,848.07,0,6.258,135.5177372962608,5695.703068579399
senc,Columbus BUG HILL 3,2,3,1.3657024973797152,517.0,33.0,0.5,indep,0.0,adjusted row,1,0.19339299201965332,1.00326,747.615,0,6.146,121.64253172795314,3863.856809056217
senc,Columbus BUG HILL 3,2,3,1.3657024973797152,517.0,33.0,0.5,indep,0.0,adjusted table,1,0.2929205894470215,1.00086,851.449,0,5.974,142.52577837294945,2905.7802952910915
senc,Columbus BUG HILL 3,2,3,1.3657024973797152,517.0,33.0,0.5,raked,0.0,position logit,1,0.18967342376708984,1.0023,828.29,0,6.264,132.2302043422733,4364.354103191264
senc,Columbus BUG HILL 3,2,3,1.3657024973797152,517.0,33.0,0.5,raked,0.0,odds-ratio logit,1,0.14406228065490723,1.00163,1000.35,0,6.628,150.92788171394085,6939.174739766808
senc,Columbus BUG HILL 3,2,3,1.3657024973797152,517.0,33.0,0.5,raked,0.0,adjusted row,1,0.17247343063354492,1.00219,970.33,0,6.318,153.58182969294083,5622.757899861706
senc,Columbus BUG HILL 3,2,3,1.3657024973797152,517.0,33.0,0.5,raked,0.0,adjusted table,1,0.2688019275665283,1.00259,762.283,0,6.248,122.0043213828425,2834.7576686665966
senc,Columbus BUG HILL 3,2,3,1.3657024973797152,517.0,33.0,0.5,national,4.2955751074237725,position logit,1,0.12792515754699707,1.00411,704.352,0,6.24,112.87692307692306,5500.034276250335
senc,Columbus BUG HILL 3,2,3,1.3657024973797152,517.0,33.0,0.5,national,4.2955751074237725,odds-ratio logit,1,0.1556720733642578,1.00097,924.439,0,6.47,142.8808346213292,5933.112775461925
senc,Columbus BUG HILL 3,2,3,1.3657024973797152,517.0,33.0,0.5,national,4.2955751074237725,adjusted row,1,0.15584373474121094,1.00199,1269.06,0,6.296,201.56607369758575,8134.445828020221
senc,Columbus BUG HILL 3,2,3,1.3657024973797152,517.0,33.0,0.5,national,4.2955751074237725,adjusted table,1,0.251633882522583,1.00428,806.012,0,5.88,137.0768707482993,3201.885292241015
senc,Columbus BUG HILL 3,2,3,1.3657024973797152,517.0,33.0,2.0,indep,0.0,position logit,1,0.45464015007019043,1.01242,341.316,0,25.424,13.42495280050346,750.4731476021375
senc,Columbus BUG HILL 3,2,3,1.3657024973797152,517.0,33.0,2.0,indep,0.0,odds-ratio logit,1,0.25577378273010254,1.00347,456.228,0,12.676,35.99147996213316,1782.6002015082001
senc,Columbus BUG HILL 3,2,3,1.3657024973797152,517.0,33.0,2.0,indep,0.0,adjusted row,1,0.21435117721557617,0.999147,677.24,0,7.604,89.06365071015256,3156.374074478216
senc,Columbus BUG HILL 3,2,3,1.3657024973797152,517.0,33.0,2.0,indep,0.0,adjusted table,1,0.41644287109375,1.0,562.681,0,6.716,83.78216200119118,1350.7587647164876
senc,Columbus BUG HILL 3,2,3,1.3657024973797152,517.0,33.0,2.0,raked,0.0,position logit,1,0.40978002548217773,1.00393,305.954,2,22.754,13.446163311945153,746.4096742333426
senc,Columbus BUG HILL 3,2,3,1.3657024973797152,517.0,33.0,2.0,raked,0.0,odds-ratio logit,1,0.1800062656402588,1.00272,228.923,0,6.528,35.067861519607845,1270.844595172453
senc,Columbus BUG HILL 3,2,3,1.3657024973797152,517.0,33.0,2.0,raked,0.0,adjusted row,1,0.21069717407226562,1.00825,522.126,0,6.554,79.66524259993896,2476.9353804141656
senc,Columbus BUG HILL 3,2,3,1.3657024973797152,517.0,33.0,2.0,raked,0.0,adjusted table,1,0.4048759937286377,1.00253,405.951,0,6.636,61.174050632911396,1002.2172404764218
senc,Columbus BUG HILL 3,2,3,1.3657024973797152,517.0,33.0,2.0,national,1.0738937768559431,position logit,1,0.361804723739624,1.0037,539.513,0,14.54,37.10543328748281,1490.5274648522075
senc,Columbus BUG HILL 3,2,3,1.3657024973797152,517.0,33.0,2.0,national,1.0738937768559431,odds-ratio logit,1,0.18830156326293945,1.00994,242.546,0,11.556,20.988750432675666,1287.4152369396493
senc,Columbus BUG HILL 3,2,3,1.3657024973797152,517.0,33.0,2.0,national,1.0738937768559431,adjusted row,1,0.15679407119750977,0.999149,658.067,0,6.456,101.93107187112763,4194.418729255724
senc,Columbus BUG HILL 3,2,3,1.3657024973797152,517.0,33.0,2.0,national,1.0738937768559431,adjusted table,1,0.33797335624694824,1.00097,754.597,0,6.644,113.5757074051776,2232.001387495469
senc,Columbus BUG HILL 1,2,3,2.6765734962400365,418.0,7.0,0.5,indep,0.0,position logit,1,0.13776612281799316,1.00243,935.198,0,6.4,146.1246875,6782.78465128488
senc,Columbus BUG HILL 1,2,3,2.6765734962400365,418.0,7.0,0.5,indep,0.0,odds-ratio logit,1,0.14742136001586914,1.00288,832.237,0,6.37,130.64945054945053,5641.417003576536
senc,Columbus BUG HILL 1,2,3,2.6765734962400365,418.0,7.0,0.5,indep,0.0,adjusted row,1,0.18225383758544922,1.00346,902.741,0,6.336,142.47806186868686,4949.56174290155
senc,Columbus BUG HILL 1,2,3,2.6765734962400365,418.0,7.0,0.5,indep,0.0,adjusted table,1,0.31210994720458984,1.00132,1018.62,0,5.872,173.4707084468665,3262.598378842757
senc,Columbus BUG HILL 1,2,3,2.6765734962400365,418.0,7.0,0.5,raked,0.0,position logit,1,0.11874938011169434,1.00071,1054.63,0,6.674,158.02067725501948,8873.889775516674
senc,Columbus BUG HILL 1,2,3,2.6765734962400365,418.0,7.0,0.5,raked,0.0,odds-ratio logit,1,0.16224241256713867,1.00598,911.353,0,6.462,141.03265242958835,5613.361567826739
senc,Columbus BUG HILL 1,2,3,2.6765734962400365,418.0,7.0,0.5,raked,0.0,adjusted row,1,0.21453523635864258,1.00187,962.028,0,6.282,153.1404011461318,4481.368774328828
senc,Columbus BUG HILL 1,2,3,2.6765734962400365,418.0,7.0,0.5,raked,0.0,adjusted table,1,0.37653279304504395,1.00118,975.222,0,6.414,152.04583723105708,2589.329992301094
senc,Columbus BUG HILL 1,2,3,2.6765734962400365,418.0,7.0,0.5,national,8.052368811626772,position logit,1,0.1800220012664795,1.00029,832.817,0,6.076,137.06665569453588,4622.993520782435
senc,Columbus BUG HILL 1,2,3,2.6765734962400365,418.0,7.0,0.5,national,8.052368811626772,odds-ratio logit,1,0.17582464218139648,1.00102,1023.7,0,6.168,165.96952010376134,5818.325586513145
senc,Columbus BUG HILL 1,2,3,2.6765734962400365,418.0,7.0,0.5,national,8.052368811626772,adjusted row,1,0.1910696029663086,1.0026,1014.51,0,6.51,155.83870967741936,5306.662631479835
senc,Columbus BUG HILL 1,2,3,2.6765734962400365,418.0,7.0,0.5,national,8.052368811626772,adjusted table,1,0.29837775230407715,1.00622,920.323,0,5.99,153.6432387312187,3083.399850940409
senc,Columbus BUG HILL 1,2,3,2.6765734962400365,418.0,7.0,2.0,indep,0.0,position logit,1,0.21017122268676758,1.00028,772.834,0,6.62,116.74229607250754,3674.0795110024005
senc,Columbus BUG HILL 1,2,3,2.6765734962400365,418.0,7.0,2.0,indep,0.0,odds-ratio logit,1,0.1876533031463623,1.00409,859.43,0,6.728,127.73929845422116,4575.899622626181
senc,Columbus BUG HILL 1,2,3,2.6765734962400365,418.0,7.0,2.0,indep,0.0,adjusted row,1,0.21876287460327148,1.0014,824.426,0,6.318,130.48844571066795,3766.9077825366085
senc,Columbus BUG HILL 1,2,3,2.6765734962400365,418.0,7.0,2.0,indep,0.0,adjusted table,1,0.3062400817871094,1.00259,896.376,0,6.612,135.56805807622504,2925.8045239543812
senc,Columbus BUG HILL 1,2,3,2.6765734962400365,418.0,7.0,2.0,raked,0.0,position logit,1,0.14526629447937012,1.00174,343.026,0,6.512,52.67598280098281,2359.1141797265323
senc,Columbus BUG HILL 1,2,3,2.6765734962400365,418.0,7.0,2.0,raked,0.0,odds-ratio logit,1,0.1604304313659668,1.00072,572.122,0,7.144,80.08426651735722,3563.139925531504
senc,Columbus BUG HILL 1,2,3,2.6765734962400365,418.0,7.0,2.0,raked,0.0,adjusted row,1,0.20291757583618164,1.00335,534.492,0,6.296,84.89390088945362,2632.7729147745285
senc,Columbus BUG HILL 1,2,3,2.6765734962400365,418.0,7.0,2.0,raked,0.0,adjusted table,1,0.5494914054870605,1.00349,593.092,0,6.93,85.58326118326119,1079.1172870188377
senc,Columbus BUG HILL 1,2,3,2.6765734962400365,418.0,7.0,2.0,national,2.013092202906693,position logit,1,0.17016243934631348,1.00099,794.199,0,6.3,126.06333333333333,4663.7769897683165
senc,Columbus BUG HILL 1,2,3,2.6765734962400365,418.0,7.0,2.0,national,2.013092202906693,odds-ratio logit,1,0.20355772972106934,1.00619,895.775,0,6.972,128.48178427997703,4396.994513167041
senc,Columbus BUG HILL 1,2,3,2.6765734962400365,418.0,7.0,2.0,national,2.013092202906693,adjusted row,1,0.17154860496520996,1.00139,958.417,0,6.608,145.03889225181598,5583.470618306775
senc,Columbus BUG HILL 1,2,3,2.6765734962400365,418.0,7.0,2.0,national,2.013092202906693,adjusted table,1,0.34824204444885254,1.00309,760.333,0,6.65,114.3357894736842,2182.7247020681716
senc,Brunswick OAK ISLAND 1,2,3,3.9870632591642634,1112.0,5.0,0.5,indep,0.0,position logit,1,0.15235090255737305,0.999241,1108.02,0,6.15,180.16585365853658,7263.3697614861285
senc,Brunswick OAK ISLAND 1,2,3,3.9870632591642634,1112.0,5.0,0.5,indep,0.0,odds-ratio logit,1,0.18326234817504883,0.999535,751.178,0,6.106,123.02292826727809,4096.677831681791
senc,Brunswick OAK ISLAND 1,2,3,3.9870632591642634,1112.0,5.0,0.5,indep,0.0,adjusted row,1,0.1935732364654541,1.00155,1225.79,0,6.532,187.6592161665646,6327.907065672516
senc,Brunswick OAK ISLAND 1,2,3,3.9870632591642634,1112.0,5.0,0.5,indep,0.0,adjusted table,1,0.23042631149291992,1.00122,935.773,0,6.158,151.96053913608313,4059.366722197917
senc,Brunswick OAK ISLAND 1,2,3,3.9870632591642634,1112.0,5.0,0.5,raked,0.0,position logit,1,0.12242627143859863,1.00071,914.448,0,6.352,143.96221662468514,7456.583933464755
senc,Brunswick OAK ISLAND 1,2,3,3.9870632591642634,1112.0,5.0,0.5,raked,0.0,odds-ratio logit,1,0.13036727905273438,1.00128,1145.36,0,6.482,176.69854983029927,8778.592222849613
senc,Brunswick OAK ISLAND 1,2,3,3.9870632591642634,1112.0,5.0,0.5,raked,0.0,adjusted row,1,0.15177679061889648,1.00403,1113.3,0,6.404,173.84447220487195,7330.553573817022
senc,Brunswick OAK ISLAND 1,2,3,3.9870632591642634,1112.0,5.0,0.5,raked,0.0,adjusted table,1,0.342334508895874,1.00192,892.922,0,6.496,137.45720443349754,2607.3911973338404
senc,Brunswick OAK ISLAND 1,2,3,3.9870632591642634,1112.0,5.0,0.5,national,10.001906337585288,position logit,1,0.1361849308013916,1.00089,946.667,0,5.39,175.6339517625232,6944.35605748415
senc,Brunswick OAK ISLAND 1,2,3,3.9870632591642634,1112.0,5.0,0.5,national,10.001906337585288,odds-ratio logit,1,0.14345455169677734,1.0005,1144.82,0,6.352,180.2298488664987,7974.932993545944
senc,Brunswick OAK ISLAND 1,2,3,3.9870632591642634,1112.0,5.0,0.5,national,10.001906337585288,adjusted row,1,0.16740083694458008,1.00498,785.395,0,6.22,126.26929260450162,4686.676715868786
senc,Brunswick OAK ISLAND 1,2,3,3.9870632591642634,1112.0,5.0,0.5,national,10.001906337585288,adjusted table,1,0.29921770095825195,1.00005,1080.54,0,6.224,173.60861182519278,3609.6464388366585
senc,Brunswick OAK ISLAND 1,2,3,3.9870632591642634,1112.0,5.0,2.0,indep,0.0,position logit,1,0.18166875839233398,1.00366,819.793,0,6.684,122.65005984440455,4508.528813178139
senc,Brunswick OAK ISLAND 1,2,3,3.9870632591642634,1112.0,5.0,2.0,indep,0.0,odds-ratio logit,1,0.18272972106933594,1.00367,875.778,0,6.77,129.3615952732644,4788.976632550572
senc,Brunswick OAK ISLAND 1,2,3,3.9870632591642634,1112.0,5.0,2.0,indep,0.0,adjusted row,1,0.1981370449066162,0.998661,561.737,0,7.388,76.03370330265295,2832.632312634878
senc,Brunswick OAK ISLAND 1,2,3,3.9870632591642634,1112.0,5.0,2.0,indep,0.0,adjusted table,1,0.3260672092437744,1.00043,646.219,0,6.38,101.2882445141066,1981.2006006787622
senc,Brunswick OAK ISLAND 1,2,3,3.9870632591642634,1112.0,5.0,2.0,raked,0.0,position logit,1,0.14042949676513672,1.00413,546.243,0,7.516,72.67735497605109,3886.2659020117385
senc,Brunswick OAK ISLAND 1,2,3,3.9870632591642634,1112.0,5.0,2.0,raked,0.0,odds-ratio logit,1,0.16220545768737793,1.00169,681.531,0,6.972,97.7525817555938,4197.1984879827205
senc,Brunswick OAK ISLAND 1,2,3,3.9870632591642634,1112.0,5.0,2.0,raked,0.0,adjusted row,1,0.14628243446350098,1.00175,487.844,1,7.284,66.97473915431083,3332.6428198059534
senc,Brunswick OAK ISLAND 1,2,3,3.9870632591642634,1112.0,5.0,2.0,raked,0.0,adjusted table,1,0.31362056732177734,1.00088,377.373,0,8.044,46.91360019890601,1202.5502507504461
senc,Brunswick OAK ISLAND 1,2,3,3.9870632591642634,1112.0,5.0,2.0,national,2.500476584396322,position logit,1,0.12715768814086914,1.00094,859.068,0,6.596,130.24075197089144,6746.477337262795
senc,Brunswick OAK ISLAND 1,2,3,3.9870632591642634,1112.0,5.0,2.0,national,2.500476584396322,odds-ratio logit,1,0.1711587905883789,1.0042,1006.46,0,6.24,161.29166666666666,5875.6135737917575
senc,Brunswick OAK ISLAND 1,2,3,3.9870632591642634,1112.0,5.0,2.0,national,2.500476584396322,adjusted row,1,0.16471052169799805,1.00339,813.935,0,6.476,125.68483631871524,4938.535152732049
senc,Brunswick OAK ISLAND 1,2,3,3.9870632591642634,1112.0,5.0,2.0,national,2.500476584396322,adjusted table,1,0.24850916862487793,1.00391,805.093,0,6.268,128.44495851946394,3238.144216765869
senc,Brunswick BOLIVIA,2,3,0.3424962708522542,1262.0,133.0,0.5,indep,0.0,position logit,2,0.11767148971557617,1.00059,1104.87,0,6.344,174.15983606557376,9192.756859574298
senc,Brunswick BOLIVIA,2,3,0.3424962708522542,1262.0,133.0,0.5,indep,0.0,odds-ratio logit,2,0.1472785472869873,1.00264,1061.9,0,6.498,163.41951369652202,7205.20163648276
senc,Brunswick BOLIVIA,2,3,0.3424962708522542,1262.0,133.0,0.5,indep,0.0,adjusted row,2,0.2598400115966797,1.0003,1042.34,0,5.792,179.96201657458562,4008.8200198061922
senc,Brunswick BOLIVIA,2,3,0.3424962708522542,1262.0,133.0,0.5,indep,0.0,adjusted table,2,0.2815103530883789,0.999411,687.597,0,6.216,110.61727799227799,2439.866777680393
senc,Brunswick BOLIVIA,2,3,0.3424962708522542,1262.0,133.0,0.5,raked,0.0,position logit,2,0.12592029571533203,0.999898,1150.37,0,6.308,182.36683576410906,9124.400990313954
senc,Brunswick BOLIVIA,2,3,0.3424962708522542,1262.0,133.0,0.5,raked,0.0,odds-ratio logit,2,0.12059259414672852,1.00157,926.961,0,6.32,146.67104430379746,7680.611433619648
senc,Brunswick BOLIVIA,2,3,0.3424962708522542,1262.0,133.0,0.5,raked,0.0,adjusted row,2,0.2289738655090332,1.00227,933.251,0,6.35,146.96866141732283,4073.197164933574
senc,Brunswick BOLIVIA,2,3,0.3424962708522542,1262.0,133.0,0.5,raked,0.0,adjusted table,2,0.4429762363433838,1.00365,816.001,0,6.308,129.35970196575778,1841.5552738930135
senc,Brunswick BOLIVIA,2,3,0.3424962708522542,1262.0,133.0,0.5,national,1.133143039368123,position logit,2,0.17674541473388672,0.999095,1141.96,0,6.248,182.77208706786172,6456.559166935143
senc,Brunswick BOLIVIA,2,3,0.3424962708522542,1262.0,133.0,0.5,national,1.133143039368123,odds-ratio logit,2,0.17225170135498047,0.999465,850.713,0,6.374,133.4661123313461,4935.376567832314
senc,Brunswick BOLIVIA,2,3,0.3424962708522542,1262.0,133.0,0.5,national,1.133143039368123,adjusted row,2,0.20292901992797852,1.0003,1252.25,0,6.328,197.8903286978508,6164.503411867713
senc,Brunswick BOLIVIA,2,3,0.3424962708522542,1262.0,133.0,0.5,national,1.133143039368123,adjusted table,2,0.3514750003814697,0.99996,1275.33,0,6.382,199.83234095894704,3627.4798711795856
senc,Brunswick BOLIVIA,2,3,0.3424962708522542,1262.0,133.0,2.0,indep,0.0,position logit,2,0.22110915184020996,1.00946,474.511,0,13.076,36.28869684918936,2144.166678708443
senc,Brunswick BOLIVIA,2,3,0.3424962708522542,1262.0,133.0,2.0,indep,0.0,odds-ratio logit,2,0.20636367797851562,1.00481,484.243,0,6.996,69.21712407089765,2344.3467909313154
senc,Brunswick BOLIVIA,2,3,0.3424962708522542,1262.0,133.0,2.0,indep,0.0,adjusted row,2,0.22993087768554688,1.00285,799.577,0,6.446,124.04235184610611,3475.621620840035
senc,Brunswick BOLIVIA,2,3,0.3424962708522542,1262.0,133.0,2.0,indep,0.0,adjusted table,2,0.30481719970703125,1.00069,854.198,0,5.94,143.8043771043771,2801.3164530750814
senc,Brunswick BOLIVIA,2,3,0.3424962708522542,1262.0,133.0,2.0,raked,0.0,position logit,2,0.40796732902526855,1.00307,270.442,0,19.86,13.61742195367573,662.688505363127
senc,Brunswick BOLIVIA,2,3,0.3424962708522542,1262.0,133.0,2.0,raked,0.0,odds-ratio logit,2,0.2180042266845703,1.00504,201.462,0,7.032,28.649317406143343,923.7085433900717
senc,Brunswick BOLIVIA,2,3,0.3424962708522542,1262.0,133.0,2.0,raked,0.0,adjusted row,2,0.16356897354125977,1.00382,705.424,0,6.532,107.99510104102878,4308.448972159566
senc,Brunswick BOLIVIA,2,3,0.3424962708522542,1262.0,133.0,2.0,raked,0.0,adjusted table,2,0.4109623432159424,1.00099,610.523,0,6.182,98.75816887738596,1485.2393933758365
senc,Brunswick BOLIVIA,2,3,0.3424962708522542,1262.0,133.0,2.0,national,0.28328575984203075,position logit,2,0.32002711296081543,1.00704,297.519,1,10.62,28.014971751412432,929.1911508555601
senc,Brunswick BOLIVIA,2,3,0.3424962708522542,1262.0,133.0,2.0,national,0.28328575984203075,odds-ratio logit,2,0.16659045219421387,1.00361,394.419,0,8.156,48.359367336929864,2366.0694774407807
senc,Brunswick BOLIVIA,2,3,0.3424962708522542,1262.0,133.0,2.0,national,0.28328575984203075,adjusted row,2,0.23205304145812988,1.00177,555.276,0,6.502,85.40079975392186,2391.817432775858
senc,Brunswick BOLIVIA,2,3,0.3424962708522542,1262.0,133.0,2.0,national,0.28328575984203075,adjusted table,2,0.43843650817871094,1.00185,438.223,0,6.36,68.90298742138364,999.1723478847966
senc,Pender PENDERLEA,2,3,0.6746145742632255,417.0,41.0,0.5,indep,0.0,position logit,2,0.1424257755279541,1.00316,1120.51,0,6.412,174.752027448534,7857.723743477338
senc,Pender PENDERLEA,2,3,0.6746145742632255,417.0,41.0,0.5,indep,0.0,odds-ratio logit,2,0.13155198097229004,1.00191,993.046,0,6.324,157.028146742568,7543.282913592858
senc,Pender PENDERLEA,2,3,0.6746145742632255,417.0,41.0,0.5,indep,0.0,adjusted row,2,0.1703798770904541,1.00638,964.445,0,6.272,153.76992984693877,5653.199993403722
senc,Pender PENDERLEA,2,3,0.6746145742632255,417.0,41.0,0.5,indep,0.0,adjusted table,2,0.2898406982421875,1.00131,1086.42,0,5.944,182.77590847913865,3746.753806081765
senc,Pender PENDERLEA,2,3,0.6746145742632255,417.0,41.0,0.5,raked,0.0,position logit,2,0.12772250175476074,1.00432,1036.23,0,6.442,160.85532443340577,8103.9080132086065
senc,Pender PENDERLEA,2,3,0.6746145742632255,417.0,41.0,0.5,raked,0.0,odds-ratio logit,2,0.14352703094482422,1.00398,950.872,0,5.972,159.2217012726055,6619.68260197881
senc,Pender PENDERLEA,2,3,0.6746145742632255,417.0,41.0,0.5,raked,0.0,adjusted row,2,0.1748216152191162,1.00011,891.377,0,6.084,146.51166995397764,5095.389143893706
senc,Pender PENDERLEA,2,3,0.6746145742632255,417.0,41.0,0.5,raked,0.0,adjusted table,2,0.39551830291748047,1.00024,1120.32,0,6.246,179.36599423631122,2831.551567175916
senc,Pender PENDERLEA,2,3,0.6746145742632255,417.0,41.0,0.5,national,2.4293860147960564,position logit,2,0.18643689155578613,1.00039,1101.84,0,6.514,169.14952410193428,5906.831647296556
senc,Pender PENDERLEA,2,3,0.6746145742632255,417.0,41.0,0.5,national,2.4293860147960564,odds-ratio logit,2,0.1700422763824463,1.0,919.398,0,6.332,145.19867340492735,5401.842214441204
senc,Pender PENDERLEA,2,3,0.6746145742632255,417.0,41.0,0.5,national,2.4293860147960564,adjusted row,2,0.23221445083618164,1.00229,983.419,0,6.274,156.74513866751673,4232.196793167346
senc,Pender PENDERLEA,2,3,0.6746145742632255,417.0,41.0,0.5,national,2.4293860147960564,adjusted table,2,0.4159705638885498,1.00224,901.044,0,6.292,143.20470438652256,2165.6167574969227
senc,Pender PENDERLEA,2,3,0.6746145742632255,417.0,41.0,2.0,indep,0.0,position logit,2,0.23797607421875,1.00336,495.872,0,8.84,56.09411764705882,2082.382584606389
senc,Pender PENDERLEA,2,3,0.6746145742632255,417.0,41.0,2.0,indep,0.0,odds-ratio logit,2,0.21520113945007324,1.00847,356.469,0,6.77,52.65420974889217,1655.4662970460154
senc,Pender PENDERLEA,2,3,0.6746145742632255,417.0,41.0,2.0,indep,0.0,adjusted row,2,0.2526993751525879,1.00215,872.749,0,6.548,133.28481979230298,3452.359375405895
senc,Pender PENDERLEA,2,3,0.6746145742632255,417.0,41.0,2.0,indep,0.0,adjusted table,2,0.40511345863342285,1.00206,727.596,0,6.312,115.27186311787072,1795.6095953757633
senc,Pender PENDERLEA,2,3,0.6746145742632255,417.0,41.0,2.0,raked,0.0,position logit,2,0.2197856903076172,1.00159,256.287,1,7.016,36.5289338654504,1165.286777226
senc,Pender PENDERLEA,2,3,0.6746145742632255,417.0,41.0,2.0,raked,0.0,odds-ratio logit,2,0.19344019889831543,1.00191,366.76,0,8.838,41.498076487893194,1895.017178729726
senc,Pender PENDERLEA,2,3,0.6746145742632255,417.0,41.0,2.0,raked,0.0,adjusted row,2,0.1432814598083496,1.0011,578.107,0,6.562,88.09920755867113,4031.135967707774
senc,Pender PENDERLEA,2,3,0.6746145742632255,417.0,41.0,2.0,raked,0.0,adjusted table,2,0.29952073097229004,1.00781,270.437,0,6.172,43.81675307841867,902.2548842311909
senc,Pender PENDERLEA,2,3,0.6746145742632255,417.0,41.0,2.0,national,0.6073465036990141,position logit,2,0.2558319568634033,0.999819,548.454,1,12.339,44.44882081205932,2142.994836256792
senc,Pender PENDERLEA,2,3,0.6746145742632255,417.0,41.0,2.0,national,0.6073465036990141,odds-ratio logit,2,0.19650053977966309,1.00134,417.782,0,7.852,53.207080998471724,2124.180797602711
senc,Pender PENDERLEA,2,3,0.6746145742632255,417.0,41.0,2.0,national,0.6073465036990141,adjusted row,2,0.16455531120300293,1.00032,630.512,0,6.628,95.12854556427277,3829.369871152434
senc,Pender PENDERLEA,2,3,0.6746145742632255,417.0,41.0,2.0,national,0.6073465036990141,adjusted table,2,0.31624269485473633,1.00185,767.897,0,6.332,121.27242577384713,2427.400147784714
senc,Duplin BEULAVILLE,2,3,1.0607172783588579,2075.0,170.0,0.5,indep,0.0,position logit,2,0.164292573928833,1.00524,627.544,0,6.01,104.41663893510815,3817.3413583712586
senc,Duplin BEULAVILLE,2,3,1.0607172783588579,2075.0,170.0,0.5,indep,0.0,odds-ratio logit,2,0.16323089599609375,1.00108,894.373,0,5.958,150.1129573682444,5475.910154575578
senc,Duplin BEULAVILLE,2,3,1.0607172783588579,2075.0,170.0,0.5,indep,0.0,adjusted row,2,0.194319486618042,1.00156,1014.3,0,6.0,169.04999999999998,5216.144879039822
senc,Duplin BEULAVILLE,2,3,1.0607172783588579,2075.0,170.0,0.5,indep,0.0,adjusted table,2,0.34237146377563477,0.999805,1136.59,0,5.998,189.49483161053683,3318.7445583550534
senc,Duplin BEULAVILLE,2,3,1.0607172783588579,2075.0,170.0,0.5,raked,0.0,position logit,2,0.1174004077911377,1.00206,1015.38,0,5.534,183.48030357788218,8636.094738665006
senc,Duplin BEULAVILLE,2,3,1.0607172783588579,2075.0,170.0,0.5,raked,0.0,odds-ratio logit,2,0.12323617935180664,1.003,1254.11,0,6.438,194.79807393600495,10168.665729933286
senc,Duplin BEULAVILLE,2,3,1.0607172783588579,2075.0,170.0,0.5,raked,0.0,adjusted row,2,0.14483952522277832,0.999759,972.025,0,6.098,159.40062315513282,6704.492465157582
senc,Duplin BEULAVILLE,2,3,1.0607172783588579,2075.0,170.0,0.5,raked,0.0,adjusted table,2,0.26042795181274414,1.00203,1193.24,0,6.506,183.40608668920996,4580.140662713229
senc,Duplin BEULAVILLE,2,3,1.0607172783588579,2075.0,170.0,0.5,national,3.1454985018772366,position logit,2,0.15009665489196777,1.00032,964.361,0,5.85,164.8480341880342,6415.8530043112605
senc,Duplin BEULAVILLE,2,3,1.0607172783588579,2075.0,170.0,0.5,national,3.1454985018772366,odds-ratio logit,2,0.16804265975952148,0.999222,917.218,0,5.904,155.35535230352303,5452.945365916993
senc,Duplin BEULAVILLE,2,3,1.0607172783588579,2075.0,170.0,0.5,national,3.1454985018772366,adjusted row,2,0.15681028366088867,0.999145,905.983,0,5.91,153.29661590524535,5774.062270489735
senc,Duplin BEULAVILLE,2,3,1.0607172783588579,2075.0,170.0,0.5,national,3.1454985018772366,adjusted table,2,0.3065798282623291,0.999023,1009.96,0,6.292,160.5149396058487,3292.4960071382716
senc,Duplin BEULAVILLE,2,3,1.0607172783588579,2075.0,170.0,2.0,indep,0.0,position logit,2,0.11377954483032227,1.00299,886.08,0,5.904,150.08130081300814,7781.03922317088
senc,Duplin BEULAVILLE,2,3,1.0607172783588579,2075.0,170.0,2.0,indep,0.0,odds-ratio logit,2,0.18390822410583496,1.00189,666.309,0,6.176,107.88681994818653,3620.0246938337746
senc,Duplin BEULAVILLE,2,3,1.0607172783588579,2075.0,170.0,2.0,indep,0.0,adjusted row,2,0.2151176929473877,1.00473,768.669,0,6.254,122.9083786376719,3571.593987036481
senc,Duplin BEULAVILLE,2,3,1.0607172783588579,2075.0,170.0,2.0,indep,0.0,adjusted table,2,0.4065358638763428,1.00019,680.171,0,6.296,108.03224269377382,1672.1816781369482
senc,Duplin BEULAVILLE,2,3,1.0607172783588579,2075.0,170.0,2.0,raked,0.0,position logit,2,0.1360790729522705,1.00013,640.556,0,6.438,99.49611680646164,4700.760210559835
senc,Duplin BEULAVILLE,2,3,1.0607172783588579,2075.0,170.0,2.0,raked,0.0,odds-ratio logit,2,0.16304421424865723,1.01007,447.413,0,6.472,69.13056242274412,2741.887418363739
senc,Duplin BEULAVILLE,2,3,1.0607172783588579,2075.0,170.0,2.0,raked,0.0,adjusted row,2,0.20118999481201172,1.00292,689.876,0,6.192,111.41408268733849,3426.342498474247
senc,Duplin BEULAVILLE,2,3,1.0607172783588579,2075.0,170.0,2.0,raked,0.0,adjusted table,2,0.3999054431915283,1.00179,582.954,0,6.392,91.200563204005,1457.3794405386332
senc,Duplin BEULAVILLE,2,3,1.0607172783588579,2075.0,170.0,2.0,national,0.7863746254693091,position logit,2,0.1309337615966797,1.00375,793.614,0,6.452,123.00278983261005,6054.3627618585115
senc,Duplin BEULAVILLE,2,3,1.0607172783588579,2075.0,170.0,2.0,national,0.7863746254693091,odds-ratio logit,2,0.15991926193237305,1.01234,388.413,0,6.084,63.841715976331365,2426.6723263204935
senc,Duplin BEULAVILLE,2,3,1.0607172783588579,2075.0,170.0,2.0,national,0.7863746254693091,adjusted row,2,0.14741778373718262,1.00391,780.867,0,6.288,124.18368320610686,5292.951307027977
senc,Duplin BEULAVILLE,2,3,1.0607172783588579,2075.0,170.0,2.0,national,0.7863746254693091,adjusted table,2,0.3231222629547119,1.00041,841.541,0,5.888,142.92476222826087,2603.5954887046782
senc,Columbus BUG HILL 3,2,3,1.3657024973797152,517.0,33.0,0.5,indep,0.0,position logit,2,0.10692501068115234,1.0022,772.919,0,5.794,133.39989644459786,7221.957440204594
senc,Columbus BUG HILL 3,2,3,1.3657024973797152,517.0,33.0,0.5,indep,0.0,odds-ratio logit,2,0.16187047958374023,1.00365,901.466,0,6.472,139.28708281829418,5561.570306397901
senc,Columbus BUG HILL 3,2,3,1.3657024973797152,517.0,33.0,0.5,indep,0.0,adjusted row,2,0.19562816619873047,1.00306,1061.38,0,6.402,165.78881599500158,5421.34754530221
senc,Columbus BUG HILL 3,2,3,1.3657024973797152,517.0,33.0,0.5,indep,0.0,adjusted table,2,0.31966352462768555,1.00166,942.962,0,6.084,154.9904667981591,2948.342872811984
senc,Columbus BUG HILL 3,2,3,1.3657024973797152,517.0,33.0,0.5,raked,0.0,position logit,2,0.12521696090698242,1.00024,819.024,0,6.072,134.88537549407116,6535.488290760766
senc,Columbus BUG HILL 3,2,3,1.3657024973797152,517.0,33.0,0.5,raked,0.0,odds-ratio logit,2,0.14173483848571777,1.00173,929.61,0,6.538,142.18568369531965,6552.1617081372115
senc,Columbus BUG HILL 3,2,3,1.3657024973797152,517.0,33.0,0.5,raked,0.0,adjusted row,2,0.17908573150634766,1.00234,872.417,0,6.056,144.0582892998679,4867.661939502456
senc,Columbus BUG HILL 3,2,3,1.3657024973797152,517.0,33.0,0.5,raked,0.0,adjusted table,2,0.4190821647644043,1.00158,1048.82,0,6.528,160.66482843137254,2501.7657791178954
senc,Columbus BUG HILL 3,2,3,1.3657024973797152,517.0,33.0,0.5,national,4.2955751074237725,position logit,2,0.11765837669372559,1.0013,1066.84,0,6.2,172.07096774193548,9055.670463990025
senc,Columbus BUG HILL 3,2,3,1.3657024973797152,517.0,33.0,0.5,national,4.2955751074237725,odds-ratio logit,2,0.1745774745941162,1.00365,932.281,0,6.52,142.98788343558283,5335.608329829723
senc,Columbus BUG HILL 3,2,3,1.3657024973797152,517.0,33.0,0.5,national,4.2955751074237725,adjusted row,2,0.2184429168701172,1.00265,1043.16,0,6.16,169.34415584415586,4773.028435982974
senc,Columbus BUG HILL 3,2,3,1.3657024973797152,517.0,33.0,0.5,national,4.2955751074237725,adjusted table,2,0.34520649909973145,1.00175,810.041,0,6.344,127.68616015132409,2345.1652848759277
senc,Columbus BUG HILL 3,2,3,1.3657024973797152,517.0,33.0,2.0,indep,0.0,position logit,2,0.43602490425109863,1.00423,307.787,0,24.0,12.824458333333332,705.6655094169653
senc,Columbus BUG HILL 3,2,3,1.3657024973797152,517.0,33.0,2.0,indep,0.0,odds-ratio logit,2,0.19369769096374512,1.00386,325.369,0,10.68,30.465262172284646,1678.8557353682556
senc,Columbus BUG HILL 3,2,3,1.3657024973797152,517.0,33.0,2.0,indep,0.0,adjusted row,2,0.17656493186950684,1.00466,716.724,0,6.594,108.6933575978162,4055.8703000673245
senc,Columbus BUG HILL 3,2,3,1.3657024973797152,517.0,33.0,2.0,indep,0.0,adjusted table,2,0.37198781967163086,1.00285,741.486,0,6.672,111.1339928057554,1992.7860886022254
senc,Columbus BUG HILL 3,2,3,1.3657024973797152,517.0,33.0,2.0,raked,0.0,position logit,2,0.40950798988342285,1.00591,232.669,1,28.272,8.229661856253538,567.8445116954317
senc,Columbus BUG HILL 3,2,3,1.3657024973797152,517.0,33.0,2.0,raked,0.0,odds-ratio logit,2,0.17561125755310059,1.03431,62.0676,1,10.37,5.985303760848602,353.24899987841945
senc,Columbus BUG HILL 3,2,3,1.3657024973797152,517.0,33.0,2.0,raked,0.0,adjusted row,2,0.19043517112731934,1.00162,391.822,0,6.282,62.37217446673034,2056.473583502368
senc,Columbus BUG HILL 3,2,3,1.3657024973797152,517.0,33.0,2.0,raked,0.0,adjusted table,2,0.3171830177307129,1.01003,319.054,0,6.552,48.69566544566545,1005.3757912271027
senc,Columbus BUG HILL 3,2,3,1.3657024973797152,517.0,33.0,2.0,national,1.0738937768559431,position logit,2,0.30751872062683105,1.00386,376.772,0,17.68,21.310633484162896,1224.7244938403257
senc,Columbus BUG HILL 3,2,3,1.3657024973797152,517.0,33.0,2.0,national,1.0738937768559431,odds-ratio logit,2,0.2058877944946289,1.01204,146.857,0,10.182,14.423197800039285,712.960460174246
senc,Columbus BUG HILL 3,2,3,1.3657024973797152,517.0,33.0,2.0,national,1.0738937768559431,adjusted row,2,0.15839076042175293,1.00568,540.584,0,6.276,86.13511790949649,3410.861560999532
senc,Columbus BUG HILL 3,2,3,1.3657024973797152,517.0,33.0,2.0,national,1.0738937768559431,adjusted table,2,0.3937995433807373,1.00745,544.806,0,6.582,82.77210574293528,1382.5796286010068
senc,Columbus BUG HILL 1,2,3,2.6765734962400365,418.0,7.0,0.5,indep,0.0,position logit,2,0.14459514617919922,1.00253,870.865,0,6.242,139.51698173662288,6016.393057319805
senc,Columbus BUG HILL 1,2,3,2.6765734962400365,418.0,7.0,0.5,indep,0.0,odds-ratio logit,2,0.12207841873168945,1.00068,829.085,0,6.486,127.82685784767192,6785.794215018597
senc,Columbus BUG HILL 1,2,3,2.6765734962400365,418.0,7.0,0.5,indep,0.0,adjusted row,2,0.17127299308776855,1.00141,1023.63,0,6.546,156.37488542621446,5973.1234110705645
senc,Columbus BUG HILL 1,2,3,2.6765734962400365,418.0,7.0,0.5,indep,0.0,adjusted table,2,0.3308899402618408,1.00121,1089.75,0,6.272,173.74840561224488,3291.2639308730872
senc,Columbus BUG HILL 1,2,3,2.6765734962400365,418.0,7.0,0.5,raked,0.0,position logit,2,0.16635632514953613,1.00253,978.207,0,6.412,152.55879600748597,5874.407294194457
senc,Columbus BUG HILL 1,2,3,2.6765734962400365,418.0,7.0,0.5,raked,0.0,odds-ratio logit,2,0.18275189399719238,1.0024,1041.51,0,6.532,159.4473361910594,5694.164887241861
senc,Columbus BUG HILL 1,2,3,2.6765734962400365,418.0,7.0,0.5,raked,0.0,adjusted row,2,0.2165231704711914,1.00177,740.435,0,6.74,109.85682492581601,3416.6699476103404
senc,Columbus BUG HILL 1,2,3,2.6765734962400365,418.0,7.0,0.5,raked,0.0,adjusted table,2,0.36356210708618164,1.00062,926.372,0,6.69,138.4711509715994,2547.370102064325
senc,Columbus BUG HILL 1,2,3,2.6765734962400365,418.0,7.0,0.5,national,8.052368811626772,position logit,2,0.1557633876800537,1.00405,875.35,0,6.342,138.0242825607064,5614.276221452546
senc,Columbus BUG HILL 1,2,3,2.6765734962400365,418.0,7.0,0.5,national,8.052368811626772,odds-ratio logit,2,0.14086341857910156,1.00009,1031.77,0,6.23,165.61316211878008,7319.632489234235
senc,Columbus BUG HILL 1,2,3,2.6765734962400365,418.0,7.0,0.5,national,8.052368811626772,adjusted row,2,0.1632537841796875,1.0023,1234.31,0,6.598,187.0733555622916,7556.157914138008
senc,Columbus BUG HILL 1,2,3,2.6765734962400365,418.0,7.0,0.5,national,8.052368811626772,adjusted table,2,0.28472423553466797,1.00137,990.144,0,6.328,156.4702907711757,3476.2502551135544
senc,Columbus BUG HILL 1,2,3,2.6765734962400365,418.0,7.0,2.0,indep,0.0,position logit,2,0.16296935081481934,1.00659,578.869,0,8.8,65.78056818181818,3547.439251364651
senc,Columbus BUG HILL 1,2,3,2.6765734962400365,418.0,7.0,2.0,indep,0.0,odds-ratio logit,2,0.15114617347717285,1.00204,595.592,0,9.42,63.22632696390658,3936.349366974356
senc,Columbus BUG HILL 1,2,3,2.6765734962400365,418.0,7.0,2.0,indep,0.0,adjusted row,2,0.17938494682312012,1.00379,709.767,0,7.226,98.22405203432052,3954.593667779859
senc,Columbus BUG HILL 1,2,3,2.6765734962400365,418.0,7.0,2.0,indep,0.0,adjusted table,2,0.35662055015563965,1.00503,834.625,0,6.542,127.57948639559768,2339.717293345649
senc,Columbus BUG HILL 1,2,3,2.6765734962400365,418.0,7.0,2.0,raked,0.0,position logit,2,0.16447019577026367,1.00064,691.882,0,7.916,87.40298130368872,4202.564784507952
senc,Columbus BUG HILL 1,2,3,2.6765734962400365,418.0,7.0,2.0,raked,0.0,odds-ratio logit,2,0.18953871726989746,1.00486,438.782,0,7.056,62.18565759637188,2313.803093470657
senc,Columbus BUG HILL 1,2,3,2.6765734962400365,418.0,7.0,2.0,raked,0.0,adjusted row,2,0.25244736671447754,1.00433,581.367,0,10.146,57.30011827321111,2301.5129293981063
senc,Columbus BUG HILL 1,2,3,2.6765734962400365,418.0,7.0,2.0,raked,0.0,adjusted table,2,0.4408888816833496,1.00232,618.079,0,9.38,65.89328358208954,1401.3101804365533
senc,Columbus BUG HILL 1,2,3,2.6765734962400365,418.0,7.0,2.0,national,2.013092202906693,position logit,2,0.18436932563781738,1.00402,838.717,0,6.968,120.36696326061997,4546.2681080248385
senc,Columbus BUG HILL 1,2,3,2.6765734962400365,418.0,7.0,2.0,national,2.013092202906693,odds-ratio logit,2,0.16177988052368164,1.00214,779.966,0,6.412,121.64160948222084,4818.2444336724775
senc,Columbus BUG HILL 1,2,3,2.6765734962400365,418.0,7.0,2.0,national,2.013092202906693,adjusted row,2,0.25342321395874023,1.00254,850.218,0,6.236,136.34028223220014,3352.7411891477195
senc,Columbus BUG HILL 1,2,3,2.6765734962400365,418.0,7.0,2.0,national,2.013092202906693,adjusted table,2,0.4386317729949951,1.00274,735.971,0,6.488,113.43572749691738,1677.4412557004948
senc,Brunswick OAK ISLAND 1,2,3,3.9870632591642634,1112.0,5.0,0.5,indep,0.0,position logit,2,0.15082287788391113,1.00117,1173.48,0,6.222,188.6017357762777,7775.33037384344
senc,Brunswick OAK ISLAND 1,2,3,3.9870632591642634,1112.0,5.0,0.5,indep,0.0,odds-ratio logit,2,0.1354231834411621,1.00232,952.05,0,6.094,156.22743682310468,7021.864924148773
senc,Brunswick OAK ISLAND 1,2,3,3.9870632591642634,1112.0,5.0,0.5,indep,0.0,adjusted row,2,0.18455028533935547,1.0021,962.896,0,5.82,165.44604810996563,5213.956472952143
senc,Brunswick OAK ISLAND 1,2,3,3.9870632591642634,1112.0,5.0,0.5,indep,0.0,adjusted table,2,0.3168156147003174,1.00018,1110.5,0,6.436,172.5450590428838,3503.832806880422
senc,Brunswick OAK ISLAND 1,2,3,3.9870632591642634,1112.0,5.0,0.5,raked,0.0,position logit,2,0.17268133163452148,1.00017,726.037,0,6.536,111.08277233782131,4199.984681504162
senc,Brunswick OAK ISLAND 1,2,3,3.9870632591642634,1112.0,5.0,0.5,raked,0.0,odds-ratio logit,2,0.1832265853881836,1.00042,937.876,0,6.358,147.51116703365838,5115.944969748361
senc,Brunswick OAK ISLAND 1,2,3,3.9870632591642634,1112.0,5.0,0.5,raked,0.0,adjusted row,2,0.16398930549621582,1.00224,1042.51,0,6.4,162.89218749999998,6352.537268844323
senc,Brunswick OAK ISLAND 1,2,3,3.9870632591642634,1112.0,5.0,0.5,raked,0.0,adjusted table,2,0.32048630714416504,1.00082,1130.21,0,6.64,170.21234939759037,3524.8136439439118
senc,Brunswick OAK ISLAND 1,2,3,3.9870632591642634,1112.0,5.0,0.5,national,10.001906337585288,position logit,2,0.12951064109802246,1.00168,1012.42,0,6.226,162.61162865403148,7807.068460224629
senc,Brunswick OAK ISLAND 1,2,3,3.9870632591642634,1112.0,5.0,0.5,national,10.001906337585288,odds-ratio logit,2,0.14842772483825684,1.00158,1043.09,0,5.948,175.36819098856756,7022.350243589249
senc,Brunswick OAK ISLAND 1,2,3,3.9870632591642634,1112.0,5.0,0.5,national,10.001906337585288,adjusted row,2,0.18887686729431152,0.998932,1076.21,0,6.466,166.441385709867,5694.810788513871
senc,Brunswick OAK ISLAND 1,2,3,3.9870632591642634,1112.0,5.0,0.5,national,10.001906337585288,adjusted table,2,0.3128676414489746,1.00115,1019.15,0,6.322,161.20689655172413,3255.683796696505
senc,Brunswick OAK ISLAND 1,2,3,3.9870632591642634,1112.0,5.0,2.0,indep,0.0,position logit,2,0.16887736320495605,1.00193,746.816,0,6.744,110.73784104389087,4419.381072664194
senc,Brunswick OAK ISLAND 1,2,3,3.9870632591642634,1112.0,5.0,2.0,indep,0.0,odds-ratio logit,2,0.15378236770629883,1.00131,737.178,0,7.098,103.85714285714286,4790.4212202948665
senc,Brunswick OAK ISLAND 1,2,3,3.9870632591642634,1112.0,5.0,2.0,indep,0.0,adjusted row,2,0.19945621490478516,1.00035,791.419,0,6.676,118.54688436189335,3963.543560059988
senc,Brunswick OAK ISLAND 1,2,3,3.9870632591642634,1112.0,5.0,2.0,indep,0.0,adjusted table,2,0.43593311309814453,1.00414,524.394,0,10.66,49.19268292682927,1202.506768074906
senc,Brunswick OAK ISLAND 1,2,3,3.9870632591642634,1112.0,5.0,2.0,raked,0.0,position logit,2,0.2040998935699463,1.00501,573.187,0,7.444,76.9998656636217,2806.476667193536
senc,Brunswick OAK ISLAND 1,2,3,3.9870632591642634,1112.0,5.0,2.0,raked,0.0,odds-ratio logit,2,0.1950998306274414,1.00214,660.582,0,7.264,90.93915198237885,3383.642009520716
senc,Brunswick OAK ISLAND 1,2,3,3.9870632591642634,1112.0,5.0,2.0,raked,0.0,adjusted row,2,0.18258047103881836,1.0034,566.836,0,7.704,73.57684319833852,3102.5763019419464
senc,Brunswick OAK ISLAND 1,2,3,3.9870632591642634,1112.0,5.0,2.0,raked,0.0,adjusted table,2,0.34494566917419434,1.0043,633.365,0,6.348,99.7739445494644,1827.6911681769427
senc,Brunswick OAK ISLAND 1,2,3,3.9870632591642634,1112.0,5.0,2.0,national,2.500476584396322,position logit,2,0.18176770210266113,1.0085,759.746,0,6.344,119.75819672131146,4177.56067754339
senc,Brunswick OAK ISLAND 1,2,3,3.9870632591642634,1112.0,5.0,2.0,national,2.500476584396322,odds-ratio logit,2,0.17902112007141113,1.00008,851.078,0,6.262,135.91152986266368,4751.318522236701
senc,Brunswick OAK ISLAND 1,2,3,3.9870632591642634,1112.0,5.0,2.0,national,2.500476584396322,adjusted row,2,0.22069311141967773,1.00446,894.608,0,6.326,141.41764147960797,4051.9349713803167
senc,Brunswick OAK ISLAND 1,2,3,3.9870632591642634,1112.0,5.0,2.0,national,2.500476584396322,adjusted table,2,0.38576412200927734,1.0016,845.963,0,6.712,126.03739570917759,2192.359234077522
redistrict,district 2 precinct 4,2,3,0.38346719290807796,695.0,153.0,0.5,indep,0.0,position logit,1,0.1174919605255127,1.00127,833.304,0,6.436,129.47545059042884,7085.676318131965
redistrict,district 2 precinct 4,2,3,0.38346719290807796,695.0,153.0,0.5,indep,0.0,odds-ratio logit,1,0.15530967712402344,1.00087,978.485,0,6.498,150.582486919052,6294.2670749901845
redistrict,district 2 precinct 4,2,3,0.38346719290807796,695.0,153.0,0.5,indep,0.0,adjusted row,1,0.1681060791015625,1.0005,1141.06,0,6.108,186.81401440733464,6781.188352336246
redistrict,district 2 precinct 4,2,3,0.38346719290807796,695.0,153.0,0.5,indep,0.0,adjusted table,1,0.25331640243530273,1.00223,809.817,0,5.962,135.82975511573298,3194.763913990348
redistrict,district 2 precinct 4,2,3,0.38346719290807796,695.0,153.0,0.5,national,1.2210341336528165,position logit,1,0.14274835586547852,1.0021,994.244,0,5.944,167.2685060565276,6960.2572794894
redistrict,district 2 precinct 4,2,3,0.38346719290807796,695.0,153.0,0.5,national,1.2210341336528165,odds-ratio logit,1,0.17292428016662598,1.00111,1110.62,0,6.464,171.8162128712871,6417.138590462755
redistrict,district 2 precinct 4,2,3,0.38346719290807796,695.0,153.0,0.5,national,1.2210341336528165,adjusted row,1,0.2044391632080078,1.0019,887.269,0,5.95,149.12084033613445,4337.976059411365
redistrict,district 2 precinct 4,2,3,0.38346719290807796,695.0,153.0,0.5,national,1.2210341336528165,adjusted table,1,0.2584116458892822,1.00158,928.779,0,6.1,152.2588524590164,3592.821585453043
redistrict,district 2 precinct 4,2,3,0.38346719290807796,695.0,153.0,2.0,indep,0.0,position logit,1,0.1772007942199707,1.00607,384.011,0,8.588,44.714834653004196,2165.8742361612203
redistrict,district 2 precinct 4,2,3,0.38346719290807796,695.0,153.0,2.0,indep,0.0,odds-ratio logit,1,0.15781259536743164,1.00914,525.006,0,6.996,75.04373927958832,3322.8229452602986
redistrict,district 2 precinct 4,2,3,0.38346719290807796,695.0,153.0,2.0,indep,0.0,adjusted row,1,0.1744978427886963,0.999524,801.787,0,6.49,123.54191063174115,4590.37794018613
redistrict,district 2 precinct 4,2,3,0.38346719290807796,695.0,153.0,2.0,indep,0.0,adjusted table,1,0.39540624618530273,1.00218,704.997,0,6.698,105.25485219468497,1782.5377969069025
redistrict,district 2 precinct 4,2,3,0.38346719290807796,695.0,153.0,2.0,national,0.30525853341320414,position logit,1,0.2236180305480957,1.00406,417.597,0,7.42,56.27991913746631,1866.6487278307798
redistrict,district 2 precinct 4,2,3,0.38346719290807796,695.0,153.0,2.0,national,0.30525853341320414,odds-ratio logit,1,0.1431431770324707,1.0055,488.038,0,6.734,72.47371547371547,3406.8802945757334
redistrict,district 2 precinct 4,2,3,0.38346719290807796,695.0,153.0,2.0,national,0.30525853341320414,adjusted row,1,0.16563105583190918,1.00461,799.676,0,6.414,124.6766448394138,4825.090191968743
redistrict,district 2 precinct 4,2,3,0.38346719290807796,695.0,153.0,2.0,national,0.30525853341320414,adjusted table,1,0.3565256595611572,1.00131,606.794,0,6.824,88.92057444314185,1701.4683662837533
redistrict,district 3 precinct 47,2,3,1.1275779208363352,506.0,45.0,0.5,indep,0.0,position logit,1,0.11579418182373047,0.999493,1059.32,0,6.276,168.78903760356914,9140.546800743898
redistrict,district 3 precinct 47,2,3,1.1275779208363352,506.0,45.0,0.5,indep,0.0,odds-ratio logit,1,0.13240766525268555,1.00575,920.819,0,6.342,145.19378744875434,6949.318265197942
redistrict,district 3 precinct 47,2,3,1.1275779208363352,506.0,45.0,0.5,indep,0.0,adjusted row,1,0.14286088943481445,1.00533,814.038,0,6.272,129.7892219387755,5692.5494333864635
redistrict,district 3 precinct 47,2,3,1.1275779208363352,506.0,45.0,0.5,indep,0.0,adjusted table,1,0.2261030673980713,1.006,694.232,0,5.978,116.1311475409836,3069.018237680218
redistrict,district 3 precinct 47,2,3,1.1275779208363352,506.0,45.0,0.5,national,3.0725809945993308,position logit,1,0.12094950675964355,1.00712,979.017,0,6.014,162.78965746591288,8087.667722691311
redistrict,district 3 precinct 47,2,3,1.1275779208363352,506.0,45.0,0.5,national,3.0725809945993308,odds-ratio logit,1,0.1398143768310547,0.999287,1062.57,0,6.362,167.01823325998112,7594.358346491175
redistrict,district 3 precinct 47,2,3,1.1275779208363352,506.0,45.0,0.5,national,3.0725809945993308,adjusted row,1,0.17568612098693848,1.00108,908.028,0,5.992,151.54005340453938,5163.919396515396
redistrict,district 3 precinct 47,2,3,1.1275779208363352,506.0,45.0,0.5,national,3.0725809945993308,adjusted table,1,0.31656360626220703,1.00163,979.433,0,5.946,164.72132526067946,3092.4929103193263
redistrict,district 3 precinct 47,2,3,1.1275779208363352,506.0,45.0,2.0,indep,0.0,position logit,1,0.2072618007659912,1.00672,400.369,0,11.092,36.095293905517494,1930.1457873203208
redistrict,district 3 precinct 47,2,3,1.1275779208363352,506.0,45.0,2.0,indep,0.0,odds-ratio logit,1,0.19682049751281738,1.00075,632.427,0,10.604,59.640418709920795,3211.6298728928377
redistrict,district 3 precinct 47,2,3,1.1275779208363352,506.0,45.0,2.0,indep,0.0,adjusted row,1,0.17944812774658203,1.00342,825.894,0,6.362,129.81672430053442,4600.008907442106
redistrict,district 3 precinct 47,2,3,1.1275779208363352,506.0,45.0,2.0,indep,0.0,adjusted table,1,0.26971435546875,1.00059,768.946,0,6.452,119.17947923124613,2848.202369724849
redistrict,district 3 precinct 47,2,3,1.1275779208363352,506.0,45.0,2.0,national,0.7681452486498327,position logit,1,0.19538426399230957,1.00088,729.54,0,10.5,69.47999999999999,3731.2639349131905
redistrict,district 3 precinct 47,2,3,1.1275779208363352,506.0,45.0,2.0,national,0.7681452486498327,odds-ratio logit,1,0.17418122291564941,1.01834,344.371,0,6.44,53.47375776397515,1975.9837023158077
redistrict,district 3 precinct 47,2,3,1.1275779208363352,506.0,45.0,2.0,national,0.7681452486498327,adjusted row,1,0.1586780548095703,1.00375,885.756,0,6.236,142.03912764592687,5578.482576409024
redistrict,district 3 precinct 47,2,3,1.1275779208363352,506.0,45.0,2.0,national,0.7681452486498327,adjusted table,1,0.3325154781341553,1.00147,809.006,0,6.546,123.58783990223036,2431.822733990808
redistrict,district 3 precinct 126,2,3,1.8150249352095327,793.0,45.0,0.5,indep,0.0,position logit,1,0.16409969329833984,0.999394,1104.6,0,6.058,182.3374050841862,6722.308116343249
redistrict,district 3 precinct 126,2,3,1.8150249352095327,793.0,45.0,0.5,indep,0.0,odds-ratio logit,1,0.15470170974731445,1.00141,1101.99,0,6.424,171.5426525529265,7109.045594237806
redistrict,district 3 precinct 126,2,3,1.8150249352095327,793.0,45.0,0.5,indep,0.0,adjusted row,1,0.21565747261047363,0.999714,1161.95,0,6.278,185.08282892640972,5385.524916928102
redistrict,district 3 precinct 126,2,3,1.8150249352095327,793.0,45.0,0.5,indep,0.0,adjusted table,1,0.3585669994354248,1.00182,1198.2,0,6.22,192.63665594855306,3340.7397073271904
redistrict,district 3 precinct 126,2,3,1.8150249352095327,793.0,45.0,0.5,national,5.009963283984186,position logit,1,0.1743793487548828,1.00065,1020.94,0,6.194,164.82725217952859,5848.821429024116
redistrict,district 3 precinct 126,2,3,1.8150249352095327,793.0,45.0,0.5,national,5.009963283984186,odds-ratio logit,1,0.1941089630126953,1.00274,1137.6,0,5.806,195.93523940750944,5857.704706601617
redistrict,district 3 precinct 126,2,3,1.8150249352095327,793.0,45.0,0.5,national,5.009963283984186,adjusted row,1,0.13732671737670898,1.00148,952.077,0,6.016,158.2574800531915,6926.007377139825
redistrict,district 3 precinct 126,2,3,1.8150249352095327,793.0,45.0,0.5,national,5.009963283984186,adjusted table,1,0.2883131504058838,1.00094,1168.2,0,6.296,185.5463786531131,4049.8951798356
redistrict,district 3 precinct 126,2,3,1.8150249352095327,793.0,45.0,2.0,indep,0.0,position logit,1,0.1728229522705078,1.00028,766.081,0,6.302,121.56156775626786,4430.134568625396
redistrict,district 3 precinct 126,2,3,1.8150249352095327,793.0,45.0,2.0,indep,0.0,odds-ratio logit,1,0.1353132724761963,1.00093,903.39,0,6.284,143.76034373010822,6671.489173505554
redistrict,district 3 precinct 126,2,3,1.8150249352095327,793.0,45.0,2.0,indep,0.0,adjusted row,1,0.15642881393432617,1.00279,796.976,0,6.502,122.573977237773,5091.517778494673
redistrict,district 3 precinct 126,2,3,1.8150249352095327,793.0,45.0,2.0,indep,0.0,adjusted table,1,0.34363389015197754,1.00415,822.618,0,6.084,135.21005917159766,2393.0439891247656
redistrict,district 3 precinct 126,2,3,1.8150249352095327,793.0,45.0,2.0,national,1.2524908209960466,position logit,1,0.17240667343139648,0.999646,972.792,0,6.044,160.95168762409003,5639.307193892134
redistrict,district 3 precinct 126,2,3,1.8150249352095327,793.0,45.0,2.0,national,1.2524908209960466,odds-ratio logit,1,0.1553511619567871,1.00059,770.348,0,6.284,122.58879694462125,4955.543299497555
redistrict,district 3 precinct 126,2,3,1.8150249352095327,793.0,45.0,2.0,national,1.2524908209960466,adjusted row,1,0.15581464767456055,1.0019,1051.39,0,6.428,163.56409458618546,6742.064093933464
redistrict,district 3 precinct 126,2,3,1.8150249352095327,793.0,45.0,2.0,national,1.2524908209960466,adjusted table,1,0.4011850357055664,0.999966,821.04,0,6.412,128.04741110417967,2045.390691070214
redistrict,district 3 precinct 54,2,3,2.7236754685357356,670.0,16.0,0.5,indep,0.0,position logit,1,0.13712453842163086,1.00106,1036.62,0,6.364,162.88812067881835,7554.0364340926335
redistrict,district 3 precinct 54,2,3,2.7236754685357356,670.0,16.0,0.5,indep,0.0,odds-ratio logit,1,0.1074056625366211,1.00548,799.006,0,6.102,130.9416584726319,7432.21307444468
redistrict,district 3 precinct 54,2,3,2.7236754685357356,670.0,16.0,0.5,indep,0.0,adjusted row,1,0.17531991004943848,1.00201,1067.65,0,6.274,170.17054510678994,6086.455358686493
redistrict,district 3 precinct 54,2,3,2.7236754685357356,670.0,16.0,0.5,indep,0.0,adjusted table,1,0.2997128963470459,1.0014,1223.93,0,6.336,193.1707702020202,4081.295014167369
redistrict,district 3 precinct 54,2,3,2.7236754685357356,670.0,16.0,0.5,national,7.411620807933377,position logit,1,0.15075969696044922,1.00188,796.331,0,5.996,132.81037358238825,5277.038931944684
redistrict,district 3 precinct 54,2,3,2.7236754685357356,670.0,16.0,0.5,national,7.411620807933377,odds-ratio logit,1,0.11456942558288574,1.00452,1115.66,0,6.328,176.3053097345133,9728.760802015851
redistrict,district 3 precinct 54,2,3,2.7236754685357356,670.0,16.0,0.5,national,7.411620807933377,adjusted row,1,0.1465601921081543,0.99957,915.898,0,6.044,151.53838517538057,6244.562025332259
redistrict,district 3 precinct 54,2,3,2.7236754685357356,670.0,16.0,0.5,national,7.411620807933377,adjusted table,1,0.3554959297180176,1.0041,1093.79,0,6.356,172.08779106356198,3075.628724733948
redistrict,district 3 precinct 54,2,3,2.7236754685357356,670.0,16.0,2.0,indep,0.0,position logit,1,0.16985797882080078,1.00105,923.862,0,6.396,144.4437148217636,5434.357970358236
redistrict,district 3 precinct 54,2,3,2.7236754685357356,670.0,16.0,2.0,indep,0.0,odds-ratio logit,1,0.16227102279663086,0.999884,1003.16,0,6.468,155.09585652442794,6177.62841161892
redistrict,district 3 precinct 54,2,3,2.7236754685357356,670.0,16.0,2.0,indep,0.0,adjusted row,1,0.20212554931640625,1.00085,988.332,0,6.468,152.80333951762523,4887.27235323911
redistrict,district 3 precinct 54,2,3,2.7236754685357356,670.0,16.0,2.0,indep,0.0,adjusted table,1,0.26296329498291016,1.00116,865.925,0,6.446,134.3352466645982,3291.759248178497
redistrict,district 3 precinct 54,2,3,2.7236754685357356,670.0,16.0,2.0,national,1.8529052019833443,position logit,1,0.136152982711792,1.00195,833.537,0,6.264,133.06784802043424,6113.903935001548
redistrict,district 3 precinct 54,2,3,2.7236754685357356,670.0,16.0,2.0,national,1.8529052019833443,odds-ratio logit,1,0.16702699661254883,1.00507,1007.46,0,6.49,155.2326656394453,6026.085374199428
redistrict,district 3 precinct 54,2,3,2.7236754685357356,670.0,16.0,2.0,national,1.8529052019833443,adjusted row,1,0.24605989456176758,1.00092,696.268,0,6.316,110.23875870804308,2827.8658221607657
redistrict,district 3 precinct 54,2,3,2.7236754685357356,670.0,16.0,2.0,national,1.8529052019833443,adjusted table,1,0.3269078731536865,1.0019,768.08,0,6.194,124.00387471746852,2348.0354690005424
redistrict,district 3 precinct 21,2,3,3.551326595144997,759.0,10.0,0.5,indep,0.0,position logit,1,0.1345372200012207,1.0022,920.218,0,6.342,145.09902239041313,6834.886432617557
redistrict,district 3 precinct 21,2,3,3.551326595144997,759.0,10.0,0.5,indep,0.0,odds-ratio logit,1,0.132340669631958,0.999618,911.349,0,6.434,141.6457880012434,6879.086998477503
redistrict,district 3 precinct 21,2,3,3.551326595144997,759.0,10.0,0.5,indep,0.0,adjusted row,1,0.17019438743591309,1.0022,919.071,0,5.994,153.33183183183183,5394.865209769041
redistrict,district 3 precinct 21,2,3,3.551326595144997,759.0,10.0,0.5,indep,0.0,adjusted table,1,0.32138514518737793,1.00258,813.22,0,6.2,131.16451612903225,2529.1307099141213
redistrict,district 3 precinct 21,2,3,3.551326595144997,759.0,10.0,0.5,national,9.496894329139055,position logit,1,0.150526762008667,1.00375,1156.49,0,6.08,190.2121710526316,7675.136049417878
redistrict,district 3 precinct 21,2,3,3.551326595144997,759.0,10.0,0.5,national,9.496894329139055,odds-ratio logit,1,0.1676347255706787,0.999718,998.541,0,6.172,161.7856448476993,5953.108557662868
redistrict,district 3 precinct 21,2,3,3.551326595144997,759.0,10.0,0.5,national,9.496894329139055,adjusted row,1,0.15719890594482422,1.00272,972.88,0,6.282,154.867876472461,6184.963600857289
redistrict,district 3 precinct 21,2,3,3.551326595144997,759.0,10.0,0.5,national,9.496894329139055,adjusted table,1,0.2991929054260254,1.00201,991.563,0,5.856,169.32428278688525,3313.054170717718
redistrict,district 3 precinct 21,2,3,3.551326595144997,759.0,10.0,2.0,indep,0.0,position logit,1,0.1867372989654541,1.00358,799.326,0,6.546,122.10907424381301,4278.047822008756
redistrict,district 3 precinct 21,2,3,3.551326595144997,759.0,10.0,2.0,indep,0.0,odds-ratio logit,1,0.17076539993286133,1.00578,819.797,0,6.704,122.2847553699284,4796.026791931855
redistrict,district 3 precinct 21,2,3,3.551326595144997,759.0,10.0,2.0,indep,0.0,adjusted row,1,0.16799211502075195,1.00276,660.166,0,7.88,83.7774111675127,3927.3193831088797
redistrict,district 3 precinct 21,2,3,3.551326595144997,759.0,10.0,2.0,indep,0.0,adjusted table,1,0.25850534439086914,1.00333,740.974,0,6.556,113.02226967663209,2864.473070797284
redistrict,district 3 precinct 21,2,3,3.551326595144997,759.0,10.0,2.0,national,2.3742235822847637,position logit,1,0.1457045078277588,0.999864,1016.45,0,6.356,159.91976085588422,6971.473915311471
redistrict,district 3 precinct 21,2,3,3.551326595144997,759.0,10.0,2.0,national,2.3742235822847637,odds-ratio logit,1,0.1585988998413086,0.999433,1040.6,0,6.458,161.13347785692162,6546.542146866215
redistrict,district 3 precinct 21,2,3,3.551326595144997,759.0,10.0,2.0,national,2.3742235822847637,adjusted row,1,0.17121529579162598,1.00065,739.305,0,6.498,113.7742382271468,4315.328504378829
redistrict,district 3 precinct 21,2,3,3.551326595144997,759.0,10.0,2.0,national,2.3742235822847637,adjusted table,1,0.31292176246643066,1.00155,850.349,0,6.24,136.2738782051282,2716.0709985462495
redistrict,district 4 precinct 34,2,3,4.665511828679643,740.0,2.0,0.5,indep,0.0,position logit,1,0.18917036056518555,1.00093,1145.02,0,6.208,184.44265463917526,6049.4200266032485
redistrict,district 4 precinct 34,2,3,4.665511828679643,740.0,2.0,0.5,indep,0.0,odds-ratio logit,1,0.14505410194396973,1.00076,962.607,0,5.948,161.83708809683927,6631.952546079929
redistrict,district 4 precinct 34,2,3,4.665511828679643,740.0,2.0,0.5,indep,0.0,adjusted row,1,0.14048314094543457,1.00083,961.125,0,6.092,157.76838476690742,6832.882636301692
redistrict,district 4 precinct 34,2,3,4.665511828679643,740.0,2.0,0.5,indep,0.0,adjusted table,1,0.35059070587158203,1.00326,1113.3,0,6.402,173.8987816307404,3174.096864933354
redistrict,district 4 precinct 34,2,3,4.665511828679643,740.0,2.0,0.5,national,12.197249805631179,position logit,1,0.16554713249206543,1.00218,1023.07,0,6.1,167.71639344262297,6175.369413010817
redistrict,district 4 precinct 34,2,3,4.665511828679643,740.0,2.0,0.5,national,12.197249805631179,odds-ratio logit,1,0.13075613975524902,0.999995,1028.18,0,6.264,164.1411238825032,7857.408715976278
redistrict,district 4 precinct 34,2,3,4.665511828679643,740.0,2.0,0.5,national,12.197249805631179,adjusted row,1,0.16236591339111328,1.00155,893.245,0,6.26,142.6908945686901,5498.202374598628
redistrict,district 4 precinct 34,2,3,4.665511828679643,740.0,2.0,0.5,national,12.197249805631179,adjusted table,1,0.22348237037658691,1.00059,932.296,0,5.992,155.59012016021362,4159.7869455337695
redistrict,district 4 precinct 34,2,3,4.665511828679643,740.0,2.0,2.0,indep,0.0,position logit,1,0.1628267765045166,1.00407,517.581,0,7.732,66.94011898603208,3176.5681095685154
redistrict,district 4 precinct 34,2,3,4.665511828679643,740.0,2.0,2.0,indep,0.0,odds-ratio logit,1,0.14362239837646484,1.00008,647.948,0,6.856,94.50816802800466,4506.015980421968
redistrict,district 4 precinct 34,2,3,4.665511828679643,740.0,2.0,2.0,indep,0.0,adjusted row,1,0.17039012908935547,1.0072,662.343,0,6.322,104.7679531793736,3883.7746546866283
redistrict,district 4 precinct 34,2,3,4.665511828679643,740.0,2.0,2.0,indep,0.0,adjusted table,1,0.26927900314331055,1.00213,717.435,0,7.296,98.33264802631578,2663.288507893463
redistrict,district 4 precinct 34,2,3,4.665511828679643,740.0,2.0,2.0,national,3.0493124514077947,position logit,1,0.1376357078552246,1.0005,835.654,0,6.984,119.65263459335624,6064.043659228886
redistrict,district 4 precinct 34,2,3,4.665511828679643,740.0,2.0,2.0,national,3.0493124514077947,odds-ratio logit,1,0.19857168197631836,1.00043,872.466,0,6.36,137.18018867924528,4390.039461379183
redistrict,district 4 precinct 34,2,3,4.665511828679643,740.0,2.0,2.0,national,3.0493124514077947,adjusted row,1,0.15918397903442383,1.00316,684.884,0,6.336,108.09406565656565,4299.5381087198275
redistrict,district 4 precinct 34,2,3,4.665511828679643,740.0,2.0,2.0,national,3.0493124514077947,adjusted table,1,0.22628426551818848,0.999958,765.271,0,6.612,115.73971566848154,3380.4478889536003
redistrict,district 2 precinct 4,2,3,0.38346719290807796,695.0,153.0,0.5,indep,0.0,position logit,2,0.1672654151916504,0.998666,962.64,0,6.332,152.02779532533165,5751.917924662159
redistrict,district 2 precinct 4,2,3,0.38346719290807796,695.0,153.0,0.5,indep,0.0,odds-ratio logit,2,0.16766643524169922,1.00216,791.042,0,6.324,125.08570524984188,4715.081209381644
redistrict,district 2 precinct 4,2,3,0.38346719290807796,695.0,153.0,0.5,indep,0.0,adjusted row,2,0.1481189727783203,1.00067,1029.21,0,6.244,164.83183856502242,6944.143109439571
redistrict,district 2 precinct 4,2,3,0.38346719290807796,695.0,153.0,0.5,indep,0.0,adjusted table,2,0.2608530521392822,1.00082,916.303,0,6.15,148.99235772357721,3510.32691302672
redistrict,district 2 precinct 4,2,3,0.38346719290807796,695.0,153.0,0.5,national,1.2210341336528165,position logit,2,0.19369292259216309,0.9992,1150.67,0,6.38,180.35579937304075,5936.059539039237
redistrict,district 2 precinct 4,2,3,0.38346719290807796,695.0,153.0,0.5,national,1.2210341336528165,odds-ratio logit,2,0.19696569442749023,1.00039,987.612,0,6.216,158.88223938223936,5010.365781940236
redistrict,district 2 precinct 4,2,3,0.38346719290807796,695.0,153.0,0.5,national,1.2210341336528165,adjusted row,2,0.20674657821655273,0.999418,1053.38,0,6.076,173.36734693877554,5090.456965793601
redistrict,district 2 precinct 4,2,3,0.38346719290807796,695.0,153.0,0.5,national,1.2210341336528165,adjusted table,2,0.3009812831878662,1.00298,870.197,0,6.268,138.83168474792598,2887.7753040484085
redistrict,district 2 precinct 4,2,3,0.38346719290807796,695.0,153.0,2.0,indep,0.0,position logit,2,0.22362470626831055,1.00366,501.284,0,8.044,62.317752362008946,2238.7497365573595
redistrict,district 2 precinct 4,2,3,0.38346719290807796,695.0,153.0,2.0,indep,0.0,odds-ratio logit,2,0.20845603942871094,1.00273,648.974,0,6.824,95.10169988276671,3108.6762676802055
redistrict,district 2 precinct 4,2,3,0.38346719290807796,695.0,153.0,2.0,indep,0.0,adjusted row,2,0.26395559310913086,0.998721,838.778,0,6.612,126.85692679975801,3175.492396805453
redistrict,district 2 precinct 4,2,3,0.38346719290807796,695.0,153.0,2.0,indep,0.0,adjusted table,2,0.49484944343566895,1.00151,804.955,0,6.702,120.10668457176963,1626.141546879207
redistrict,district 2 precinct 4,2,3,0.38346719290807796,695.0,153.0,2.0,national,0.30525853341320414,position logit,2,0.2508280277252197,1.00265,612.456,0,11.496,53.275574112734866,2440.4538948472455
redistrict,district 2 precinct 4,2,3,0.38346719290807796,695.0,153.0,2.0,national,0.30525853341320414,odds-ratio logit,2,0.19467425346374512,1.00473,422.855,0,6.554,64.51861458651206,2170.3162235927557
redistrict,district 2 precinct 4,2,3,0.38346719290807796,695.0,153.0,2.0,national,0.30525853341320414,adjusted row,2,0.2503688335418701,0.999903,803.331,0,6.354,126.42917847025495,3206.1111549467855
redistrict,district 2 precinct 4,2,3,0.38346719290807796,695.0,153.0,2.0,national,0.30525853341320414,adjusted table,2,0.4724264144897461,1.00217,676.906,0,6.128,110.46116187989556,1432.5349150888082
redistrict,district 3 precinct 47,2,3,1.1275779208363352,506.0,45.0,0.5,indep,0.0,position logit,2,0.14594602584838867,1.00046,904.778,0,5.884,153.76920462270564,6193.452229386517
redistrict,district 3 precinct 47,2,3,1.1275779208363352,506.0,45.0,0.5,indep,0.0,odds-ratio logit,2,0.17306160926818848,1.00076,965.63,0,6.208,155.54606958762886,5570.740732642953
redistrict,district 3 precinct 47,2,3,1.1275779208363352,506.0,45.0,0.5,indep,0.0,adjusted row,2,0.18094944953918457,1.00172,1116.16,0,6.304,177.05583756345177,6165.005883358421
redistrict,district 3 precinct 47,2,3,1.1275779208363352,506.0,45.0,0.5,indep,0.0,adjusted table,2,0.32715535163879395,1.00005,1060.91,0,6.44,164.73757763975155,3241.8661958126127
redistrict,district 3 precinct 47,2,3,1.1275779208363352,506.0,45.0,0.5,national,3.0725809945993308,position logit,2,0.13132762908935547,1.00442,939.216,0,6.068,154.78180619644036,7145.915507830951
redistrict,district 3 precinct 47,2,3,1.1275779208363352,506.0,45.0,0.5,national,3.0725809945993308,odds-ratio logit,2,0.19034028053283691,1.00224,825.056,0,6.148,134.19908913467796,4329.246641317389
redistrict,district 3 precinct 47,2,3,1.1275779208363352,506.0,45.0,0.5,national,3.0725809945993308,adjusted row,2,0.22381901741027832,1.00141,959.704,0,6.192,154.9909560723514,4284.90865661143
redistrict,district 3 precinct 47,2,3,1.1275779208363352,506.0,45.0,0.5,national,3.0725809945993308,adjusted table,2,0.37944531440734863,0.999861,1003.36,0,6.104,164.37745740498033,2643.5915668335924
redistrict,district 3 precinct 47,2,3,1.1275779208363352,506.0,45.0,2.0,indep,0.0,position logit,2,0.23400330543518066,1.00652,404.857,0,7.246,55.87317140491306,1728.909415958036
redistrict,district 3 precinct 47,2,3,1.1275779208363352,506.0,45.0,2.0,indep,0.0,odds-ratio logit,2,0.18662691116333008,0.999616,679.684,1,6.627,102.56284895126,3639.4060115483553
redistrict,district 3 precinct 47,2,3,1.1275779208363352,506.0,45.0,2.0,indep,0.0,adjusted row,2,0.2303180694580078,1.00315,753.6,0,6.352,118.63979848866498,3270.12487820422
redistrict,district 3 precinct 47,2,3,1.1275779208363352,506.0,45.0,2.0,indep,0.0,adjusted table,2,0.39159655570983887,1.00072,876.658,0,6.548,133.88179596823457,2238.1273326637765
redistrict,district 3 precinct 47,2,3,1.1275779208363352,506.0,45.0,2.0,national,0.7681452486498327,position logit,2,0.19880080223083496,1.00416,571.474,0,10.696,53.428758414360516,2872.139836457384
redistrict,district 3 precinct 47,2,3,1.1275779208363352,506.0,45.0,2.0,national,0.7681452486498327,odds-ratio logit,2,0.1909196376800537,1.00651,549.092,0,7.768,70.68640576725026,2873.428602758321
redistrict,district 3 precinct 47,2,3,1.1275779208363352,506.0,45.0,2.0,national,0.7681452486498327,adjusted row,2,0.1616666316986084,1.00146,804.899,0,6.384,126.08067042606515,4975.470534401726
redistrict,district 3 precinct 47,2,3,1.1275779208363352,506.0,45.0,2.0,national,0.7681452486498327,adjusted table,2,0.2547438144683838,1.0028,886.228,0,6.23,142.2516853932584,3477.0115656679322
redistrict,district 3 precinct 126,2,3,1.8150249352095327,793.0,45.0,0.5,indep,0.0,position logit,2,0.1515491008758545,1.00197,1327.64,0,6.192,214.4121447028424,8751.800743329897
redistrict,district 3 precinct 126,2,3,1.8150249352095327,793.0,45.0,0.5,indep,0.0,odds-ratio logit,2,0.12193584442138672,1.00086,1188.0,0,6.218,191.05821807655195,9730.138569779907
redistrict,district 3 precinct 126,2,3,1.8150249352095327,793.0,45.0,0.5,indep,0.0,adjusted row,2,0.16462278366088867,1.00249,794.313,0,6.208,127.94990335051546,4822.164702032593
redistrict,district 3 precinct 126,2,3,1.8150249352095327,793.0,45.0,0.5,indep,0.0,adjusted table,2,0.26400089263916016,1.00023,984.828,0,6.196,158.9457714654616,3729.032567075169
redistrict,district 3 precinct 126,2,3,1.8150249352095327,793.0,45.0,0.5,national,5.009963283984186,position logit,2,0.12002158164978027,1.0032,1173.17,0,6.084,192.82873109796188,9760.485469613479
redistrict,district 3 precinct 126,2,3,1.8150249352095327,793.0,45.0,0.5,national,5.009963283984186,odds-ratio logit,2,0.16944313049316406,1.00014,1135.22,0,6.17,183.9902755267423,6690.945940612147
redistrict,district 3 precinct 126,2,3,1.8150249352095327,793.0,45.0,0.5,national,5.009963283984186,adjusted row,2,0.19603705406188965,1.00133,1081.65,0,5.916,182.8346855983773,5513.515815979924
redistrict,district 3 precinct 126,2,3,1.8150249352095327,793.0,45.0,0.5,national,5.009963283984186,adjusted table,2,0.3823363780975342,1.00202,1029.78,0,6.264,164.3965517241379,2692.5815001542906
redistrict,district 3 precinct 126,2,3,1.8150249352095327,793.0,45.0,2.0,indep,0.0,position logit,2,0.12868666648864746,1.00099,827.896,0,6.536,126.6670746634027,6425.8174732767075
redistrict,district 3 precinct 126,2,3,1.8150249352095327,793.0,45.0,2.0,indep,0.0,odds-ratio logit,2,0.13714885711669922,1.00698,709.372,0,5.962,118.98222073129821,5166.637407423872
redistrict,district 3 precinct 126,2,3,1.8150249352095327,793.0,45.0,2.0,indep,0.0,adjusted row,2,0.16506266593933105,1.00225,713.286,0,5.684,125.49014778325122,4317.52506092832
redistrict,district 3 precinct 126,2,3,1.8150249352095327,793.0,45.0,2.0,indep,0.0,adjusted table,2,0.2991371154785156,1.00078,674.015,0,6.29,107.15659777424483,2252.19227247234
redistrict,district 3 precinct 126,2,3,1.8150249352095327,793.0,45.0,2.0,national,1.2524908209960466,position logit,2,0.19664835929870605,1.00134,875.216,0,6.224,140.61953727506426,4448.470049640698
redistrict,district 3 precinct 126,2,3,1.8150249352095327,793.0,45.0,2.0,national,1.2524908209960466,odds-ratio logit,2,0.15648722648620605,1.00145,937.907,0,5.788,162.04336558396682,5989.645027281669
redistrict,district 3 precinct 126,2,3,1.8150249352095327,793.0,45.0,2.0,national,1.2524908209960466,adjusted row,2,0.229111909866333,1.00009,996.72,0,6.43,155.0108864696734,4347.2190617058
redistrict,district 3 precinct 126,2,3,1.8150249352095327,793.0,45.0,2.0,national,1.2524908209960466,adjusted table,2,0.39806246757507324,1.00168,897.657,0,6.048,148.422123015873,2254.318985938971
redistrict,district 3 precinct 54,2,3,2.7236754685357356,670.0,16.0,0.5,indep,0.0,position logit,2,0.13345098495483398,1.00039,1071.7,0,6.186,173.2460394439056,8019.20239771361
redistrict,district 3 precinct 54,2,3,2.7236754685357356,670.0,16.0,0.5,indep,0.0,odds-ratio logit,2,0.14335107803344727,1.00445,930.976,0,6.174,150.78976352445738,6489.3586595559755
redistrict,district 3 precinct 54,2,3,2.7236754685357356,670.0,16.0,0.5,indep,0.0,adjusted row,2,0.15556120872497559,1.00002,1140.52,0,6.384,178.65288220551378,7326.59479183546
redistrict,district 3 precinct 54,2,3,2.7236754685357356,670.0,16.0,0.5,indep,0.0,adjusted table,2,0.2672755718231201,1.00037,1174.46,0,6.244,188.09417040358747,4392.416393077769
redistrict,district 3 precinct 54,2,3,2.7236754685357356,670.0,16.0,0.5,national,7.411620807933377,position logit,2,0.17177057266235352,1.00175,991.648,0,5.86,169.22320819112628,5768.356109828722
redistrict,district 3 precinct 54,2,3,2.7236754685357356,670.0,16.0,0.5,national,7.411620807933377,odds-ratio logit,2,0.15932226181030273,1.00315,1076.74,0,6.37,169.03296703296704,6746.177994449108
redistrict,district 3 precinct 54,2,3,2.7236754685357356,670.0,16.0,0.5,national,7.411620807933377,adjusted row,2,0.17897248268127441,1.00066,916.307,0,6.146,149.0899772209567,5116.882682543909
redistrict,district 3 precinct 54,2,3,2.7236754685357356,670.0,16.0,0.5,national,7.411620807933377,adjusted table,2,0.3704874515533447,1.00319,1062.62,0,6.432,165.20833333333331,2866.958865400053
redistrict,district 3 precinct 54,2,3,2.7236754685357356,670.0,16.0,2.0,indep,0.0,position logit,2,0.12456917762756348,1.00151,809.931,0,6.386,126.82915753210148,6494.2998859161635
redistrict,district 3 precinct 54,2,3,2.7236754685357356,670.0,16.0,2.0,indep,0.0,odds-ratio logit,2,0.15273547172546387,0.999824,844.732,0,6.576,128.45681265206812,5524.0295023285325
redistrict,district 3 precinct 54,2,3,2.7236754685357356,670.0,16.0,2.0,indep,0.0,adjusted row,2,0.24030780792236328,1.0036,727.978,0,5.934,122.67913717559824,3027.4761165157897
redistrict,district 3 precinct 54,2,3,2.7236754685357356,670.0,16.0,2.0,indep,0.0,adjusted table,2,0.38495945930480957,1.00126,936.586,0,6.42,145.88566978193145,2432.2948269387707
redistrict,district 3 precinct 54,2,3,2.7236754685357356,670.0,16.0,2.0,national,1.8529052019833443,position logit,2,0.15636730194091797,1.00213,971.847,0,6.148,158.0753090435914,6211.253031536089
redistrict,district 3 precinct 54,2,3,2.7236754685357356,670.0,16.0,2.0,national,1.8529052019833443,odds-ratio logit,2,0.13823604583740234,1.00478,805.089,0,6.312,127.54895437262358,5815.340603779434
redistrict,district 3 precinct 54,2,3,2.7236754685357356,670.0,16.0,2.0,national,1.8529052019833443,adjusted row,2,0.2369241714477539,1.00431,915.943,0,6.562,139.58290155440415,3863.794061380297
redistrict,district 3 precinct 54,2,3,2.7236754685357356,670.0,16.0,2.0,national,1.8529052019833443,adjusted table,2,0.25188660621643066,1.00146,1020.96,0,6.326,161.39108441353147,4051.415569667199
redistrict,district 3 precinct 21,2,3,3.551326595144997,759.0,10.0,0.5,indep,0.0,position logit,2,0.14398765563964844,1.00208,804.285,0,6.536,123.0546205630355,5577.387321299257
redistrict,district 3 precinct 21,2,3,3.551326595144997,759.0,10.0,0.5,indep,0.0,odds-ratio logit,2,0.12277340888977051,1.00183,950.636,0,6.558,144.95821896919793,7736.611937606597
redistrict,district 3 precinct 21,2,3,3.551326595144997,759.0,10.0,0.5,indep,0.0,adjusted row,2,0.17686963081359863,1.00062,639.488,0,6.342,100.83380637023022,3613.4804969997767
redistrict,district 3 precinct 21,2,3,3.551326595144997,759.0,10.0,0.5,indep,0.0,adjusted table,2,0.24948859214782715,1.00158,1004.4,0,6.16,163.05194805194805,4024.258638704445
redistrict,district 3 precinct 21,2,3,3.551326595144997,759.0,10.0,0.5,national,9.496894329139055,position logit,2,0.13620686531066895,1.00174,1090.19,0,5.684,191.79978888106967,7997.572838615682
redistrict,district 3 precinct 21,2,3,3.551326595144997,759.0,10.0,0.5,national,9.496894329139055,odds-ratio logit,2,0.17127323150634766,1.00095,1199.88,0,6.508,184.37000614628153,7001.467003412628
redistrict,district 3 precinct 21,2,3,3.551326595144997,759.0,10.0,0.5,national,9.496894329139055,adjusted row,2,0.18777227401733398,1.00414,1008.98,0,6.016,167.71609042553192,5370.600630872552
redistrict,district 3 precinct 21,2,3,3.551326595144997,759.0,10.0,0.5,national,9.496894329139055,adjusted table,2,0.3393878936767578,0.999781,1123.89,0,6.44,174.51708074534162,3310.5182516800373
redistrict,district 3 precinct 21,2,3,3.551326595144997,759.0,10.0,2.0,indep,0.0,position logit,2,0.15191030502319336,1.00324,690.53,0,6.648,103.87033694344164,4540.917814120263
redistrict,district 3 precinct 21,2,3,3.551326595144997,759.0,10.0,2.0,indep,0.0,odds-ratio logit,2,0.15798544883728027,1.00189,764.349,0,6.592,115.95100121359225,4833.706100943699
redistrict,district 3 precinct 21,2,3,3.551326595144997,759.0,10.0,2.0,indep,0.0,adjusted row,2,0.1575486660003662,1.00077,812.061,0,6.56,123.78978658536586,5151.239856480432
redistrict,district 3 precinct 21,2,3,3.551326595144997,759.0,10.0,2.0,indep,0.0,adjusted table,2,0.3323631286621094,1.00051,760.547,0,6.732,112.97489601901367,2287.2890055404623
redistrict,district 3 precinct 21,2,3,3.551326595144997,759.0,10.0,2.0,national,2.3742235822847637,position logit,2,0.14026856422424316,1.0034,859.037,0,6.438,133.4322771046909,6118.479296782717
redistrict,district 3 precinct 21,2,3,3.551326595144997,759.0,10.0,2.0,national,2.3742235822847637,odds-ratio logit,2,0.1495981216430664,1.00232,823.818,0,6.36,129.5311320754717,5501.06130912576
redistrict,district 3 precinct 21,2,3,3.551326595144997,759.0,10.0,2.0,national,2.3742235822847637,adjusted row,2,0.20078563690185547,0.999473,906.071,0,6.166,146.94631852092118,4504.808123563034
redistrict,district 3 precinct 21,2,3,3.551326595144997,759.0,10.0,2.0,national,2.3742235822847637,adjusted table,2,0.2852752208709717,1.0051,427.339,0,5.888,72.57795516304348,1497.4503572430513
redistrict,district 4 precinct 34,2,3,4.665511828679643,740.0,2.0,0.5,indep,0.0,position logit,2,0.17874932289123535,1.0031,1114.51,0,6.008,185.504327563249,6228.008557481187
redistrict,district 4 precinct 34,2,3,4.665511828679643,740.0,2.0,0.5,indep,0.0,odds-ratio logit,2,0.1396479606628418,0.999573,1019.1,0,6.096,167.1751968503937,7292.096003384678
redistrict,district 4 precinct 34,2,3,4.665511828679643,740.0,2.0,0.5,indep,0.0,adjusted row,2,0.16286444664001465,1.00359,956.88,0,6.222,153.7897782063645,5871.670923782089
redistrict,district 4 precinct 34,2,3,4.665511828679643,740.0,2.0,0.5,indep,0.0,adjusted table,2,0.3141298294067383,1.00199,968.893,0,6.062,159.83058396568788,3082.8783816888867
redistrict,district 4 precinct 34,2,3,4.665511828679643,740.0,2.0,0.5,national,12.197249805631179,position logit,2,0.18181204795837402,1.00089,1276.19,0,6.352,200.91152392947103,7011.6410163923265
redistrict,district 4 precinct 34,2,3,4.665511828679643,740.0,2.0,0.5,national,12.197249805631179,odds-ratio logit,2,0.12269115447998047,1.00398,978.799,0,6.22,157.36318327974277,7971.5043890587895
redistrict,district 4 precinct 34,2,3,4.665511828679643,740.0,2.0,0.5,national,12.197249805631179,adjusted row,2,0.19749712944030762,1.00117,929.768,0,6.172,150.64290343486715,4703.2463592202685
redistrict,district 4 precinct 34,2,3,4.665511828679643,740.0,2.0,0.5,national,12.197249805631179,adjusted table,2,0.2611806392669678,1.00062,1067.58,0,6.328,168.70733249051833,4085.967942212967
redistrict,district 4 precinct 34,2,3,4.665511828679643,740.0,2.0,2.0,indep,0.0,position logit,2,0.20166945457458496,1.00292,764.116,0,6.696,114.1152927120669,3787.1571935755273
redistrict,district 4 precinct 34,2,3,4.665511828679643,740.0,2.0,2.0,indep,0.0,odds-ratio logit,2,0.192490816116333,1.0025,637.799,0,7.606,83.85471995792795,3311.6317695259695
redistrict,district 4 precinct 34,2,3,4.665511828679643,740.0,2.0,2.0,indep,0.0,adjusted row,2,0.26003313064575195,1.003,843.183,0,6.872,122.6983410942957,3240.2780454354297
redistrict,district 4 precinct 34,2,3,4.665511828679643,740.0,2.0,2.0,indep,0.0,adjusted table,2,0.3628702163696289,1.00159,763.486,0,7.308,104.47263273125343,2103.208304184687
redistrict,district 4 precinct 34,2,3,4.665511828679643,740.0,2.0,2.0,national,3.0493124514077947,position logit,2,0.19261813163757324,0.999782,842.083,0,6.422,131.12472749922142,4368.281413195307
redistrict,district 4 precinct 34,2,3,4.665511828679643,740.0,2.0,2.0,national,3.0493124514077947,odds-ratio logit,2,0.13565993309020996,1.00098,924.272,0,6.708,137.78652355396542,6808.283977843577
redistrict,district 4 precinct 34,2,3,4.665511828679643,740.0,2.0,2.0,national,3.0493124514077947,adjusted row,2,0.18644952774047852,1.00189,1020.62,0,6.65,153.4766917293233,5471.127302248244
redistrict,district 4 precinct 34,2,3,4.665511828679643,740.0,2.0,2.0,national,3.0493124514077947,adjusted table,2,0.30115222930908203,1.00033,791.098,0,6.752,117.16498815165876,2624.97963355247
